Parameter_ID,Name
meloniromance_concept_1,-abilem
meloniromance_concept_2,-aceum
meloniromance_concept_3,-alem
meloniromance_concept_4,-anum
meloniromance_concept_5,-archam
meloniromance_concept_6,-archiam
meloniromance_concept_7,-arium
meloniromance_concept_8,-aticum
meloniromance_concept_9,-atum
meloniromance_concept_10,-cidam
meloniromance_concept_11,-cidium
meloniromance_concept_12,-colam
meloniromance_concept_13,-ellum
meloniromance_concept_14,-ensem
meloniromance_concept_15,-entum
meloniromance_concept_16,-escere
meloniromance_concept_17,-ettum
meloniromance_concept_18,-etum
meloniromance_concept_19,-eum
meloniromance_concept_20,-ficium
meloniromance_concept_21,-formem
meloniromance_concept_22,-ibilem
meloniromance_concept_23,-icum
meloniromance_concept_24,-ificium
meloniromance_concept_25,-ificare
meloniromance_concept_26,-ilem
meloniromance_concept_27,-illum
meloniromance_concept_28,-inum
meloniromance_concept_29,-ionem
meloniromance_concept_30,-iscum
meloniromance_concept_31,-issimum
meloniromance_concept_32,-istam
meloniromance_concept_33,-itatem
meloniromance_concept_34,-iten
meloniromance_concept_35,-itiam
meloniromance_concept_36,-ivum
meloniromance_concept_37,-mentum
meloniromance_concept_38,-olum
meloniromance_concept_39,-orem
meloniromance_concept_40,-osum
meloniromance_concept_41,-tatem
meloniromance_concept_42,-tionem
meloniromance_concept_43,-torem
meloniromance_concept_44,-torium
meloniromance_concept_45,-tricem
meloniromance_concept_46,-tudinem
meloniromance_concept_47,-turam
meloniromance_concept_48,-ulum
meloniromance_concept_49,-um
meloniromance_concept_50,-vorum
meloniromance_concept_51,abacinare
meloniromance_concept_52,abactorem
meloniromance_concept_53,abaculum
meloniromance_concept_54,abalienationem
meloniromance_concept_55,abalienare
meloniromance_concept_56,abalietatem
meloniromance_concept_57,abbatiam
meloniromance_concept_58,abbatialem
meloniromance_concept_59,abbreviationem
meloniromance_concept_60,abbreviare
meloniromance_concept_61,abcisionem
meloniromance_concept_62,abdomen
meloniromance_concept_63,abducere
meloniromance_concept_64,abductionem
meloniromance_concept_65,abecedarium
meloniromance_concept_66,abellanam
meloniromance_concept_67,aberrare
meloniromance_concept_68,abhorrere
meloniromance_concept_69,abicere
meloniromance_concept_70,abiectionem
meloniromance_concept_71,abietem
meloniromance_concept_72,abigeatum
meloniromance_concept_73,abigeum
meloniromance_concept_74,abiudicare
meloniromance_concept_75,abiungere
meloniromance_concept_76,abiurationem
meloniromance_concept_77,abiurgare
meloniromance_concept_78,abiurare
meloniromance_concept_79,ablactationem
meloniromance_concept_80,ablactare
meloniromance_concept_81,ablaqueationem
meloniromance_concept_82,ablatorem
meloniromance_concept_83,ablegationem
meloniromance_concept_84,ablegare
meloniromance_concept_85,ablepsiam
meloniromance_concept_86,abluere
meloniromance_concept_87,ablutorem
meloniromance_concept_88,abnegare
meloniromance_concept_89,abnormem
meloniromance_concept_90,abnuere
meloniromance_concept_91,abolitionem
meloniromance_concept_92,abomasum
meloniromance_concept_93,abominationem
meloniromance_concept_94,abominare
meloniromance_concept_95,abominari
meloniromance_concept_96,abradere
meloniromance_concept_97,abrenuntiationem
meloniromance_concept_98,abrogationem
meloniromance_concept_99,abrogare
meloniromance_concept_100,abrotonum
meloniromance_concept_101,abrumpere
meloniromance_concept_102,abruptionem
meloniromance_concept_103,abscindere
meloniromance_concept_104,abscissam
meloniromance_concept_105,abscondere
meloniromance_concept_106,absconsum
meloniromance_concept_107,absentare
meloniromance_concept_108,absolutionem
meloniromance_concept_109,absolvere
meloniromance_concept_110,absorptionem
meloniromance_concept_111,abstemium
meloniromance_concept_112,abstergere
meloniromance_concept_113,abstinere
meloniromance_concept_114,abstrahere
meloniromance_concept_115,abstrudere
meloniromance_concept_116,abstrusionem
meloniromance_concept_117,abstrusum
meloniromance_concept_118,absurditatem
meloniromance_concept_119,abundantissimum
meloniromance_concept_120,abusionem
meloniromance_concept_121,abusivum
meloniromance_concept_122,abuti
meloniromance_concept_123,abyssum
meloniromance_concept_124,academiam
meloniromance_concept_125,acanthum
meloniromance_concept_126,acatalepsiam
meloniromance_concept_127,accapitare
meloniromance_concept_128,accedere
meloniromance_concept_129,acceleratorium
meloniromance_concept_130,accendere
meloniromance_concept_131,accentum
meloniromance_concept_132,acceptionem
meloniromance_concept_133,accessionem
meloniromance_concept_134,accessorium
meloniromance_concept_135,accessum
meloniromance_concept_136,accidentem
meloniromance_concept_137,accidentiam
meloniromance_concept_138,accipere
meloniromance_concept_139,asturem
meloniromance_concept_140,acclarare
meloniromance_concept_141,acclinem
meloniromance_concept_142,acclivitatem
meloniromance_concept_143,accommodationem
meloniromance_concept_144,acconciliare
meloniromance_concept_145,accrescere
meloniromance_concept_146,accretionem
meloniromance_concept_147,accubitum
meloniromance_concept_148,accumulationem
meloniromance_concept_149,accurare
meloniromance_concept_150,accurrere
meloniromance_concept_151,accusabilem
meloniromance_concept_152,accusantem
meloniromance_concept_153,accusationem
meloniromance_concept_154,accusatorem
meloniromance_concept_155,accusatorium
meloniromance_concept_156,accusatricem
meloniromance_concept_157,accusare
meloniromance_concept_158,acediam
meloniromance_concept_159,acephalum
meloniromance_concept_160,acrem
meloniromance_concept_161,acerbitatem
meloniromance_concept_162,acerbum
meloniromance_concept_163,acerniam
meloniromance_concept_164,acervationem
meloniromance_concept_165,acervare
meloniromance_concept_166,acervum
meloniromance_concept_167,acetabulum
meloniromance_concept_168,acetum
meloniromance_concept_169,achaten
meloniromance_concept_170,aciam
meloniromance_concept_171,aciculam
meloniromance_concept_172,aciditatem
meloniromance_concept_173,aciem
meloniromance_concept_174,acinum
meloniromance_concept_175,aconitum
meloniromance_concept_176,accviescere
meloniromance_concept_177,accvirere
meloniromance_concept_178,accvisitionem
meloniromance_concept_179,acrimoniam
meloniromance_concept_180,acritatem
meloniromance_concept_181,acritudinem
meloniromance_concept_182,acroama
meloniromance_concept_183,acta
meloniromance_concept_184,actaeam
meloniromance_concept_185,activum
meloniromance_concept_186,actorem
meloniromance_concept_187,actricem
meloniromance_concept_188,actualem
meloniromance_concept_189,actuarium
meloniromance_concept_190,actuare
meloniromance_concept_191,actum
meloniromance_concept_192,acuarium
meloniromance_concept_193,aculeum
meloniromance_concept_194,acumen
meloniromance_concept_195,acuminare
meloniromance_concept_196,acum
meloniromance_concept_197,adaequationem
meloniromance_concept_198,adaequare
meloniromance_concept_199,adamantem
meloniromance_concept_200,adamare
meloniromance_concept_201,adaugere
meloniromance_concept_202,addecimare
meloniromance_concept_203,addicere
meloniromance_concept_204,addictionem
meloniromance_concept_205,addictum
meloniromance_concept_206,additamentum
meloniromance_concept_207,additionem
meloniromance_concept_208,addere
meloniromance_concept_209,addormire
meloniromance_concept_210,addormiscere
meloniromance_concept_211,adire
meloniromance_concept_212,adespoton
meloniromance_concept_213,adiacere
meloniromance_concept_214,adiantum
meloniromance_concept_215,adipem
meloniromance_concept_216,aditum
meloniromance_concept_217,adiudicationem
meloniromance_concept_218,adiudicare
meloniromance_concept_219,adiunctionem
meloniromance_concept_220,adiunctum
meloniromance_concept_221,adiungere
meloniromance_concept_222,adiurationem
meloniromance_concept_223,adiuratorem
meloniromance_concept_224,adiurare
meloniromance_concept_225,adiutorium
meloniromance_concept_226,adiuvare
meloniromance_concept_227,adminiculum
meloniromance_concept_228,administrare
meloniromance_concept_229,admirabilem
meloniromance_concept_230,admirabilitatem
meloniromance_concept_231,admiratorem
meloniromance_concept_232,admissorem
meloniromance_concept_233,admonere
meloniromance_concept_234,admonitionem
meloniromance_concept_235,adnodare
meloniromance_concept_236,adnuere
meloniromance_concept_237,adolere
meloniromance_concept_238,adolescere
meloniromance_concept_239,adorationem
meloniromance_concept_240,adornare
meloniromance_concept_241,adorare
meloniromance_concept_242,adulationem
meloniromance_concept_243,adulatorem
meloniromance_concept_244,adulescentiam
meloniromance_concept_245,adulari
meloniromance_concept_246,adulterum
meloniromance_concept_247,adulterinum
meloniromance_concept_248,adulterare
meloniromance_concept_249,adumbrare
meloniromance_concept_250,adunationem
meloniromance_concept_251,aduncum
meloniromance_concept_252,adunare
meloniromance_concept_253,adurere
meloniromance_concept_254,advectionem
meloniromance_concept_255,advenam
meloniromance_concept_256,advenire
meloniromance_concept_257,adverbialem
meloniromance_concept_258,adversionem
meloniromance_concept_259,adversari
meloniromance_concept_260,advertentiam
meloniromance_concept_261,advertere
meloniromance_concept_262,advocationem
meloniromance_concept_263,advocare
meloniromance_concept_264,advolvere
meloniromance_concept_265,adytum
meloniromance_concept_266,aediculam
meloniromance_concept_267,aedificationem
meloniromance_concept_268,aedificare
meloniromance_concept_269,aedilem
meloniromance_concept_270,aedilitatem
meloniromance_concept_271,aegrum
meloniromance_concept_272,aegyptiacum
meloniromance_concept_273,aegyptium
meloniromance_concept_274,aemulatorem
meloniromance_concept_275,aemulatricem
meloniromance_concept_276,aemulum
meloniromance_concept_277,aeneum
meloniromance_concept_278,aequabilitatem
meloniromance_concept_279,aequalitatem
meloniromance_concept_280,aequanimem
meloniromance_concept_281,aequanimitatem
meloniromance_concept_282,aequatorialem
meloniromance_concept_283,aequilibrium
meloniromance_concept_284,aequiparare
meloniromance_concept_285,aequiperare
meloniromance_concept_286,aequisonum
meloniromance_concept_287,aequivalentiam
meloniromance_concept_288,aequivalere
meloniromance_concept_289,aequivocationem
meloniromance_concept_290,aequivocare
meloniromance_concept_291,aequoreum
meloniromance_concept_292,aequum
meloniromance_concept_293,aeram
meloniromance_concept_294,aerarium
meloniromance_concept_295,aereum
meloniromance_concept_296,aerium
meloniromance_concept_297,aeromantiam
meloniromance_concept_298,aerosum
meloniromance_concept_299,aeruginosum
meloniromance_concept_300,aeruginem
meloniromance_concept_301,aesculum
meloniromance_concept_302,aestatem
meloniromance_concept_303,aestimabilem
meloniromance_concept_304,aestimationem
meloniromance_concept_305,aestimativatem
meloniromance_concept_306,aestivum
meloniromance_concept_307,aetatem
meloniromance_concept_308,aetherem
meloniromance_concept_309,aetherium
meloniromance_concept_310,aevum
meloniromance_concept_311,affectionem
meloniromance_concept_312,affectum
meloniromance_concept_313,affidentiare
meloniromance_concept_314,affirmationem
meloniromance_concept_315,affirmare
meloniromance_concept_316,afflictionem
meloniromance_concept_317,affligere
meloniromance_concept_318,afflare
meloniromance_concept_319,affluentiam
meloniromance_concept_320,affluere
meloniromance_concept_321,africum
meloniromance_concept_322,agapen
meloniromance_concept_323,agaricum
meloniromance_concept_324,agrum
meloniromance_concept_325,aggerem
meloniromance_concept_326,agglomerare
meloniromance_concept_327,agglutinare
meloniromance_concept_328,aggravare
meloniromance_concept_329,aggredi
meloniromance_concept_330,aggregationem
meloniromance_concept_331,aggregare
meloniromance_concept_332,agilitatem
meloniromance_concept_333,aginam
meloniromance_concept_334,agitatorem
meloniromance_concept_335,agitare
meloniromance_concept_336,agnationem
meloniromance_concept_337,agnatum
meloniromance_concept_338,agnellam
meloniromance_concept_339,agnellum
meloniromance_concept_340,agninum
meloniromance_concept_341,agnitionem
meloniromance_concept_342,agnomentum
meloniromance_concept_343,agnum
meloniromance_concept_344,agere
meloniromance_concept_345,agoram
meloniromance_concept_346,agrarium
meloniromance_concept_347,agrellum
meloniromance_concept_348,agrestem
meloniromance_concept_349,agrimensorem
meloniromance_concept_350,alabastrum
meloniromance_concept_351,alacrem
meloniromance_concept_352,alacritatem
meloniromance_concept_353,alapam
meloniromance_concept_354,alatum
meloniromance_concept_355,alaudam
meloniromance_concept_356,alausam
meloniromance_concept_357,albarium
meloniromance_concept_358,albescere
meloniromance_concept_359,albuginem
meloniromance_concept_360,albumen
meloniromance_concept_361,alburnum
meloniromance_concept_362,alcedinem
meloniromance_concept_363,alcem
meloniromance_concept_364,alcyonem
meloniromance_concept_365,aleam
meloniromance_concept_366,algorem
meloniromance_concept_367,alienationem
meloniromance_concept_368,alienigenum
meloniromance_concept_369,alienare
meloniromance_concept_370,alienum
meloniromance_concept_371,aliquem
meloniromance_concept_372,allacrimare
meloniromance_concept_373,allatrare
meloniromance_concept_374,allec
meloniromance_concept_375,allectare
meloniromance_concept_376,allegationem
meloniromance_concept_377,allegere
meloniromance_concept_378,allegorizzare
meloniromance_concept_379,alleviare
meloniromance_concept_380,allevare
meloniromance_concept_381,allocare
meloniromance_concept_382,allocutionem
meloniromance_concept_383,alludere
meloniromance_concept_384,almum
meloniromance_concept_385,alnum
meloniromance_concept_386,alere
meloniromance_concept_387,alphabetum
meloniromance_concept_388,altarem
meloniromance_concept_389,altercationem
meloniromance_concept_390,altercari
meloniromance_concept_391,alternationem
meloniromance_concept_392,alternare
meloniromance_concept_393,alternum
meloniromance_concept_394,althaeam
meloniromance_concept_395,altissimum
meloniromance_concept_396,altitudinem
meloniromance_concept_397,alucinari
meloniromance_concept_398,alum
meloniromance_concept_399,alumnum
meloniromance_concept_400,alvearium
meloniromance_concept_401,alveum
meloniromance_concept_402,alvum
meloniromance_concept_403,amabilitatem
meloniromance_concept_404,amalgama
meloniromance_concept_405,amantem
meloniromance_concept_406,amanuensem
meloniromance_concept_407,amaricare
meloniromance_concept_408,amaritiem
meloniromance_concept_409,amaritudinem
meloniromance_concept_410,amarulentum
meloniromance_concept_411,amasium
meloniromance_concept_412,amatorem
meloniromance_concept_413,amatorium
meloniromance_concept_414,ambagem
meloniromance_concept_415,ambigvitatem
meloniromance_concept_416,ambitum
meloniromance_concept_417,ambos
meloniromance_concept_418,ambrosiam
meloniromance_concept_419,ambulare
meloniromance_concept_420,amentem
meloniromance_concept_421,amentiam
meloniromance_concept_422,amentare
meloniromance_concept_423,amentum
meloniromance_concept_424,amitem
meloniromance_concept_425,amethystam
meloniromance_concept_426,amicam
meloniromance_concept_427,amicalem
meloniromance_concept_428,amicitiam
meloniromance_concept_429,amictum
meloniromance_concept_430,amnem
meloniromance_concept_431,amare
meloniromance_concept_432,amoenitatem
meloniromance_concept_433,amoenum
meloniromance_concept_434,amovere
meloniromance_concept_435,amphibrachyn
meloniromance_concept_436,amplificationem
meloniromance_concept_437,amplificare
meloniromance_concept_438,amplitudinem
meloniromance_concept_439,amplum
meloniromance_concept_440,ampullam
meloniromance_concept_441,amurcam
meloniromance_concept_442,amygdalum
meloniromance_concept_443,anachronismum
meloniromance_concept_444,analem
meloniromance_concept_445,analysem
meloniromance_concept_446,anarchiam
meloniromance_concept_447,anatem
meloniromance_concept_448,ancipitem
meloniromance_concept_449,anemonen
meloniromance_concept_450,anethum
meloniromance_concept_451,angariam
meloniromance_concept_452,angelicum
meloniromance_concept_453,anglensem
meloniromance_concept_454,angorem
meloniromance_concept_455,angularem
meloniromance_concept_456,angustiam
meloniromance_concept_457,angustare
meloniromance_concept_458,angustum
meloniromance_concept_459,anhelitum
meloniromance_concept_460,anhelare
meloniromance_concept_461,animal
meloniromance_concept_462,animalculum
meloniromance_concept_463,animosum
meloniromance_concept_464,animum
meloniromance_concept_465,anisum
meloniromance_concept_466,annalem
meloniromance_concept_467,annexum
meloniromance_concept_468,anniculum
meloniromance_concept_469,annihilationem
meloniromance_concept_470,annihilare
meloniromance_concept_471,annonam
meloniromance_concept_472,annonarium
meloniromance_concept_473,annositatem
meloniromance_concept_474,annosum
meloniromance_concept_475,annotationem
meloniromance_concept_476,annotinum
meloniromance_concept_477,annullare
meloniromance_concept_478,annumerare
meloniromance_concept_479,annuntiare
meloniromance_concept_480,annuum
meloniromance_concept_481,anodynon
meloniromance_concept_482,anomalon
meloniromance_concept_483,anormalum
meloniromance_concept_484,ansam
meloniromance_concept_485,anserem
meloniromance_concept_486,anserinum
meloniromance_concept_487,ansulam
meloniromance_concept_488,antas
meloniromance_concept_489,antecedere
meloniromance_concept_490,antecessorem
meloniromance_concept_491,antemurale
meloniromance_concept_492,antenatum
meloniromance_concept_493,antennam
meloniromance_concept_494,anteponere
meloniromance_concept_495,antevenire
meloniromance_concept_496,anticipare
meloniromance_concept_497,antirrhinon
meloniromance_concept_498,antistitem
meloniromance_concept_499,antitheton
meloniromance_concept_500,antoecum
meloniromance_concept_501,antrum
meloniromance_concept_502,anularem
meloniromance_concept_503,anum
meloniromance_concept_504,ancsietatem
meloniromance_concept_505,ancsiare
meloniromance_concept_506,aperire
meloniromance_concept_507,apicem
meloniromance_concept_508,apiarium
meloniromance_concept_509,apiculam
meloniromance_concept_510,apium
meloniromance_concept_511,apludam
meloniromance_concept_512,apocalypsem
meloniromance_concept_513,apodyterium
meloniromance_concept_514,apostolatum
meloniromance_concept_515,apostolum
meloniromance_concept_516,apothecam
meloniromance_concept_517,apozzema
meloniromance_concept_518,apparatum
meloniromance_concept_519,apparentem
meloniromance_concept_520,apparere
meloniromance_concept_521,apparescere
meloniromance_concept_522,apparitionem
meloniromance_concept_523,apparitorem
meloniromance_concept_524,apparare
meloniromance_concept_525,appellitare
meloniromance_concept_526,appellare
meloniromance_concept_527,appendere
meloniromance_concept_528,appertinere
meloniromance_concept_529,appetitionem
meloniromance_concept_530,applausum
meloniromance_concept_531,apponere
meloniromance_concept_532,apportare
meloniromance_concept_533,appositum
meloniromance_concept_534,apprehendere
meloniromance_concept_535,apprehensionem
meloniromance_concept_536,approbationem
meloniromance_concept_537,appropiare
meloniromance_concept_538,appropriationem
meloniromance_concept_539,approximare
meloniromance_concept_540,apricum
meloniromance_concept_541,aptare
meloniromance_concept_542,aquam
meloniromance_concept_543,aquationem
meloniromance_concept_544,aquatorem
meloniromance_concept_545,aquifolium
meloniromance_concept_546,aquilinum
meloniromance_concept_547,arabilem
meloniromance_concept_548,araneam
meloniromance_concept_549,araneum
meloniromance_concept_550,aratrum
meloniromance_concept_551,arbitrium
meloniromance_concept_552,arbitrari
meloniromance_concept_553,arborescere
meloniromance_concept_554,arboretum
meloniromance_concept_555,arboreum
meloniromance_concept_556,arbustivum
meloniromance_concept_557,arbutum
meloniromance_concept_558,arcam
meloniromance_concept_559,arcanum
meloniromance_concept_560,arcanum
meloniromance_concept_561,archangelum
meloniromance_concept_562,archetypum
meloniromance_concept_563,archiepiscopum
meloniromance_concept_564,arcuarium
meloniromance_concept_565,arduum
meloniromance_concept_566,arealem
meloniromance_concept_567,arefacere
meloniromance_concept_568,arenosum
meloniromance_concept_569,areopagiten
meloniromance_concept_570,argentosum
meloniromance_concept_571,argentum
meloniromance_concept_572,argillam
meloniromance_concept_573,argumentosum
meloniromance_concept_574,argvere
meloniromance_concept_575,argutiam
meloniromance_concept_576,arietem
meloniromance_concept_577,arietare
meloniromance_concept_578,armamentum
meloniromance_concept_579,armarium
meloniromance_concept_580,armationem
meloniromance_concept_581,armatum
meloniromance_concept_582,armentum
meloniromance_concept_583,armigerum
meloniromance_concept_584,armillam
meloniromance_concept_585,armipotentem
meloniromance_concept_586,armisonum
meloniromance_concept_587,armare
meloniromance_concept_588,armum
meloniromance_concept_589,aromaticum
meloniromance_concept_590,arpinatem
meloniromance_concept_591,arrham
meloniromance_concept_592,arrigere
meloniromance_concept_593,arrogare
meloniromance_concept_594,arsio
meloniromance_concept_595,artemisiam
meloniromance_concept_596,articulationem
meloniromance_concept_597,articulare
meloniromance_concept_598,assem
meloniromance_concept_599,asarum
meloniromance_concept_600,ascellam
meloniromance_concept_601,ascendere
meloniromance_concept_602,ascensionem
meloniromance_concept_603,ascensorem
meloniromance_concept_604,asciam
meloniromance_concept_605,ascribere
meloniromance_concept_606,aseitatem
meloniromance_concept_607,asiaticum
meloniromance_concept_608,asilum
meloniromance_concept_609,asparagum
meloniromance_concept_610,aspectare
meloniromance_concept_611,aspectum
meloniromance_concept_612,aspergere
meloniromance_concept_613,asperitatem
meloniromance_concept_614,aspersionem
meloniromance_concept_615,aspirationem
meloniromance_concept_616,asportationem
meloniromance_concept_617,asportare
meloniromance_concept_618,assectari
meloniromance_concept_619,asserere
meloniromance_concept_620,assertionem
meloniromance_concept_621,assessum
meloniromance_concept_622,assidere
meloniromance_concept_623,assiduum
meloniromance_concept_624,assignare
meloniromance_concept_625,assilire
meloniromance_concept_626,assimulare
meloniromance_concept_627,assistere
meloniromance_concept_628,assare
meloniromance_concept_629,associare
meloniromance_concept_630,assolare
meloniromance_concept_631,assuefacere
meloniromance_concept_632,assulam
meloniromance_concept_633,assumere
meloniromance_concept_634,assumptionem
meloniromance_concept_635,assurgere
meloniromance_concept_636,astacum
meloniromance_concept_637,asternere
meloniromance_concept_638,astare
meloniromance_concept_639,astringere
meloniromance_concept_640,astrum
meloniromance_concept_641,astruere
meloniromance_concept_642,asturem
meloniromance_concept_643,astutiam
meloniromance_concept_644,astutum
meloniromance_concept_645,asylum
meloniromance_concept_646,atrum
meloniromance_concept_647,atlanticum
meloniromance_concept_648,atrabilarium
meloniromance_concept_649,atramentum
meloniromance_concept_650,attemperare
meloniromance_concept_651,attendere
meloniromance_concept_652,attentum
meloniromance_concept_653,attenuationem
meloniromance_concept_654,attestari
meloniromance_concept_655,attinere
meloniromance_concept_656,attingere
meloniromance_concept_657,attrahere
meloniromance_concept_658,attribuere
meloniromance_concept_659,attributionem
meloniromance_concept_660,auctionem
meloniromance_concept_661,auctoritatem
meloniromance_concept_662,aucupari
meloniromance_concept_663,audaciam
meloniromance_concept_664,audacem
meloniromance_concept_665,audere
meloniromance_concept_666,audientiam
meloniromance_concept_667,auditionem
meloniromance_concept_668,auditorem
meloniromance_concept_669,auditorium
meloniromance_concept_670,auditum
meloniromance_concept_671,auferre
meloniromance_concept_672,augere
meloniromance_concept_673,augmentationem
meloniromance_concept_674,augurem
meloniromance_concept_675,augurium
meloniromance_concept_676,augurare
meloniromance_concept_677,aulam
meloniromance_concept_678,auram
meloniromance_concept_679,aurarium
meloniromance_concept_680,aureolum
meloniromance_concept_681,aurescere
meloniromance_concept_682,auricolorem
meloniromance_concept_683,auricomum
meloniromance_concept_684,auriculam
meloniromance_concept_685,aurificem
meloniromance_concept_686,aurigam
meloniromance_concept_687,aurigerum
meloniromance_concept_688,auripigmentum
meloniromance_concept_689,auroram
meloniromance_concept_690,auruginosum
meloniromance_concept_691,auspicium
meloniromance_concept_692,austrum
meloniromance_concept_693,autumnalem
meloniromance_concept_694,autumare
meloniromance_concept_695,auxiliarem
meloniromance_concept_696,auxiliarium
meloniromance_concept_697,auxilium
meloniromance_concept_698,avam
meloniromance_concept_699,avenam
meloniromance_concept_700,aversionem
meloniromance_concept_701,aversum
meloniromance_concept_702,aviam
meloniromance_concept_703,avicellam
meloniromance_concept_704,aviditatem
meloniromance_concept_705,avem
meloniromance_concept_706,avium
meloniromance_concept_707,avocationem
meloniromance_concept_708,avocare
meloniromance_concept_709,avunculum
meloniromance_concept_710,avum
meloniromance_concept_711,avulum
meloniromance_concept_712,axem
meloniromance_concept_713,bacam
meloniromance_concept_714,baccalaureatum
meloniromance_concept_715,baccalaureum
meloniromance_concept_716,baculum
meloniromance_concept_717,badium
meloniromance_concept_718,baiulare
meloniromance_concept_719,baiulum
meloniromance_concept_720,balbare
meloniromance_concept_721,balbum
meloniromance_concept_722,balbutire
meloniromance_concept_723,ballaenam
meloniromance_concept_724,balnearium
meloniromance_concept_725,balneum
meloniromance_concept_726,balare
meloniromance_concept_727,balteum
meloniromance_concept_728,balticum
meloniromance_concept_729,baptismum
meloniromance_concept_730,baptistam
meloniromance_concept_731,baptisterium
meloniromance_concept_732,barathrum
meloniromance_concept_733,barbarismum
meloniromance_concept_734,barbarizzare
meloniromance_concept_735,barbatum
meloniromance_concept_736,barbulam
meloniromance_concept_737,barcam
meloniromance_concept_738,bardum
meloniromance_concept_739,barytonum
meloniromance_concept_740,basilicam
meloniromance_concept_741,basilicum
meloniromance_concept_742,basiliscum
meloniromance_concept_743,basiare
meloniromance_concept_744,basem
meloniromance_concept_745,basium
meloniromance_concept_746,bassariscum
meloniromance_concept_747,bassum
meloniromance_concept_748,basternam
meloniromance_concept_749,beatum
meloniromance_concept_750,bellicum
meloniromance_concept_751,belligerum
meloniromance_concept_752,belligerare
meloniromance_concept_753,bellum
meloniromance_concept_754,belvam
meloniromance_concept_755,benedicere
meloniromance_concept_756,benedictionem
meloniromance_concept_757,benedictum
meloniromance_concept_758,benefacere
meloniromance_concept_759,beneficium
meloniromance_concept_760,beneficum
meloniromance_concept_761,benevolentiam
meloniromance_concept_762,benevolum
meloniromance_concept_763,benignum
meloniromance_concept_764,bennam
meloniromance_concept_765,berulam
meloniromance_concept_766,beryllum
meloniromance_concept_767,bestiam
meloniromance_concept_768,bestiarium
meloniromance_concept_769,bestiolam
meloniromance_concept_770,betam
meloniromance_concept_771,betulam
meloniromance_concept_772,bibitorem
meloniromance_concept_773,bibliopolam
meloniromance_concept_774,bibliothecarium
meloniromance_concept_775,biennem
meloniromance_concept_776,biennium
meloniromance_concept_777,bifurcum
meloniromance_concept_778,bigam
meloniromance_concept_779,bilem
meloniromance_concept_780,bimum
meloniromance_concept_781,bivium
meloniromance_concept_782,bladum
meloniromance_concept_783,blaesum
meloniromance_concept_784,blandiri
meloniromance_concept_785,blanditiam
meloniromance_concept_786,blandum
meloniromance_concept_787,blasphemare
meloniromance_concept_788,blaterare
meloniromance_concept_789,blattam
meloniromance_concept_790,blitum
meloniromance_concept_791,boarium
meloniromance_concept_792,boatum
meloniromance_concept_793,boletum
meloniromance_concept_794,bombardam
meloniromance_concept_795,bombum
meloniromance_concept_796,bombycem
meloniromance_concept_797,boraginem
meloniromance_concept_798,boscum
meloniromance_concept_799,botellum
meloniromance_concept_800,botulum
meloniromance_concept_801,bovarium
meloniromance_concept_802,bracam
meloniromance_concept_803,bracas
meloniromance_concept_804,bracatum
meloniromance_concept_805,brancam
meloniromance_concept_806,brevem
meloniromance_concept_807,brevitatem
meloniromance_concept_808,britannicum
meloniromance_concept_809,broccum
meloniromance_concept_810,bruchum
meloniromance_concept_811,bubalum
meloniromance_concept_812,bubonem
meloniromance_concept_813,bubonicum
meloniromance_concept_814,bubulcum
meloniromance_concept_815,buccellam
meloniromance_concept_816,bucculam
meloniromance_concept_817,bucinam
meloniromance_concept_818,bucinare
meloniromance_concept_819,bucinum
meloniromance_concept_820,bullam
meloniromance_concept_821,bullire
meloniromance_concept_822,buram
meloniromance_concept_823,burgravium
meloniromance_concept_824,burram
meloniromance_concept_825,burricum
meloniromance_concept_826,bursam
meloniromance_concept_827,bursarium
meloniromance_concept_828,bursiformem
meloniromance_concept_829,butyrum
meloniromance_concept_830,buxum
meloniromance_concept_831,caballarium
meloniromance_concept_832,cacabum
meloniromance_concept_833,cachinnare
meloniromance_concept_834,cacumen
meloniromance_concept_835,cadaver
meloniromance_concept_836,caducum
meloniromance_concept_837,caecitatem
meloniromance_concept_838,caecare
meloniromance_concept_839,caecum
meloniromance_concept_840,caelibem
meloniromance_concept_841,caelestialem
meloniromance_concept_842,caelicum
meloniromance_concept_843,caementum
meloniromance_concept_844,caenum
meloniromance_concept_845,caepam
meloniromance_concept_846,caeparium
meloniromance_concept_847,caerimonialem
meloniromance_concept_848,caeruleum
meloniromance_concept_849,caespitem
meloniromance_concept_850,caiam
meloniromance_concept_851,calamellum
meloniromance_concept_852,calamistrum
meloniromance_concept_853,calamitatem
meloniromance_concept_854,calamitosum
meloniromance_concept_855,calamum
meloniromance_concept_856,calcaneum
meloniromance_concept_857,calcarium
meloniromance_concept_858,calcearium
meloniromance_concept_859,calceum
meloniromance_concept_860,calculationem
meloniromance_concept_861,calculum
meloniromance_concept_862,calefacere
meloniromance_concept_863,calefactionem
meloniromance_concept_864,calentem
meloniromance_concept_865,calere
meloniromance_concept_866,calescere
meloniromance_concept_867,caliditatem
meloniromance_concept_868,caligam
meloniromance_concept_869,caliginosum
meloniromance_concept_870,caliginem
meloniromance_concept_871,calipham
meloniromance_concept_872,calicem
meloniromance_concept_873,callidum
meloniromance_concept_874,callem
meloniromance_concept_875,callum
meloniromance_concept_876,calorem
meloniromance_concept_877,calumniam
meloniromance_concept_878,calvi
meloniromance_concept_879,calvum
meloniromance_concept_880,calcem
meloniromance_concept_881,calycem
meloniromance_concept_882,camam
meloniromance_concept_883,camaram
meloniromance_concept_884,cambire
meloniromance_concept_885,cambium
meloniromance_concept_886,caminum
meloniromance_concept_887,cammarum
meloniromance_concept_888,camminum
meloniromance_concept_889,campestrem
meloniromance_concept_890,campicellum
meloniromance_concept_891,campionem
meloniromance_concept_892,campsare
meloniromance_concept_893,camum
meloniromance_concept_894,canaliculam
meloniromance_concept_895,canaliculum
meloniromance_concept_896,cancellare
meloniromance_concept_897,cancrum
meloniromance_concept_898,candelam
meloniromance_concept_899,candelabrum
meloniromance_concept_900,candere
meloniromance_concept_901,candidum
meloniromance_concept_902,candorem
meloniromance_concept_903,canescere
meloniromance_concept_904,caniculam
meloniromance_concept_905,caninum
meloniromance_concept_906,canistrum
meloniromance_concept_907,cannam
meloniromance_concept_908,cannetum
meloniromance_concept_909,canonem
meloniromance_concept_910,canorum
meloniromance_concept_911,canticum
meloniromance_concept_912,cantionem
meloniromance_concept_913,cantare
meloniromance_concept_914,cantorem
meloniromance_concept_915,cantum
meloniromance_concept_916,canum
meloniromance_concept_917,canutum
meloniromance_concept_918,capabilem
meloniromance_concept_919,capacitatem
meloniromance_concept_920,capacem
meloniromance_concept_921,capellum
meloniromance_concept_922,caprum
meloniromance_concept_923,capillum
meloniromance_concept_924,capere
meloniromance_concept_925,capitationem
meloniromance_concept_926,capitellum
meloniromance_concept_927,capitium
meloniromance_concept_928,capitonem
meloniromance_concept_929,capitulationem
meloniromance_concept_930,capitulum
meloniromance_concept_931,caponem
meloniromance_concept_932,cappellam
meloniromance_concept_933,caprificare
meloniromance_concept_934,caprile
meloniromance_concept_935,caprinum
meloniromance_concept_936,captationem
meloniromance_concept_937,captiare
meloniromance_concept_938,captiosum
meloniromance_concept_939,captivum
meloniromance_concept_940,captare
meloniromance_concept_941,capturam
meloniromance_concept_942,capulum
meloniromance_concept_943,capulum
meloniromance_concept_944,caram
meloniromance_concept_945,carbonium
meloniromance_concept_946,carbunculum
meloniromance_concept_947,cardinem
meloniromance_concept_948,carere
meloniromance_concept_949,caricem
meloniromance_concept_950,carinam
meloniromance_concept_951,carmen
meloniromance_concept_952,carminare
meloniromance_concept_953,carnarium
meloniromance_concept_954,carnificem
meloniromance_concept_955,carnosum
meloniromance_concept_956,carotam
meloniromance_concept_957,carpentum
meloniromance_concept_958,carrucam
meloniromance_concept_959,carum
meloniromance_concept_960,caryophyllum
meloniromance_concept_961,casearium
meloniromance_concept_962,cassum
meloniromance_concept_963,castaldum
meloniromance_concept_964,castaneam
meloniromance_concept_965,castaneum
meloniromance_concept_966,castigare
meloniromance_concept_967,castratum
meloniromance_concept_968,castrum
meloniromance_concept_969,casum
meloniromance_concept_970,cataphractum
meloniromance_concept_971,cataractam
meloniromance_concept_972,catechismum
meloniromance_concept_973,catechizzare
meloniromance_concept_974,catellam
meloniromance_concept_975,catellum
meloniromance_concept_976,catenare
meloniromance_concept_977,cathedram
meloniromance_concept_978,cathedralem
meloniromance_concept_979,catilinarium
meloniromance_concept_980,catinum
meloniromance_concept_981,catorchiten
meloniromance_concept_982,cattam
meloniromance_concept_983,caucum
meloniromance_concept_984,caudam
meloniromance_concept_985,caudalem
meloniromance_concept_986,caudatum
meloniromance_concept_987,caudicem
meloniromance_concept_988,cauliculum
meloniromance_concept_989,caulem
meloniromance_concept_990,cauma
meloniromance_concept_991,cautelam
meloniromance_concept_992,cautionem
meloniromance_concept_993,cautum
meloniromance_concept_994,cavillari
meloniromance_concept_995,cavare
meloniromance_concept_996,cavum
meloniromance_concept_997,cedere
meloniromance_concept_998,cedretum
meloniromance_concept_999,cedrum
meloniromance_concept_1000,celebrem
meloniromance_concept_1001,celebrationem
meloniromance_concept_1002,celebrare
meloniromance_concept_1003,celerem
meloniromance_concept_1004,celeripedem
meloniromance_concept_1005,cellam
meloniromance_concept_1006,celare
meloniromance_concept_1007,celsitudinem
meloniromance_concept_1008,celtam
meloniromance_concept_1009,cenaculum
meloniromance_concept_1010,cenare
meloniromance_concept_1011,censorem
meloniromance_concept_1012,censuram
meloniromance_concept_1013,centauream
meloniromance_concept_1014,centuriam
meloniromance_concept_1015,cepam
meloniromance_concept_1016,cephalaeam
meloniromance_concept_1017,cepullam
meloniromance_concept_1018,cerasten
meloniromance_concept_1019,cereolum
meloniromance_concept_1020,cereum
meloniromance_concept_1021,cernere
meloniromance_concept_1022,cerosum
meloniromance_concept_1023,certamen
meloniromance_concept_1024,certitudinem
meloniromance_concept_1025,certare
meloniromance_concept_1026,certum
meloniromance_concept_1027,cervam
meloniromance_concept_1028,cervesiam
meloniromance_concept_1029,cervinum
meloniromance_concept_1030,cervisiam
meloniromance_concept_1031,cessationem
meloniromance_concept_1032,cessare
meloniromance_concept_1033,chalare
meloniromance_concept_1034,characterem
meloniromance_concept_1035,chartularium
meloniromance_concept_1036,chelydrum
meloniromance_concept_1037,choleram
meloniromance_concept_1038,choream
meloniromance_concept_1039,chorum
meloniromance_concept_1040,chronicum
meloniromance_concept_1041,cehthonium
meloniromance_concept_1042,cibationem
meloniromance_concept_1043,cibare
meloniromance_concept_1044,cibum
meloniromance_concept_1045,cicadam
meloniromance_concept_1046,ciccum
meloniromance_concept_1047,cicer
meloniromance_concept_1048,cicerculam
meloniromance_concept_1049,cichorium
meloniromance_concept_1050,cicindelam
meloniromance_concept_1051,ciconiam
meloniromance_concept_1052,cicutam
meloniromance_concept_1053,cifram
meloniromance_concept_1054,cilium
meloniromance_concept_1055,cimicem
meloniromance_concept_1056,cimussam
meloniromance_concept_1057,cincinnum
meloniromance_concept_1058,cincturam
meloniromance_concept_1059,cinctum
meloniromance_concept_1060,cinereum
meloniromance_concept_1061,cinnum
meloniromance_concept_1062,circinem
meloniromance_concept_1063,circinare
meloniromance_concept_1064,circinum
meloniromance_concept_1065,circitare
meloniromance_concept_1066,circare
meloniromance_concept_1067,circularem
meloniromance_concept_1068,circulare
meloniromance_concept_1069,circumdare
meloniromance_concept_1070,circumducere
meloniromance_concept_1071,circumferre
meloniromance_concept_1072,circumflectere
meloniromance_concept_1073,circumfluere
meloniromance_concept_1074,circumlocutionem
meloniromance_concept_1075,circumnavigare
meloniromance_concept_1076,circumscribere
meloniromance_concept_1077,circumvenire
meloniromance_concept_1078,circumvolvere
meloniromance_concept_1079,cisternam
meloniromance_concept_1080,citationem
meloniromance_concept_1081,citeriorem
meloniromance_concept_1082,citharam
meloniromance_concept_1083,citharoedum
meloniromance_concept_1084,civicum
meloniromance_concept_1085,clamorem
meloniromance_concept_1086,clarescere
meloniromance_concept_1087,claritatem
meloniromance_concept_1088,clarare
meloniromance_concept_1089,claudicationem
meloniromance_concept_1090,claudicare
meloniromance_concept_1091,claudere
meloniromance_concept_1092,claustellum
meloniromance_concept_1093,clausulam
meloniromance_concept_1094,clausuram
meloniromance_concept_1095,clavichordium
meloniromance_concept_1096,clavum
meloniromance_concept_1097,clementissimum
meloniromance_concept_1098,clepsydram
meloniromance_concept_1099,clericum
meloniromance_concept_1100,climactericum
meloniromance_concept_1101,clinicum
meloniromance_concept_1102,clinare
meloniromance_concept_1103,coactare
meloniromance_concept_1104,coagulationem
meloniromance_concept_1105,coalescere
meloniromance_concept_1106,coartare
meloniromance_concept_1107,coccinam
meloniromance_concept_1108,coccum
meloniromance_concept_1109,cocturam
meloniromance_concept_1110,codicem
meloniromance_concept_1111,codicillum
meloniromance_concept_1112,coercere
meloniromance_concept_1113,coercitionem
meloniromance_concept_1114,cogitabundum
meloniromance_concept_1115,cogitationem
meloniromance_concept_1116,cognatum
meloniromance_concept_1117,cognomen
meloniromance_concept_1118,cohabitare
meloniromance_concept_1119,cohaerere
meloniromance_concept_1120,cohibere
meloniromance_concept_1121,cohonestare
meloniromance_concept_1122,cohortem
meloniromance_concept_1123,coetum
meloniromance_concept_1124,colaphum
meloniromance_concept_1125,collaudare
meloniromance_concept_1126,collectam
meloniromance_concept_1127,collectionem
meloniromance_concept_1128,collectivum
meloniromance_concept_1129,collegium
meloniromance_concept_1130,collem
meloniromance_concept_1131,collocare
meloniromance_concept_1132,colludere
meloniromance_concept_1133,collum
meloniromance_concept_1134,collyrium
meloniromance_concept_1135,colere
meloniromance_concept_1136,coloniam
meloniromance_concept_1137,colonum
meloniromance_concept_1138,colorare
meloniromance_concept_1139,colostram
meloniromance_concept_1140,colubram
meloniromance_concept_1141,colubrinum
meloniromance_concept_1142,columbam
meloniromance_concept_1143,columbinum
meloniromance_concept_1144,columbum
meloniromance_concept_1145,columellam
meloniromance_concept_1146,comburere
meloniromance_concept_1147,comedere
meloniromance_concept_1148,comitium
meloniromance_concept_1149,commeatum
meloniromance_concept_1150,commemorationem
meloniromance_concept_1151,commendare
meloniromance_concept_1152,commentarium
meloniromance_concept_1153,commercialem
meloniromance_concept_1154,commetiri
meloniromance_concept_1155,commiserari
meloniromance_concept_1156,commissionem
meloniromance_concept_1157,committere
meloniromance_concept_1158,commodum
meloniromance_concept_1159,commotionem
meloniromance_concept_1160,commovere
meloniromance_concept_1161,communalem
meloniromance_concept_1162,communire
meloniromance_concept_1163,communem
meloniromance_concept_1164,commutare
meloniromance_concept_1165,comere
meloniromance_concept_1166,comparem
meloniromance_concept_1167,comparatorem
meloniromance_concept_1168,comparere
meloniromance_concept_1169,compassibilem
meloniromance_concept_1170,compatrem
meloniromance_concept_1171,compellere
meloniromance_concept_1172,competentiam
meloniromance_concept_1173,competitionem
meloniromance_concept_1174,competitorem
meloniromance_concept_1175,competere
meloniromance_concept_1176,compilationem
meloniromance_concept_1177,compitum
meloniromance_concept_1178,complacere
meloniromance_concept_1179,complementum
meloniromance_concept_1180,complere
meloniromance_concept_1181,completionem
meloniromance_concept_1182,completivum
meloniromance_concept_1183,completum
meloniromance_concept_1184,complexionem
meloniromance_concept_1185,complicationem
meloniromance_concept_1186,comportare
meloniromance_concept_1187,comprehensibilem
meloniromance_concept_1188,comprimere
meloniromance_concept_1189,comprobare
meloniromance_concept_1190,compromittere
meloniromance_concept_1191,compunctionem
meloniromance_concept_1192,compungere
meloniromance_concept_1193,computare
meloniromance_concept_1194,conationem
meloniromance_concept_1195,conatum
meloniromance_concept_1196,concatenare
meloniromance_concept_1197,concavum
meloniromance_concept_1198,concedere
meloniromance_concept_1199,conceptualem
meloniromance_concept_1200,concernere
meloniromance_concept_1201,concʰam
meloniromance_concept_1202,concidere
meloniromance_concept_1203,conciliabulum
meloniromance_concept_1204,conciliare
meloniromance_concept_1205,concilium
meloniromance_concept_1206,concinnitatem
meloniromance_concept_1207,concitationem
meloniromance_concept_1208,conclamatum
meloniromance_concept_1209,conclamare
meloniromance_concept_1210,concomitari
meloniromance_concept_1211,concordiam
meloniromance_concept_1212,concrescere
meloniromance_concept_1213,concretionem
meloniromance_concept_1214,conculcationem
meloniromance_concept_1215,conculcare
meloniromance_concept_1216,concurrere
meloniromance_concept_1217,concursum
meloniromance_concept_1218,concussionem
meloniromance_concept_1219,condemnationem
meloniromance_concept_1220,condensationem
meloniromance_concept_1221,condensare
meloniromance_concept_1222,condescendere
meloniromance_concept_1223,condicionem
meloniromance_concept_1224,condicionalem
meloniromance_concept_1225,condicere
meloniromance_concept_1226,condignum
meloniromance_concept_1227,condimentum
meloniromance_concept_1228,condire
meloniromance_concept_1229,condere
meloniromance_concept_1230,condolere
meloniromance_concept_1231,condonare
meloniromance_concept_1232,conducere
meloniromance_concept_1233,conductionem
meloniromance_concept_1234,conectere
meloniromance_concept_1235,conexionem
meloniromance_concept_1236,conferre
meloniromance_concept_1237,confervam
meloniromance_concept_1238,confessorem
meloniromance_concept_1239,conficere
meloniromance_concept_1240,confidentiam
meloniromance_concept_1241,confidere
meloniromance_concept_1242,confinem
meloniromance_concept_1243,confirmationem
meloniromance_concept_1244,confiscare
meloniromance_concept_1245,confiteri
meloniromance_concept_1246,conflictum
meloniromance_concept_1247,conflare
meloniromance_concept_1248,confluentem
meloniromance_concept_1249,confluere
meloniromance_concept_1250,confoederationem
meloniromance_concept_1251,confoederare
meloniromance_concept_1252,conformem
meloniromance_concept_1253,conformare
meloniromance_concept_1254,confortare
meloniromance_concept_1255,confutare
meloniromance_concept_1256,congrum
meloniromance_concept_1257,congeriem
meloniromance_concept_1258,congium
meloniromance_concept_1259,congregare
meloniromance_concept_1260,congruum
meloniromance_concept_1261,congyrare
meloniromance_concept_1262,coniugare
meloniromance_concept_1263,coniungere
meloniromance_concept_1264,coniurationem
meloniromance_concept_1265,coniuratorem
meloniromance_concept_1266,coniuratum
meloniromance_concept_1267,coniurare
meloniromance_concept_1268,conivere
meloniromance_concept_1269,coniugationem
meloniromance_concept_1270,connexionem
meloniromance_concept_1271,conopeum
meloniromance_concept_1272,concvirere
meloniromance_concept_1273,consangvinitatem
meloniromance_concept_1274,conscientiam
meloniromance_concept_1275,conscium
meloniromance_concept_1276,conscriptum
meloniromance_concept_1277,consecrationem
meloniromance_concept_1278,consentire
meloniromance_concept_1279,consequentiam
meloniromance_concept_1280,consequi
meloniromance_concept_1281,conservationem
meloniromance_concept_1282,conservare
meloniromance_concept_1283,conservum
meloniromance_concept_1284,considerationem
meloniromance_concept_1285,consignationem
meloniromance_concept_1286,consignare
meloniromance_concept_1287,consilium
meloniromance_concept_1288,consistere
meloniromance_concept_1289,consobrinum
meloniromance_concept_1290,consolationem
meloniromance_concept_1291,consolidam
meloniromance_concept_1292,consolidationem
meloniromance_concept_1293,consolidare
meloniromance_concept_1294,consolari
meloniromance_concept_1295,consonare
meloniromance_concept_1296,consortem
meloniromance_concept_1297,conspuere
meloniromance_concept_1298,conspurcare
meloniromance_concept_1299,constantiam
meloniromance_concept_1300,constituere
meloniromance_concept_1301,constitutionem
meloniromance_concept_1302,constitutivum
meloniromance_concept_1303,constrictorem
meloniromance_concept_1304,consuetudinem
meloniromance_concept_1305,consultationem
meloniromance_concept_1306,consummationem
meloniromance_concept_1307,consummare
meloniromance_concept_1308,consumere
meloniromance_concept_1309,consumptionem
meloniromance_concept_1310,contaminationem
meloniromance_concept_1311,contemperare
meloniromance_concept_1312,contemplari
meloniromance_concept_1313,contendere
meloniromance_concept_1314,contentionem
meloniromance_concept_1315,contentiosum
meloniromance_concept_1316,contentum
meloniromance_concept_1317,conterere
meloniromance_concept_1318,contestari
meloniromance_concept_1319,contignationem
meloniromance_concept_1320,continuationem
meloniromance_concept_1321,continuum
meloniromance_concept_1322,contionari
meloniromance_concept_1323,contorquere
meloniromance_concept_1324,contortum
meloniromance_concept_1325,contradictorem
meloniromance_concept_1326,contrahere
meloniromance_concept_1327,contravenire
meloniromance_concept_1328,contribulare
meloniromance_concept_1329,contribuere
meloniromance_concept_1330,contristare
meloniromance_concept_1331,contritionem
meloniromance_concept_1332,contritum
meloniromance_concept_1333,controversiam
meloniromance_concept_1334,controversum
meloniromance_concept_1335,contubernalem
meloniromance_concept_1336,contubernium
meloniromance_concept_1337,contumacem
meloniromance_concept_1338,contumeliam
meloniromance_concept_1339,contumeliosum
meloniromance_concept_1340,conturbationem
meloniromance_concept_1341,conturbare
meloniromance_concept_1342,conubium
meloniromance_concept_1343,conum
meloniromance_concept_1344,convellere
meloniromance_concept_1345,convenientiam
meloniromance_concept_1346,convenire
meloniromance_concept_1347,convertere
meloniromance_concept_1348,convexum
meloniromance_concept_1349,convicium
meloniromance_concept_1350,convictionem
meloniromance_concept_1351,convivam
meloniromance_concept_1352,convocationem
meloniromance_concept_1353,convocare
meloniromance_concept_1354,convolare
meloniromance_concept_1355,convolvere
meloniromance_concept_1356,cooperationem
meloniromance_concept_1357,cooperturam
meloniromance_concept_1358,cooptationem
meloniromance_concept_1359,cophinum
meloniromance_concept_1360,copiam
meloniromance_concept_1361,copiosum
meloniromance_concept_1362,copulam
meloniromance_concept_1363,copulationem
meloniromance_concept_1364,copulare
meloniromance_concept_1365,coquinam
meloniromance_concept_1366,coquinarium
meloniromance_concept_1367,coquinare
meloniromance_concept_1368,coquum
meloniromance_concept_1369,cor
meloniromance_concept_1370,corbem
meloniromance_concept_1371,coriaceum
meloniromance_concept_1372,coriandrum
meloniromance_concept_1373,corium
meloniromance_concept_1374,corneum
meloniromance_concept_1375,coronidem
meloniromance_concept_1376,corpusculum
meloniromance_concept_1377,correctorem
meloniromance_concept_1378,corrigiam
meloniromance_concept_1379,corroboramentum
meloniromance_concept_1380,corrodere
meloniromance_concept_1381,corrosionem
meloniromance_concept_1382,corruere
meloniromance_concept_1383,cortem
meloniromance_concept_1384,corsum
meloniromance_concept_1385,corticem
meloniromance_concept_1386,coruscationem
meloniromance_concept_1387,coruscare
meloniromance_concept_1388,coruscum
meloniromance_concept_1389,corvinum
meloniromance_concept_1390,cotem
meloniromance_concept_1391,cossum
meloniromance_concept_1392,costatum
meloniromance_concept_1393,cotidianum
meloniromance_concept_1394,coturnicem
meloniromance_concept_1395,coxalem
meloniromance_concept_1396,coxum
meloniromance_concept_1397,crabronem
meloniromance_concept_1398,cramum
meloniromance_concept_1399,crapulam
meloniromance_concept_1400,crastinum
meloniromance_concept_1401,crateram
meloniromance_concept_1402,craticium
meloniromance_concept_1403,craticulam
meloniromance_concept_1404,cratem
meloniromance_concept_1405,creatricem
meloniromance_concept_1406,creaturam
meloniromance_concept_1407,crebrum
meloniromance_concept_1408,credentiam
meloniromance_concept_1409,credibilem
meloniromance_concept_1410,credibilitatem
meloniromance_concept_1411,creditorem
meloniromance_concept_1412,creditricem
meloniromance_concept_1413,credulum
meloniromance_concept_1414,cremare
meloniromance_concept_1415,crepaturam
meloniromance_concept_1416,crepitum
meloniromance_concept_1417,cretam
meloniromance_concept_1418,cribrare
meloniromance_concept_1419,cribrum
meloniromance_concept_1420,crimen
meloniromance_concept_1421,criminalem
meloniromance_concept_1422,criminationem
meloniromance_concept_1423,criminosum
meloniromance_concept_1424,crinem
meloniromance_concept_1425,crispare
meloniromance_concept_1426,crispum
meloniromance_concept_1427,cristatum
meloniromance_concept_1428,criterion
meloniromance_concept_1429,criticum
meloniromance_concept_1430,crocum
meloniromance_concept_1431,crotalum
meloniromance_concept_1432,cruciferum
meloniromance_concept_1433,crudelem
meloniromance_concept_1434,crudelitatem
meloniromance_concept_1435,cruditatem
meloniromance_concept_1436,cruentare
meloniromance_concept_1437,cruentum
meloniromance_concept_1438,cruorem
meloniromance_concept_1439,crustam
meloniromance_concept_1440,crustare
meloniromance_concept_1441,crustosum
meloniromance_concept_1442,crustulum
meloniromance_concept_1443,cubiculum
meloniromance_concept_1444,cubile
meloniromance_concept_1445,cubare
meloniromance_concept_1446,cucullam
meloniromance_concept_1447,cucullum
meloniromance_concept_1448,cuculum
meloniromance_concept_1449,cucumerem
meloniromance_concept_1450,cucurbitam
meloniromance_concept_1451,cuium
meloniromance_concept_1452,culcitam
meloniromance_concept_1453,culcitram
meloniromance_concept_1454,culicem
meloniromance_concept_1455,culinarium
meloniromance_concept_1456,culmum
meloniromance_concept_1457,culpam
meloniromance_concept_1458,culpare
meloniromance_concept_1459,cultellum
meloniromance_concept_1460,cultrum
meloniromance_concept_1461,cultorem
meloniromance_concept_1462,cultum
meloniromance_concept_1463,cumbam
meloniromance_concept_1464,cuminum
meloniromance_concept_1465,cumulare
meloniromance_concept_1466,cunam
meloniromance_concept_1467,cuneare
meloniromance_concept_1468,cunnum
meloniromance_concept_1469,cupiditatem
meloniromance_concept_1470,cupidum
meloniromance_concept_1471,cupressum
meloniromance_concept_1472,cuprum
meloniromance_concept_1473,curam
meloniromance_concept_1474,curaturam
meloniromance_concept_1475,curare
meloniromance_concept_1476,curriculum
meloniromance_concept_1477,cursum
meloniromance_concept_1478,curtare
meloniromance_concept_1479,curulem
meloniromance_concept_1480,curvare
meloniromance_concept_1481,curvum
meloniromance_concept_1482,cuscolium
meloniromance_concept_1483,cygnum
meloniromance_concept_1484,cymatium
meloniromance_concept_1485,cymbam
meloniromance_concept_1486,cymbalum
meloniromance_concept_1487,cyperum
meloniromance_concept_1488,cytisum
meloniromance_concept_1489,daemonem
meloniromance_concept_1490,daemoniacum
meloniromance_concept_1491,daemonicum
meloniromance_concept_1492,daemonium
meloniromance_concept_1493,damnatum
meloniromance_concept_1494,damnare
meloniromance_concept_1495,damnosum
meloniromance_concept_1496,datum
meloniromance_concept_1497,data
meloniromance_concept_1498,deambulationem
meloniromance_concept_1499,deaurare
meloniromance_concept_1500,debaccʰari
meloniromance_concept_1501,debellare
meloniromance_concept_1502,debere
meloniromance_concept_1503,debilitatem
meloniromance_concept_1504,debilitare
meloniromance_concept_1505,deblaterare
meloniromance_concept_1506,decalvationem
meloniromance_concept_1507,decedere
meloniromance_concept_1508,decempedam
meloniromance_concept_1509,deceptivum
meloniromance_concept_1510,deceptorium
meloniromance_concept_1511,decernere
meloniromance_concept_1512,decibilem
meloniromance_concept_1513,decimalem
meloniromance_concept_1514,decimationem
meloniromance_concept_1515,decimare
meloniromance_concept_1516,decimum
meloniromance_concept_1517,decipere
meloniromance_concept_1518,declamare
meloniromance_concept_1519,declinare
meloniromance_concept_1520,declivem
meloniromance_concept_1521,decoctionem
meloniromance_concept_1522,decollare
meloniromance_concept_1523,decorare
meloniromance_concept_1524,decorticare
meloniromance_concept_1525,decrementum
meloniromance_concept_1526,decretalem
meloniromance_concept_1527,decretum
meloniromance_concept_1528,decurrere
meloniromance_concept_1529,decussem
meloniromance_concept_1530,decussare
meloniromance_concept_1531,dedere
meloniromance_concept_1532,deductionem
meloniromance_concept_1533,defectionem
meloniromance_concept_1534,defensam
meloniromance_concept_1535,defensionem
meloniromance_concept_1536,defensorem
meloniromance_concept_1537,deferre
meloniromance_concept_1538,deficere
meloniromance_concept_1539,defluere
meloniromance_concept_1540,deformationem
meloniromance_concept_1541,deformem
meloniromance_concept_1542,deformitatem
meloniromance_concept_1543,defraudationem
meloniromance_concept_1544,degenerare
meloniromance_concept_1545,degradationem
meloniromance_concept_1546,degustare
meloniromance_concept_1547,dehonestare
meloniromance_concept_1548,deiectionem
meloniromance_concept_1549,deificare
meloniromance_concept_1550,deitatem
meloniromance_concept_1551,delationem
meloniromance_concept_1552,delatorem
meloniromance_concept_1553,delebilem
meloniromance_concept_1554,delectationem
meloniromance_concept_1555,deletionem
meloniromance_concept_1556,deliberationem
meloniromance_concept_1557,deliberare
meloniromance_concept_1558,delicias
meloniromance_concept_1559,delictorem
meloniromance_concept_1560,delictum
meloniromance_concept_1561,delincventiam
meloniromance_concept_1562,delincvere
meloniromance_concept_1563,deliquare
meloniromance_concept_1564,delubrum
meloniromance_concept_1565,demandare
meloniromance_concept_1566,dementare
meloniromance_concept_1567,demittere
meloniromance_concept_1568,demere
meloniromance_concept_1569,demonstrationem
meloniromance_concept_1570,demonstrare
meloniromance_concept_1571,demorari
meloniromance_concept_1572,demovere
meloniromance_concept_1573,demutare
meloniromance_concept_1574,denegare
meloniromance_concept_1575,denominationem
meloniromance_concept_1576,denominatorem
meloniromance_concept_1577,denominare
meloniromance_concept_1578,densare
meloniromance_concept_1579,dentalem
meloniromance_concept_1580,dentatum
meloniromance_concept_1581,dentifricium
meloniromance_concept_1582,denudationem
meloniromance_concept_1583,denudare
meloniromance_concept_1584,denuntiationem
meloniromance_concept_1585,departire
meloniromance_concept_1586,dependere
meloniromance_concept_1587,deperditionem
meloniromance_concept_1588,deperire
meloniromance_concept_1589,deperitionem
meloniromance_concept_1590,deplorare
meloniromance_concept_1591,deportare
meloniromance_concept_1592,depraedationem
meloniromance_concept_1593,depraedari
meloniromance_concept_1594,deprecari
meloniromance_concept_1595,deprehendere
meloniromance_concept_1596,deprimere
meloniromance_concept_1597,depurare
meloniromance_concept_1598,derelincvere
meloniromance_concept_1599,derisionem
meloniromance_concept_1600,derisorium
meloniromance_concept_1601,descendere
meloniromance_concept_1602,descensum
meloniromance_concept_1603,describere
meloniromance_concept_1604,descriptionem
meloniromance_concept_1605,desecare
meloniromance_concept_1606,desertionem
meloniromance_concept_1607,desertum
meloniromance_concept_1608,deservire
meloniromance_concept_1609,desiccationem
meloniromance_concept_1610,desiccare
meloniromance_concept_1611,desiderare
meloniromance_concept_1612,desidiam
meloniromance_concept_1613,designationem
meloniromance_concept_1614,designare
meloniromance_concept_1615,desinentiam
meloniromance_concept_1616,desistere
meloniromance_concept_1617,desolationem
meloniromance_concept_1618,desolare
meloniromance_concept_1619,despectare
meloniromance_concept_1620,desperationem
meloniromance_concept_1621,desperatum
meloniromance_concept_1622,desperare
meloniromance_concept_1623,despondere
meloniromance_concept_1624,desponsare
meloniromance_concept_1625,destillare
meloniromance_concept_1626,destinationem
meloniromance_concept_1627,destinare
meloniromance_concept_1628,destituere
meloniromance_concept_1629,destructionem
meloniromance_concept_1630,destruere
meloniromance_concept_1631,desultorium
meloniromance_concept_1632,desumere
meloniromance_concept_1633,detegere
meloniromance_concept_1634,detentionem
meloniromance_concept_1635,detergere
meloniromance_concept_1636,deteriorationem
meloniromance_concept_1637,determinationem
meloniromance_concept_1638,determinare
meloniromance_concept_1639,detestationem
meloniromance_concept_1640,detestari
meloniromance_concept_1641,detinere
meloniromance_concept_1642,detrahere
meloniromance_concept_1643,deum
meloniromance_concept_1644,devenire
meloniromance_concept_1645,deviationem
meloniromance_concept_1646,deviare
meloniromance_concept_1647,devolvere
meloniromance_concept_1648,devorationem
meloniromance_concept_1649,devotationem
meloniromance_concept_1650,devovere
meloniromance_concept_1651,dextrum
meloniromance_concept_1652,dexteritatem
meloniromance_concept_1653,diabolicum
meloniromance_concept_1654,diabolum
meloniromance_concept_1655,dialecton
meloniromance_concept_1656,diarium
meloniromance_concept_1657,dicacem
meloniromance_concept_1658,dicionem
meloniromance_concept_1659,dictamen
meloniromance_concept_1660,dictamnum
meloniromance_concept_1661,dictionem
meloniromance_concept_1662,dictum
meloniromance_concept_1663,diffamatorium
meloniromance_concept_1664,diffamare
meloniromance_concept_1665,differre
meloniromance_concept_1666,diffidentiam
meloniromance_concept_1667,diffluere
meloniromance_concept_1668,diffundere
meloniromance_concept_1669,digestivum
meloniromance_concept_1670,digitalem
meloniromance_concept_1671,digitare
meloniromance_concept_1672,dignationem
meloniromance_concept_1673,dignare
meloniromance_concept_1674,dilacerare
meloniromance_concept_1675,dilectionem
meloniromance_concept_1676,diligentiam
meloniromance_concept_1677,diligere
meloniromance_concept_1678,diluere
meloniromance_concept_1679,dimanare
meloniromance_concept_1680,dimensionem
meloniromance_concept_1681,dimidium
meloniromance_concept_1682,diminuere
meloniromance_concept_1683,dimittere
meloniromance_concept_1684,dionysiacum
meloniromance_concept_1685,diphthongum
meloniromance_concept_1686,directuram
meloniromance_concept_1687,dirimere
meloniromance_concept_1688,dirumpere
meloniromance_concept_1689,diruere
meloniromance_concept_1690,ditem
meloniromance_concept_1691,discingere
meloniromance_concept_1692,discrepantiam
meloniromance_concept_1693,discrepare
meloniromance_concept_1694,discretionem
meloniromance_concept_1695,discriminationem
meloniromance_concept_1696,discurrere
meloniromance_concept_1697,discursivum
meloniromance_concept_1698,discursum
meloniromance_concept_1699,disertum
meloniromance_concept_1700,disiectare
meloniromance_concept_1701,disparem
meloniromance_concept_1702,disparere
meloniromance_concept_1703,disparare
meloniromance_concept_1704,dispartire
meloniromance_concept_1705,dispensare
meloniromance_concept_1706,disperdere
meloniromance_concept_1707,disperire
meloniromance_concept_1708,dispergere
meloniromance_concept_1709,displicare
meloniromance_concept_1710,disponere
meloniromance_concept_1711,dispositionem
meloniromance_concept_1712,disquisitionem
meloniromance_concept_1713,dissecare
meloniromance_concept_1714,disseminare
meloniromance_concept_1715,dissensum
meloniromance_concept_1716,dissentire
meloniromance_concept_1717,dissertationem
meloniromance_concept_1718,dissimilem
meloniromance_concept_1719,dissimulationem
meloniromance_concept_1720,dissolvere
meloniromance_concept_1721,dissonare
meloniromance_concept_1722,dissuadere
meloniromance_concept_1723,distendere
meloniromance_concept_1724,distillationem
meloniromance_concept_1725,distinctum
meloniromance_concept_1726,distorquere
meloniromance_concept_1727,distortionem
meloniromance_concept_1728,distractionem
meloniromance_concept_1729,distrahere
meloniromance_concept_1730,districtum
meloniromance_concept_1731,disturbare
meloniromance_concept_1732,diurnalem
meloniromance_concept_1733,diverbium
meloniromance_concept_1734,divertere
meloniromance_concept_1735,divexare
meloniromance_concept_1736,divinationem
meloniromance_concept_1737,divinare
meloniromance_concept_1738,divulgationem
meloniromance_concept_1739,divulgare
meloniromance_concept_1740,doctorem
meloniromance_concept_1741,dolium
meloniromance_concept_1742,dolare
meloniromance_concept_1743,dolorosum
meloniromance_concept_1744,dolositatem
meloniromance_concept_1745,dolosum
meloniromance_concept_1746,dolum
meloniromance_concept_1747,domesticum
meloniromance_concept_1748,domicilium
meloniromance_concept_1749,dominicalem
meloniromance_concept_1750,dominium
meloniromance_concept_1751,domare
meloniromance_concept_1752,donum
meloniromance_concept_1753,dormitare
meloniromance_concept_1754,dormitorium
meloniromance_concept_1755,dotationem
meloniromance_concept_1756,dotare
meloniromance_concept_1757,dracontium
meloniromance_concept_1758,drappum
meloniromance_concept_1759,dubietatem
meloniromance_concept_1760,dubiosum
meloniromance_concept_1761,dubitationem
meloniromance_concept_1762,dubitare
meloniromance_concept_1763,dubium
meloniromance_concept_1764,ducatum
meloniromance_concept_1765,ducentos
meloniromance_concept_1766,ducere
meloniromance_concept_1767,ductionem
meloniromance_concept_1768,ductum
meloniromance_concept_1769,dulcamaram
meloniromance_concept_1770,dulciferum
meloniromance_concept_1771,dulcificare
meloniromance_concept_1772,dulciloquum
meloniromance_concept_1773,dulcisonum
meloniromance_concept_1774,dulcitudinem
meloniromance_concept_1775,dulcorem
meloniromance_concept_1776,duplicem
meloniromance_concept_1777,duplum
meloniromance_concept_1778,duracinum
meloniromance_concept_1779,duramen
meloniromance_concept_1780,durationem
meloniromance_concept_1781,durare
meloniromance_concept_1782,durum
meloniromance_concept_1783,eboreum
meloniromance_concept_1784,ebriacum
meloniromance_concept_1785,ebrietatem
meloniromance_concept_1786,ebrium
meloniromance_concept_1787,ebulum
meloniromance_concept_1788,ebur
meloniromance_concept_1789,eburneum
meloniromance_concept_1790,ecclesiam
meloniromance_concept_1791,eclipsem
meloniromance_concept_1792,edictionem
meloniromance_concept_1793,edictum
meloniromance_concept_1794,effectivum
meloniromance_concept_1795,effeminare
meloniromance_concept_1796,effervescere
meloniromance_concept_1797,efficacitatem
meloniromance_concept_1798,efficacem
meloniromance_concept_1799,efficere
meloniromance_concept_1800,effingere
meloniromance_concept_1801,effluere
meloniromance_concept_1802,effricare
meloniromance_concept_1803,effundere
meloniromance_concept_1804,egredi
meloniromance_concept_1805,egregium
meloniromance_concept_1806,elationem
meloniromance_concept_1807,electionem
meloniromance_concept_1808,eleemosynam
meloniromance_concept_1809,elegantem
meloniromance_concept_1810,elencʰum
meloniromance_concept_1811,elephantinum
meloniromance_concept_1812,elevare
meloniromance_concept_1813,elidere
meloniromance_concept_1814,eliminationem
meloniromance_concept_1815,eliminare
meloniromance_concept_1816,elixum
meloniromance_concept_1817,ellipsin
meloniromance_concept_1818,ellychnium
meloniromance_concept_1819,elocutionem
meloniromance_concept_1820,elongationem
meloniromance_concept_1821,elongare
meloniromance_concept_1822,eloquium
meloniromance_concept_1823,elucubrare
meloniromance_concept_1824,eludere
meloniromance_concept_1825,eluere
meloniromance_concept_1826,emacitatem
meloniromance_concept_1827,emancipationem
meloniromance_concept_1828,embolum
meloniromance_concept_1829,emendare
meloniromance_concept_1830,emergere
meloniromance_concept_1831,emissionem
meloniromance_concept_1832,emittere
meloniromance_concept_1833,emolumentum
meloniromance_concept_1834,emovere
meloniromance_concept_1835,emulgere
meloniromance_concept_1836,emundare
meloniromance_concept_1837,emungere
meloniromance_concept_1838,enarrationem
meloniromance_concept_1839,encomium
meloniromance_concept_1840,enecare
meloniromance_concept_1841,enervare
meloniromance_concept_1842,ens
meloniromance_concept_1843,enthusiasten
meloniromance_concept_1844,enumerare
meloniromance_concept_1845,ephebum
meloniromance_concept_1846,epiglottidem
meloniromance_concept_1847,episcopatum
meloniromance_concept_1848,epistolam
meloniromance_concept_1849,epoptum
meloniromance_concept_1850,equam
meloniromance_concept_1851,eremiticum
meloniromance_concept_1852,eremum
meloniromance_concept_1853,ergastulum
meloniromance_concept_1854,erigere
meloniromance_concept_1855,erodere
meloniromance_concept_1856,erogationem
meloniromance_concept_1857,erogare
meloniromance_concept_1858,errabundum
meloniromance_concept_1859,errare
meloniromance_concept_1860,errorem
meloniromance_concept_1861,erudire
meloniromance_concept_1862,erumpere
meloniromance_concept_1863,esculentum
meloniromance_concept_1864,ethologiam
meloniromance_concept_1865,eucharistiam
meloniromance_concept_1866,euonymon
meloniromance_concept_1867,evagari
meloniromance_concept_1868,evanescere
meloniromance_concept_1869,evangelicum
meloniromance_concept_1870,evangelium
meloniromance_concept_1871,eversorem
meloniromance_concept_1872,evertere
meloniromance_concept_1873,evigilare
meloniromance_concept_1874,evincere
meloniromance_concept_1875,evirare
meloniromance_concept_1876,evocationem
meloniromance_concept_1877,evolutionem
meloniromance_concept_1878,evolvere
meloniromance_concept_1879,evulgare
meloniromance_concept_1880,exacerbationem
meloniromance_concept_1881,exactionem
meloniromance_concept_1882,exaggerationem
meloniromance_concept_1883,exagitare
meloniromance_concept_1884,exagium
meloniromance_concept_1885,exalbare
meloniromance_concept_1886,exaltare
meloniromance_concept_1887,examinare
meloniromance_concept_1888,exanimem
meloniromance_concept_1889,exasperationem
meloniromance_concept_1890,exauctorare
meloniromance_concept_1891,exaudire
meloniromance_concept_1892,exbibere
meloniromance_concept_1893,excellentiam
meloniromance_concept_1894,excellere
meloniromance_concept_1895,excelsum
meloniromance_concept_1896,excernere
meloniromance_concept_1897,excessivum
meloniromance_concept_1898,excidere
meloniromance_concept_1899,excipere
meloniromance_concept_1900,excisionem
meloniromance_concept_1901,excitare
meloniromance_concept_1902,excludere
meloniromance_concept_1903,exclusivum
meloniromance_concept_1904,excogitationem
meloniromance_concept_1905,excogitare
meloniromance_concept_1906,excoquere
meloniromance_concept_1907,excoriare
meloniromance_concept_1908,excrementum
meloniromance_concept_1909,excurrere
meloniromance_concept_1910,excursionem
meloniromance_concept_1911,excursum
meloniromance_concept_1912,excusationem
meloniromance_concept_1913,excutere
meloniromance_concept_1914,exemplar
meloniromance_concept_1915,exemplarem
meloniromance_concept_1916,exire
meloniromance_concept_1917,exercere
meloniromance_concept_1918,exercitum
meloniromance_concept_1919,exfoliare
meloniromance_concept_1920,exhalare
meloniromance_concept_1921,exhaurire
meloniromance_concept_1922,exheredare
meloniromance_concept_1923,exhibere
meloniromance_concept_1924,exhortationem
meloniromance_concept_1925,exhortari
meloniromance_concept_1926,exigere
meloniromance_concept_1927,exigvum
meloniromance_concept_1928,exilem
meloniromance_concept_1929,existentiam
meloniromance_concept_1930,existere
meloniromance_concept_1931,exitialem
meloniromance_concept_1932,exitium
meloniromance_concept_1933,exitum
meloniromance_concept_1934,exorationem
meloniromance_concept_1935,exordiri
meloniromance_concept_1936,expandere
meloniromance_concept_1937,expedire
meloniromance_concept_1938,expendere
meloniromance_concept_1939,explanationem
meloniromance_concept_1940,explanare
meloniromance_concept_1941,explicationem
meloniromance_concept_1942,exploratorem
meloniromance_concept_1943,expolire
meloniromance_concept_1944,exponere
meloniromance_concept_1945,exportationem
meloniromance_concept_1946,exprimere
meloniromance_concept_1947,exprobrare
meloniromance_concept_1948,expugnationem
meloniromance_concept_1949,expugnare
meloniromance_concept_1950,expulsare
meloniromance_concept_1951,expungere
meloniromance_concept_1952,expurgationem
meloniromance_concept_1953,expurgare
meloniromance_concept_1954,exsecrationem
meloniromance_concept_1955,exsecrari
meloniromance_concept_1956,exsecutionem
meloniromance_concept_1957,exsequiam
meloniromance_concept_1958,exsequias
meloniromance_concept_1959,exsequi
meloniromance_concept_1960,exsiccationem
meloniromance_concept_1961,exsiccare
meloniromance_concept_1962,exsolvere
meloniromance_concept_1963,exspectationem
meloniromance_concept_1964,exspirationem
meloniromance_concept_1965,exspirare
meloniromance_concept_1966,exstinctorem
meloniromance_concept_1967,exstirpationem
meloniromance_concept_1968,exstirpare
meloniromance_concept_1969,exsucare
meloniromance_concept_1970,exsultationem
meloniromance_concept_1971,exsurgere
meloniromance_concept_1972,extasem
meloniromance_concept_1973,extendere
meloniromance_concept_1974,extensivum
meloniromance_concept_1975,extenuationem
meloniromance_concept_1976,exterum
meloniromance_concept_1977,exteriorem
meloniromance_concept_1978,exterminationem
meloniromance_concept_1979,extingvere
meloniromance_concept_1980,extorquere
meloniromance_concept_1981,extraordinarium
meloniromance_concept_1982,extremum
meloniromance_concept_1983,extricare
meloniromance_concept_1984,extrinsecum
meloniromance_concept_1985,extrudere
meloniromance_concept_1986,exturbare
meloniromance_concept_1987,exulcerationem
meloniromance_concept_1988,exultationem
meloniromance_concept_1989,exultare
meloniromance_concept_1990,exuviam
meloniromance_concept_1991,fabam
meloniromance_concept_1992,fabellam
meloniromance_concept_1993,fabrum
meloniromance_concept_1994,fabricationem
meloniromance_concept_1995,fabricare
meloniromance_concept_1996,fabrire
meloniromance_concept_1997,fabulationem
meloniromance_concept_1998,fabulari
meloniromance_concept_1999,fabulosum
meloniromance_concept_2000,facetiam
meloniromance_concept_2001,facetum
meloniromance_concept_2002,facialem
meloniromance_concept_2003,faciem
meloniromance_concept_2004,facilitatem
meloniromance_concept_2005,facinorosum
meloniromance_concept_2006,facinus
meloniromance_concept_2007,factorem
meloniromance_concept_2008,facultatem
meloniromance_concept_2009,facundiam
meloniromance_concept_2010,facundum
meloniromance_concept_2011,faeculentum
meloniromance_concept_2012,faeneratorem
meloniromance_concept_2013,faenum
meloniromance_concept_2014,fageam
meloniromance_concept_2015,faginum
meloniromance_concept_2016,faldistolium
meloniromance_concept_2017,falsare
meloniromance_concept_2018,famam
meloniromance_concept_2019,famelicum
meloniromance_concept_2020,famigeratum
meloniromance_concept_2021,famosum
meloniromance_concept_2022,famulum
meloniromance_concept_2023,far
meloniromance_concept_2024,farcire
meloniromance_concept_2025,farinosum
meloniromance_concept_2026,farneum
meloniromance_concept_2027,farnum
meloniromance_concept_2028,farraginem
meloniromance_concept_2029,farreum
meloniromance_concept_2030,fartum
meloniromance_concept_2031,fascinam
meloniromance_concept_2032,fascinare
meloniromance_concept_2033,fascinum
meloniromance_concept_2034,fasciolam
meloniromance_concept_2035,fascem
meloniromance_concept_2036,fastidire
meloniromance_concept_2037,fastidiosum
meloniromance_concept_2038,fastidium
meloniromance_concept_2039,fastigium
meloniromance_concept_2040,fastum
meloniromance_concept_2041,fateri
meloniromance_concept_2042,fatidicum
meloniromance_concept_2043,fatigare
meloniromance_concept_2044,fatum
meloniromance_concept_2045,fauces
meloniromance_concept_2046,faustum
meloniromance_concept_2047,fautorem
meloniromance_concept_2048,faucem
meloniromance_concept_2049,favorem
meloniromance_concept_2050,fecundum
meloniromance_concept_2051,felicitatem
meloniromance_concept_2052,felicem
meloniromance_concept_2053,fellare
meloniromance_concept_2054,femellam
meloniromance_concept_2055,feminam
meloniromance_concept_2056,femininum
meloniromance_concept_2057,femoralem
meloniromance_concept_2058,femur
meloniromance_concept_2059,fenestram
meloniromance_concept_2060,fenuculum
meloniromance_concept_2061,feram
meloniromance_concept_2062,feralem
meloniromance_concept_2063,feretrum
meloniromance_concept_2064,ferias
meloniromance_concept_2065,ferire
meloniromance_concept_2066,feritatem
meloniromance_concept_2067,fermentationem
meloniromance_concept_2068,fermentum
meloniromance_concept_2069,fermium
meloniromance_concept_2070,ferramentum
meloniromance_concept_2071,ferrarium
meloniromance_concept_2072,ferratum
meloniromance_concept_2073,ferreum
meloniromance_concept_2074,ferruginem
meloniromance_concept_2075,ferulam
meloniromance_concept_2076,ferum
meloniromance_concept_2077,fervere
meloniromance_concept_2078,festinationem
meloniromance_concept_2079,festinare
meloniromance_concept_2080,festivitatem
meloniromance_concept_2081,festivum
meloniromance_concept_2082,festucam
meloniromance_concept_2083,festum
meloniromance_concept_2084,fetere
meloniromance_concept_2085,fetidum
meloniromance_concept_2086,fetare
meloniromance_concept_2087,fetorem
meloniromance_concept_2088,feudum
meloniromance_concept_2089,fibulam
meloniromance_concept_2090,fictionem
meloniromance_concept_2091,ficum
meloniromance_concept_2092,fidelem
meloniromance_concept_2093,fidelitatem
meloniromance_concept_2094,fidem
meloniromance_concept_2095,fidere
meloniromance_concept_2096,fiduciam
meloniromance_concept_2097,fidum
meloniromance_concept_2098,figere
meloniromance_concept_2099,figuram
meloniromance_concept_2100,filialem
meloniromance_concept_2101,filiastrum
meloniromance_concept_2102,filictum
meloniromance_concept_2103,filiolum
meloniromance_concept_2104,fimbriatum
meloniromance_concept_2105,fimetum
meloniromance_concept_2106,fimicolum
meloniromance_concept_2107,fimum
meloniromance_concept_2108,finalitatem
meloniromance_concept_2109,findere
meloniromance_concept_2110,finem
meloniromance_concept_2111,finitionem
meloniromance_concept_2112,fieri
meloniromance_concept_2113,firmitatem
meloniromance_concept_2114,firmum
meloniromance_concept_2115,fiscum
meloniromance_concept_2116,fissionem
meloniromance_concept_2117,flabellum
meloniromance_concept_2118,flabrum
meloniromance_concept_2119,flaccidum
meloniromance_concept_2120,flaccum
meloniromance_concept_2121,flagitium
meloniromance_concept_2122,flagrare
meloniromance_concept_2123,flaminem
meloniromance_concept_2124,flammam
meloniromance_concept_2125,flasconem
meloniromance_concept_2126,flatum
meloniromance_concept_2127,flebilem
meloniromance_concept_2128,flectere
meloniromance_concept_2129,flexibilitatem
meloniromance_concept_2130,flexionem
meloniromance_concept_2131,flexum
meloniromance_concept_2132,floccosum
meloniromance_concept_2133,florere
meloniromance_concept_2134,florescere
meloniromance_concept_2135,floribundum
meloniromance_concept_2136,floridum
meloniromance_concept_2137,florilegium
meloniromance_concept_2138,flosculum
meloniromance_concept_2139,fluctum
meloniromance_concept_2140,fluitare
meloniromance_concept_2141,flumen
meloniromance_concept_2142,fluere
meloniromance_concept_2143,fluvialem
meloniromance_concept_2144,fluvium
meloniromance_concept_2145,focarium
meloniromance_concept_2146,fodere
meloniromance_concept_2147,foedifragum
meloniromance_concept_2148,foedus
meloniromance_concept_2149,foliosum
meloniromance_concept_2150,follicare
meloniromance_concept_2151,folliculum
meloniromance_concept_2152,fomentum
meloniromance_concept_2153,fontem
meloniromance_concept_2154,fontanam
meloniromance_concept_2155,forensem
meloniromance_concept_2156,foriam
meloniromance_concept_2157,formam
meloniromance_concept_2158,formaticum
meloniromance_concept_2159,formicare
meloniromance_concept_2160,formiculam
meloniromance_concept_2161,formidulosum
meloniromance_concept_2162,formosum
meloniromance_concept_2163,fornaculam
meloniromance_concept_2164,fornacem
meloniromance_concept_2165,fornicatorem
meloniromance_concept_2166,fornicari
meloniromance_concept_2167,fornicem
meloniromance_concept_2168,forare
meloniromance_concept_2169,fortificare
meloniromance_concept_2170,fortem
meloniromance_concept_2171,fortitudinem
meloniromance_concept_2172,fortuitum
meloniromance_concept_2173,forum
meloniromance_concept_2174,fossam
meloniromance_concept_2175,fossatum
meloniromance_concept_2176,fossulam
meloniromance_concept_2177,fovealem
meloniromance_concept_2178,fragosum
meloniromance_concept_2179,fragrare
meloniromance_concept_2180,francensem
meloniromance_concept_2181,frangere
meloniromance_concept_2182,fratellum
meloniromance_concept_2183,fraternalem
meloniromance_concept_2184,fraternitatem
meloniromance_concept_2185,fraternum
meloniromance_concept_2186,fraxineum
meloniromance_concept_2187,fraxinum
meloniromance_concept_2188,fremitum
meloniromance_concept_2189,fremere
meloniromance_concept_2190,frendere
meloniromance_concept_2191,frenare
meloniromance_concept_2192,frequentem
meloniromance_concept_2193,frequentare
meloniromance_concept_2194,frictionem
meloniromance_concept_2195,frigiditatem
meloniromance_concept_2196,frigidum
meloniromance_concept_2197,fringillam
meloniromance_concept_2198,frondosum
meloniromance_concept_2199,frontalem
meloniromance_concept_2200,frontonem
meloniromance_concept_2201,fructuosum
meloniromance_concept_2202,fructum
meloniromance_concept_2203,fruitionem
meloniromance_concept_2204,frui
meloniromance_concept_2205,frustam
meloniromance_concept_2206,fruticem
meloniromance_concept_2207,fruticetum
meloniromance_concept_2208,fruticosum
meloniromance_concept_2209,fucum
meloniromance_concept_2210,fugacem
meloniromance_concept_2211,fugare
meloniromance_concept_2212,fulcrum
meloniromance_concept_2213,fulgere
meloniromance_concept_2214,fulgorem
meloniromance_concept_2215,fulgur
meloniromance_concept_2216,fulgurare
meloniromance_concept_2217,fulicam
meloniromance_concept_2218,fuliginem
meloniromance_concept_2219,fullonem
meloniromance_concept_2220,fulminare
meloniromance_concept_2221,fulvum
meloniromance_concept_2222,fumariolum
meloniromance_concept_2223,fumigare
meloniromance_concept_2224,fumosum
meloniromance_concept_2225,fundam
meloniromance_concept_2226,fundamentum
meloniromance_concept_2227,fundatorem
meloniromance_concept_2228,fundibulum
meloniromance_concept_2229,funebrem
meloniromance_concept_2230,funeraticium
meloniromance_concept_2231,funereum
meloniromance_concept_2232,funestum
meloniromance_concept_2233,fungi
meloniromance_concept_2234,fungosum
meloniromance_concept_2235,funiculum
meloniromance_concept_2236,funem
meloniromance_concept_2237,furem
meloniromance_concept_2238,furcillam
meloniromance_concept_2239,furfurem
meloniromance_concept_2240,furibundum
meloniromance_concept_2241,furiosum
meloniromance_concept_2242,furari
meloniromance_concept_2243,furtivum
meloniromance_concept_2244,furtum
meloniromance_concept_2245,furunculum
meloniromance_concept_2246,fuscinam
meloniromance_concept_2247,fustam
meloniromance_concept_2248,fustigare
meloniromance_concept_2249,fustem
meloniromance_concept_2250,fututionem
meloniromance_concept_2251,gabatam
meloniromance_concept_2252,gagaten
meloniromance_concept_2253,galbinum
meloniromance_concept_2254,galeam
meloniromance_concept_2255,galenam
meloniromance_concept_2256,galerum
meloniromance_concept_2257,gallam
meloniromance_concept_2258,gallaecum
meloniromance_concept_2259,galletam
meloniromance_concept_2260,gallicinium
meloniromance_concept_2261,gallinaceum
meloniromance_concept_2262,gallum
meloniromance_concept_2263,gambam
meloniromance_concept_2264,gangamon
meloniromance_concept_2265,gannire
meloniromance_concept_2266,ganare
meloniromance_concept_2267,garrire
meloniromance_concept_2268,garrulum
meloniromance_concept_2269,garum
meloniromance_concept_2270,gasem
meloniromance_concept_2271,gastaldum
meloniromance_concept_2272,gasterem
meloniromance_concept_2273,gaudere
meloniromance_concept_2274,gaudium
meloniromance_concept_2275,gelare
meloniromance_concept_2276,gelu
meloniromance_concept_2277,gemellum
meloniromance_concept_2278,geminationem
meloniromance_concept_2279,geminare
meloniromance_concept_2280,gemitum
meloniromance_concept_2281,gemmam
meloniromance_concept_2282,gemmulam
meloniromance_concept_2283,genam
meloniromance_concept_2284,genestam
meloniromance_concept_2285,genetricem
meloniromance_concept_2286,genialem
meloniromance_concept_2287,genitivum
meloniromance_concept_2288,gentilem
meloniromance_concept_2289,gentilitatem
meloniromance_concept_2290,genus
meloniromance_concept_2291,geographiam
meloniromance_concept_2292,geographicum
meloniromance_concept_2293,geographum
meloniromance_concept_2294,geometriam
meloniromance_concept_2295,germanicum
meloniromance_concept_2296,germanitatem
meloniromance_concept_2297,germanum
meloniromance_concept_2298,germen
meloniromance_concept_2299,gerere
meloniromance_concept_2300,gerundium
meloniromance_concept_2301,gestire
meloniromance_concept_2302,geusias
meloniromance_concept_2303,gibbum
meloniromance_concept_2304,glaciem
meloniromance_concept_2305,gladiolum
meloniromance_concept_2306,gladium
meloniromance_concept_2307,glandulosum
meloniromance_concept_2308,glaream
meloniromance_concept_2309,glareosum
meloniromance_concept_2310,glattire
meloniromance_concept_2311,glaucum
meloniromance_concept_2312,glirem
meloniromance_concept_2313,glocire
meloniromance_concept_2314,gloriari
meloniromance_concept_2315,gloriosissimum
meloniromance_concept_2316,glossam
meloniromance_concept_2317,glottidem
meloniromance_concept_2318,gluten
meloniromance_concept_2319,gluttire
meloniromance_concept_2320,gluttonem
meloniromance_concept_2321,gobium
meloniromance_concept_2322,gomphum
meloniromance_concept_2323,gonorrhoeam
meloniromance_concept_2324,goryton
meloniromance_concept_2325,grabatum
meloniromance_concept_2326,gracilem
meloniromance_concept_2327,graculam
meloniromance_concept_2328,graculum
meloniromance_concept_2329,gradum
meloniromance_concept_2330,gramen
meloniromance_concept_2331,gramineum
meloniromance_concept_2332,grammaticalem
meloniromance_concept_2333,granarium
meloniromance_concept_2334,granatum
meloniromance_concept_2335,grandem
meloniromance_concept_2336,grandinem
meloniromance_concept_2337,granum
meloniromance_concept_2338,graphiarium
meloniromance_concept_2339,graphium
meloniromance_concept_2340,grassari
meloniromance_concept_2341,gratificari
meloniromance_concept_2342,gratiosum
meloniromance_concept_2343,gratitudinem
meloniromance_concept_2344,gratuitum
meloniromance_concept_2345,gratum
meloniromance_concept_2346,gravidum
meloniromance_concept_2347,gravitationem
meloniromance_concept_2348,gravare
meloniromance_concept_2349,gremium
meloniromance_concept_2350,gregem
meloniromance_concept_2351,gromam
meloniromance_concept_2352,grumulum
meloniromance_concept_2353,grumum
meloniromance_concept_2354,grundam
meloniromance_concept_2355,grunnire
meloniromance_concept_2356,gryphem
meloniromance_concept_2357,gubernaculum
meloniromance_concept_2358,gubernatorem
meloniromance_concept_2359,gubernatricem
meloniromance_concept_2360,gulam
meloniromance_concept_2361,gunnam
meloniromance_concept_2362,gurdum
meloniromance_concept_2363,gustationem
meloniromance_concept_2364,gustum
meloniromance_concept_2365,guttum
meloniromance_concept_2366,gypsum
meloniromance_concept_2367,gyrare
meloniromance_concept_2368,habilem
meloniromance_concept_2369,habilitatem
meloniromance_concept_2370,habilitare
meloniromance_concept_2371,habitationem
meloniromance_concept_2372,habitare
meloniromance_concept_2373,habitualem
meloniromance_concept_2374,habitudinem
meloniromance_concept_2375,habitum
meloniromance_concept_2376,haedum
meloniromance_concept_2377,haematiten
meloniromance_concept_2378,haerere
meloniromance_concept_2379,haereticum
meloniromance_concept_2380,haesitare
meloniromance_concept_2381,halitum
meloniromance_concept_2382,hallum
meloniromance_concept_2383,hariolum
meloniromance_concept_2384,harpen
meloniromance_concept_2385,haruspicem
meloniromance_concept_2386,hastam
meloniromance_concept_2387,haurire
meloniromance_concept_2388,hebdomadarium
meloniromance_concept_2389,hebdomadem
meloniromance_concept_2390,hebenum
meloniromance_concept_2391,hebetem
meloniromance_concept_2392,hebetare
meloniromance_concept_2393,hebraeum
meloniromance_concept_2394,helcium
meloniromance_concept_2395,helium
meloniromance_concept_2396,hemicraniam
meloniromance_concept_2397,hepaticum
meloniromance_concept_2398,herbaceum
meloniromance_concept_2399,herbarium
meloniromance_concept_2400,herbosum
meloniromance_concept_2401,hereditatem
meloniromance_concept_2402,hereditare
meloniromance_concept_2403,heremum
meloniromance_concept_2404,heredem
meloniromance_concept_2405,heroem
meloniromance_concept_2406,hesternum
meloniromance_concept_2407,hibernalem
meloniromance_concept_2408,hiemalem
meloniromance_concept_2409,hierarcham
meloniromance_concept_2410,hierosolymitanum
meloniromance_concept_2411,hilarem
meloniromance_concept_2412,hilum
meloniromance_concept_2413,hinnire
meloniromance_concept_2414,hircinum
meloniromance_concept_2415,hirsutum
meloniromance_concept_2416,hirundinem
meloniromance_concept_2417,hispanicum
meloniromance_concept_2418,hispanum
meloniromance_concept_2419,histrionem
meloniromance_concept_2420,hodiernum
meloniromance_concept_2421,homicidam
meloniromance_concept_2422,homicidalem
meloniromance_concept_2423,homicidium
meloniromance_concept_2424,honestatem
meloniromance_concept_2425,honorem
meloniromance_concept_2426,honorabilem
meloniromance_concept_2427,honorarium
meloniromance_concept_2428,honorificentiam
meloniromance_concept_2429,honorificum
meloniromance_concept_2430,hordeum
meloniromance_concept_2431,horizzonta
meloniromance_concept_2432,horrendum
meloniromance_concept_2433,horrere
meloniromance_concept_2434,horreum
meloniromance_concept_2435,horridum
meloniromance_concept_2436,horrificum
meloniromance_concept_2437,horripilationem
meloniromance_concept_2438,hortulanum
meloniromance_concept_2439,hortum
meloniromance_concept_2440,hospitem
meloniromance_concept_2441,hospitale
meloniromance_concept_2442,hospitatorem
meloniromance_concept_2443,hospitium
meloniromance_concept_2444,hospitare
meloniromance_concept_2445,hospitari
meloniromance_concept_2446,hostiam
meloniromance_concept_2447,hostilem
meloniromance_concept_2448,humidum
meloniromance_concept_2449,humiliationem
meloniromance_concept_2450,humiliare
meloniromance_concept_2451,humum
meloniromance_concept_2452,hybridam
meloniromance_concept_2453,hydrargyrum
meloniromance_concept_2454,hymnum
meloniromance_concept_2455,hypaethrum
meloniromance_concept_2456,hypnoticum
meloniromance_concept_2457,hypogaeum
meloniromance_concept_2458,hypothecam
meloniromance_concept_2459,hysopum
meloniromance_concept_2460,iactare
meloniromance_concept_2461,iactum
meloniromance_concept_2462,ianiculum
meloniromance_concept_2463,iaspidem
meloniromance_concept_2464,ibicem
meloniromance_concept_2465,ibemibin
meloniromance_concept_2466,identicum
meloniromance_concept_2467,identitatem
meloniromance_concept_2468,idololatram
meloniromance_concept_2469,idoneitatem
meloniromance_concept_2470,idoneum
meloniromance_concept_2471,ieiunium
meloniromance_concept_2472,ieiunare
meloniromance_concept_2473,ientare
meloniromance_concept_2474,ignarum
meloniromance_concept_2475,igneum
meloniromance_concept_2476,ignem
meloniromance_concept_2477,ignobilem
meloniromance_concept_2478,ignominiam
meloniromance_concept_2479,ignorare
meloniromance_concept_2480,ignoscere
meloniromance_concept_2481,ignotum
meloniromance_concept_2482,ile
meloniromance_concept_2483,ilicem
meloniromance_concept_2484,illaesum
meloniromance_concept_2485,illationem
meloniromance_concept_2486,illativum
meloniromance_concept_2487,illecebram
meloniromance_concept_2488,illegalem
meloniromance_concept_2489,illunc
meloniromance_concept_2490,illigare
meloniromance_concept_2491,illudere
meloniromance_concept_2492,illunem
meloniromance_concept_2493,illusionem
meloniromance_concept_2494,illustrem
meloniromance_concept_2495,imaginativum
meloniromance_concept_2496,imaginosum
meloniromance_concept_2497,imaginem
meloniromance_concept_2498,imbecillitatem
meloniromance_concept_2499,imbecillum
meloniromance_concept_2500,imberbem
meloniromance_concept_2501,imbibere
meloniromance_concept_2502,imbriferum
meloniromance_concept_2503,imbuere
meloniromance_concept_2504,imitatorem
meloniromance_concept_2505,imitari
meloniromance_concept_2506,immaculatum
meloniromance_concept_2507,immarcescibilem
meloniromance_concept_2508,immaturitatem
meloniromance_concept_2509,immaturum
meloniromance_concept_2510,immediatum
meloniromance_concept_2511,immergere
meloniromance_concept_2512,immeritum
meloniromance_concept_2513,imminere
meloniromance_concept_2514,immiscere
meloniromance_concept_2515,immolationem
meloniromance_concept_2516,immolare
meloniromance_concept_2517,immunditiam
meloniromance_concept_2518,immunem
meloniromance_concept_2519,immutabilem
meloniromance_concept_2520,immutare
meloniromance_concept_2521,imparem
meloniromance_concept_2522,impartire
meloniromance_concept_2523,impavidum
meloniromance_concept_2524,impedimentum
meloniromance_concept_2525,impedire
meloniromance_concept_2526,impellere
meloniromance_concept_2527,impendere
meloniromance_concept_2528,imperatorium
meloniromance_concept_2529,imperatricem
meloniromance_concept_2530,imperceptibilem
meloniromance_concept_2531,imperialem
meloniromance_concept_2532,imperiosum
meloniromance_concept_2533,imperitiam
meloniromance_concept_2534,imperitum
meloniromance_concept_2535,imperium
meloniromance_concept_2536,imperare
meloniromance_concept_2537,impetiginem
meloniromance_concept_2538,impetrare
meloniromance_concept_2539,impetum
meloniromance_concept_2540,impingere
meloniromance_concept_2541,impium
meloniromance_concept_2542,implementum
meloniromance_concept_2543,implicare
meloniromance_concept_2544,implorare
meloniromance_concept_2545,impluvium
meloniromance_concept_2546,importunitatem
meloniromance_concept_2547,importunum
meloniromance_concept_2548,impositionem
meloniromance_concept_2549,imprecari
meloniromance_concept_2550,improbationem
meloniromance_concept_2551,improbitatem
meloniromance_concept_2552,improbare
meloniromance_concept_2553,improbum
meloniromance_concept_2554,impudentem
meloniromance_concept_2555,impudicum
meloniromance_concept_2556,impugnare
meloniromance_concept_2557,impulsionem
meloniromance_concept_2558,impulsivum
meloniromance_concept_2559,impulsum
meloniromance_concept_2560,inalbare
meloniromance_concept_2561,inauditum
meloniromance_concept_2562,incanescere
meloniromance_concept_2563,incantare
meloniromance_concept_2564,incapacem
meloniromance_concept_2565,incarnationem
meloniromance_concept_2566,incarnare
meloniromance_concept_2567,incautum
meloniromance_concept_2568,incedere
meloniromance_concept_2569,incendiarium
meloniromance_concept_2570,incendium
meloniromance_concept_2571,incendere
meloniromance_concept_2572,incensum
meloniromance_concept_2573,incentivum
meloniromance_concept_2574,inceptionem
meloniromance_concept_2575,inceptivum
meloniromance_concept_2576,inceptare
meloniromance_concept_2577,incidere
meloniromance_concept_2578,incinerare
meloniromance_concept_2579,incitationem
meloniromance_concept_2580,inclitum
meloniromance_concept_2581,includere
meloniromance_concept_2582,incolam
meloniromance_concept_2583,incolumem
meloniromance_concept_2584,incommodare
meloniromance_concept_2585,incompetentem
meloniromance_concept_2586,inconcussum
meloniromance_concept_2587,inconsequentem
meloniromance_concept_2588,inconstantem
meloniromance_concept_2589,inconvenientem
meloniromance_concept_2590,incrassare
meloniromance_concept_2591,incredibilem
meloniromance_concept_2592,incrementum
meloniromance_concept_2593,increpare
meloniromance_concept_2594,incubare
meloniromance_concept_2595,incubum
meloniromance_concept_2596,inculcare
meloniromance_concept_2597,incumbere
meloniromance_concept_2598,incuriosum
meloniromance_concept_2599,incurrere
meloniromance_concept_2600,incurvare
meloniromance_concept_2601,incudem
meloniromance_concept_2602,indagare
meloniromance_concept_2603,indefinitum
meloniromance_concept_2604,indemnem
meloniromance_concept_2605,indicatorem
meloniromance_concept_2606,indicium
meloniromance_concept_2607,indictum
meloniromance_concept_2608,indigentiam
meloniromance_concept_2609,indigere
meloniromance_concept_2610,indignationem
meloniromance_concept_2611,indignitatem
meloniromance_concept_2612,indignari
meloniromance_concept_2613,indignum
meloniromance_concept_2614,indiscretionem
meloniromance_concept_2615,indolem
meloniromance_concept_2616,indulgere
meloniromance_concept_2617,indurescere
meloniromance_concept_2618,indurare
meloniromance_concept_2619,indusium
meloniromance_concept_2620,inebriare
meloniromance_concept_2621,inexorabilem
meloniromance_concept_2622,infandum
meloniromance_concept_2623,infantiam
meloniromance_concept_2624,infectionem
meloniromance_concept_2625,infectum
meloniromance_concept_2626,infelicem
meloniromance_concept_2627,inferiam
meloniromance_concept_2628,inferibilem
meloniromance_concept_2629,inferiorem
meloniromance_concept_2630,inferre
meloniromance_concept_2631,inferum
meloniromance_concept_2632,infestare
meloniromance_concept_2633,infestum
meloniromance_concept_2634,inficere
meloniromance_concept_2635,infigere
meloniromance_concept_2636,infimum
meloniromance_concept_2637,infirmitatem
meloniromance_concept_2638,infirmare
meloniromance_concept_2639,infirmum
meloniromance_concept_2640,inflammationem
meloniromance_concept_2641,inflationem
meloniromance_concept_2642,inflectionem
meloniromance_concept_2643,inflectere
meloniromance_concept_2644,inflictionem
meloniromance_concept_2645,infligere
meloniromance_concept_2646,influere
meloniromance_concept_2647,informem
meloniromance_concept_2648,infortunium
meloniromance_concept_2649,infrenare
meloniromance_concept_2650,infringere
meloniromance_concept_2651,infundere
meloniromance_concept_2652,infuscare
meloniromance_concept_2653,ingeminare
meloniromance_concept_2654,ingenerare
meloniromance_concept_2655,ingeniosum
meloniromance_concept_2656,ingenium
meloniromance_concept_2657,ingerere
meloniromance_concept_2658,ingluviem
meloniromance_concept_2659,ingratum
meloniromance_concept_2660,ingven
meloniromance_concept_2661,inhaerere
meloniromance_concept_2662,inhalare
meloniromance_concept_2663,inhumanitatem
meloniromance_concept_2664,iniectionem
meloniromance_concept_2665,inimicitiam
meloniromance_concept_2666,inimicare
meloniromance_concept_2667,iniquum
meloniromance_concept_2668,initialem
meloniromance_concept_2669,initium
meloniromance_concept_2670,iniudicatum
meloniromance_concept_2671,iniunctionem
meloniromance_concept_2672,iniuriam
meloniromance_concept_2673,iniuriatorem
meloniromance_concept_2674,iniuriosum
meloniromance_concept_2675,iniustum
meloniromance_concept_2676,innocuum
meloniromance_concept_2677,innovationem
meloniromance_concept_2678,innuere
meloniromance_concept_2679,inofficiosum
meloniromance_concept_2680,inopinatum
meloniromance_concept_2681,incvietare
meloniromance_concept_2682,incvietudinem
meloniromance_concept_2683,incvietum
meloniromance_concept_2684,incvilinatum
meloniromance_concept_2685,incvilinum
meloniromance_concept_2686,incvinare
meloniromance_concept_2687,incvirere
meloniromance_concept_2688,insanabilem
meloniromance_concept_2689,insaniam
meloniromance_concept_2690,insanum
meloniromance_concept_2691,inscientem
meloniromance_concept_2692,inscientiam
meloniromance_concept_2693,inscitiam
meloniromance_concept_2694,inscium
meloniromance_concept_2695,inscribere
meloniromance_concept_2696,insequi
meloniromance_concept_2697,inserere
meloniromance_concept_2698,insertionem
meloniromance_concept_2699,insidiari
meloniromance_concept_2700,insigne
meloniromance_concept_2701,insignem
meloniromance_concept_2702,insignare
meloniromance_concept_2703,insinuare
meloniromance_concept_2704,insolationem
meloniromance_concept_2705,insolitum
meloniromance_concept_2706,insomnem
meloniromance_concept_2707,insontem
meloniromance_concept_2708,inspectare
meloniromance_concept_2709,instar
meloniromance_concept_2710,instaurare
meloniromance_concept_2711,instituere
meloniromance_concept_2712,instructionem
meloniromance_concept_2713,instrumentalem
meloniromance_concept_2714,instruere
meloniromance_concept_2715,insufflare
meloniromance_concept_2716,insularem
meloniromance_concept_2717,insulatum
meloniromance_concept_2718,insulsum
meloniromance_concept_2719,insultum
meloniromance_concept_2720,insumere
meloniromance_concept_2721,insurgere
meloniromance_concept_2722,integrum
meloniromance_concept_2723,integrare
meloniromance_concept_2724,intellectionem
meloniromance_concept_2725,intellectum
meloniromance_concept_2726,intellegere
meloniromance_concept_2727,intempestivitatem
meloniromance_concept_2728,intempestivum
meloniromance_concept_2729,intentionem
meloniromance_concept_2730,intentare
meloniromance_concept_2731,intentum
meloniromance_concept_2732,intercedere
meloniromance_concept_2733,intercidere
meloniromance_concept_2734,intercludere
meloniromance_concept_2735,interdicere
meloniromance_concept_2736,interiectivum
meloniromance_concept_2737,interiectionem
meloniromance_concept_2738,interloqui
meloniromance_concept_2739,interlunium
meloniromance_concept_2740,intermedium
meloniromance_concept_2741,intermittere
meloniromance_concept_2742,interponere
meloniromance_concept_2743,interpretabilem
meloniromance_concept_2744,interpretari
meloniromance_concept_2745,interpungere
meloniromance_concept_2746,interrumpere
meloniromance_concept_2747,interruptionem
meloniromance_concept_2748,interventionem
meloniromance_concept_2749,intervertere
meloniromance_concept_2750,intestinalem
meloniromance_concept_2751,intimationem
meloniromance_concept_2752,intorquere
meloniromance_concept_2753,intrinsecum
meloniromance_concept_2754,introductionem
meloniromance_concept_2755,introetum
meloniromance_concept_2756,intromittere
meloniromance_concept_2757,introrumpere
meloniromance_concept_2758,introspicere
meloniromance_concept_2759,intueri
meloniromance_concept_2760,intuitum
meloniromance_concept_2761,inultum
meloniromance_concept_2762,inundationem
meloniromance_concept_2763,inundare
meloniromance_concept_2764,inusitatum
meloniromance_concept_2765,invalidum
meloniromance_concept_2766,inventorem
meloniromance_concept_2767,inventricem
meloniromance_concept_2768,invertere
meloniromance_concept_2769,investigationem
meloniromance_concept_2770,investigare
meloniromance_concept_2771,investire
meloniromance_concept_2772,inveterare
meloniromance_concept_2773,invictum
meloniromance_concept_2774,invidiam
meloniromance_concept_2775,invidiosum
meloniromance_concept_2776,invidum
meloniromance_concept_2777,invigilare
meloniromance_concept_2778,invitationem
meloniromance_concept_2779,invitare
meloniromance_concept_2780,involvere
meloniromance_concept_2781,iocosum
meloniromance_concept_2782,iocularem
meloniromance_concept_2783,ipsum
meloniromance_concept_2784,iram
meloniromance_concept_2785,iracundiam
meloniromance_concept_2786,iracundum
meloniromance_concept_2787,irascibilem
meloniromance_concept_2788,iratum
meloniromance_concept_2789,irregularem
meloniromance_concept_2790,irrequietum
meloniromance_concept_2791,irrigare
meloniromance_concept_2792,irritare
meloniromance_concept_2793,irrogare
meloniromance_concept_2794,irrumpere
meloniromance_concept_2795,istum
meloniromance_concept_2796,italianum
meloniromance_concept_2797,iter
meloniromance_concept_2798,iterationem
meloniromance_concept_2799,iterare
meloniromance_concept_2800,itinerarium
meloniromance_concept_2801,iubam
meloniromance_concept_2802,iubatum
meloniromance_concept_2803,iubilationem
meloniromance_concept_2804,iubilare
meloniromance_concept_2805,iucunditatem
meloniromance_concept_2806,iucundum
meloniromance_concept_2807,iudaeum
meloniromance_concept_2808,iudicabilem
meloniromance_concept_2809,iudicativum
meloniromance_concept_2810,iudicatorem
meloniromance_concept_2811,iudicatorium
meloniromance_concept_2812,iudicatricem
meloniromance_concept_2813,iudicatum
meloniromance_concept_2814,iudicialem
meloniromance_concept_2815,iudiciarium
meloniromance_concept_2816,iudicium
meloniromance_concept_2817,iugalem
meloniromance_concept_2818,iugerum
meloniromance_concept_2819,iugulare
meloniromance_concept_2820,iugulum
meloniromance_concept_2821,iulianum
meloniromance_concept_2822,iumentum
meloniromance_concept_2823,iuncturam
meloniromance_concept_2824,iungere
meloniromance_concept_2825,iuniorem
meloniromance_concept_2826,iuniperum
meloniromance_concept_2827,iuramentum
meloniromance_concept_2828,iurativum
meloniromance_concept_2829,iuratorem
meloniromance_concept_2830,iuratorium
meloniromance_concept_2831,iureconsultum
meloniromance_concept_2832,iuridicum
meloniromance_concept_2833,iurisprudentem
meloniromance_concept_2834,iurisprudentiam
meloniromance_concept_2835,ius
meloniromance_concept_2836,iustificationem
meloniromance_concept_2837,iustificatorem
meloniromance_concept_2838,iustum
meloniromance_concept_2839,iuvencam
meloniromance_concept_2840,iuvencum
meloniromance_concept_2841,iuventutem
meloniromance_concept_2842,iuvare
meloniromance_concept_2843,ianuam
meloniromance_concept_2844,calendas
meloniromance_concept_2845,labialem
meloniromance_concept_2846,labinam
meloniromance_concept_2847,laborem
meloniromance_concept_2848,laboratorem
meloniromance_concept_2849,laboratorium
meloniromance_concept_2850,laborare
meloniromance_concept_2851,labrum
meloniromance_concept_2852,labruscam
meloniromance_concept_2853,lacerare
meloniromance_concept_2854,laciniam
meloniromance_concept_2855,lacrimam
meloniromance_concept_2856,lacrimationem
meloniromance_concept_2857,lacrimare
meloniromance_concept_2858,lacrimosum
meloniromance_concept_2859,lactarium
meloniromance_concept_2860,lacteum
meloniromance_concept_2861,lacticinium
meloniromance_concept_2862,lactare
meloniromance_concept_2863,lacustrem
meloniromance_concept_2864,laetitiam
meloniromance_concept_2865,laetum
meloniromance_concept_2866,laicum
meloniromance_concept_2867,lamam
meloniromance_concept_2868,lambere
meloniromance_concept_2869,lamentare
meloniromance_concept_2870,lamentum
meloniromance_concept_2871,lampadem
meloniromance_concept_2872,lanceare
meloniromance_concept_2873,lanceolam
meloniromance_concept_2874,lanciarium
meloniromance_concept_2875,landicam
meloniromance_concept_2876,langvidum
meloniromance_concept_2877,langvorem
meloniromance_concept_2878,lanosum
meloniromance_concept_2879,lanternam
meloniromance_concept_2880,lapidarium
meloniromance_concept_2881,lapidationem
meloniromance_concept_2882,lapidare
meloniromance_concept_2883,lapillum
meloniromance_concept_2884,lapidem
meloniromance_concept_2885,lardum
meloniromance_concept_2886,largitionem
meloniromance_concept_2887,largum
meloniromance_concept_2888,larvam
meloniromance_concept_2889,lasanum
meloniromance_concept_2890,lassitudinem
meloniromance_concept_2891,lassare
meloniromance_concept_2892,lassum
meloniromance_concept_2893,laterculum
meloniromance_concept_2894,latericium
meloniromance_concept_2895,latifundium
meloniromance_concept_2896,latitare
meloniromance_concept_2897,latitudinem
meloniromance_concept_2898,latronem
meloniromance_concept_2899,latum
meloniromance_concept_2900,laudationem
meloniromance_concept_2901,laudatorem
meloniromance_concept_2902,laureatum
meloniromance_concept_2903,laurocerasum
meloniromance_concept_2904,laurum
meloniromance_concept_2905,laudem
meloniromance_concept_2906,lautumiam
meloniromance_concept_2907,lavationem
meloniromance_concept_2908,lavatorium
meloniromance_concept_2909,laverem
meloniromance_concept_2910,laxum
meloniromance_concept_2911,lecticam
meloniromance_concept_2912,lectorem
meloniromance_concept_2913,lectuarium
meloniromance_concept_2914,lectum
meloniromance_concept_2915,ledonem
meloniromance_concept_2916,legalem
meloniromance_concept_2917,legatum
meloniromance_concept_2918,legere
meloniromance_concept_2919,leguleium
meloniromance_concept_2920,lemma
meloniromance_concept_2921,lenem
meloniromance_concept_2922,lenitatem
meloniromance_concept_2923,lentum
meloniromance_concept_2924,leonatum
meloniromance_concept_2925,leopardum
meloniromance_concept_2926,lepram
meloniromance_concept_2927,leprosum
meloniromance_concept_2928,levigare
meloniromance_concept_2929,legem
meloniromance_concept_2930,libellam
meloniromance_concept_2931,libellulam
meloniromance_concept_2932,libellum
meloniromance_concept_2933,liberum
meloniromance_concept_2934,liberalitatem
meloniromance_concept_2935,liberationem
meloniromance_concept_2936,liberatorem
meloniromance_concept_2937,libidinem
meloniromance_concept_2938,libare
meloniromance_concept_2939,librarium
meloniromance_concept_2940,librationem
meloniromance_concept_2941,licere
meloniromance_concept_2942,lichena
meloniromance_concept_2943,lictorem
meloniromance_concept_2944,lienem
meloniromance_concept_2945,ligamen
meloniromance_concept_2946,ligamentum
meloniromance_concept_2947,ligationem
meloniromance_concept_2948,lignarium
meloniromance_concept_2949,lignatorem
meloniromance_concept_2950,ligneum
meloniromance_concept_2951,lignari
meloniromance_concept_2952,ligustrum
meloniromance_concept_2953,limam
meloniromance_concept_2954,limacem
meloniromance_concept_2955,limen
meloniromance_concept_2956,limitare
meloniromance_concept_2957,limitrophum
meloniromance_concept_2958,limare
meloniromance_concept_2959,limosum
meloniromance_concept_2960,limpidum
meloniromance_concept_2961,limum
meloniromance_concept_2962,linarium
meloniromance_concept_2963,lineam
meloniromance_concept_2964,lineamentum
meloniromance_concept_2965,lineare
meloniromance_concept_2966,lineum
meloniromance_concept_2967,lingere
meloniromance_concept_2968,lingulam
meloniromance_concept_2969,lintrem
meloniromance_concept_2970,linteum
meloniromance_concept_2971,liquamen
meloniromance_concept_2972,litem
meloniromance_concept_2973,litigare
meloniromance_concept_2974,litare
meloniromance_concept_2975,litteram
meloniromance_concept_2976,liturgiam
meloniromance_concept_2977,livorem
meloniromance_concept_2978,localem
meloniromance_concept_2979,locarium
meloniromance_concept_2980,locationem
meloniromance_concept_2981,locellum
meloniromance_concept_2982,locare
meloniromance_concept_2983,loculum
meloniromance_concept_2984,locutionem
meloniromance_concept_2985,locutorem
meloniromance_concept_2986,logeum
meloniromance_concept_2987,logomachiam
meloniromance_concept_2988,loliginem
meloniromance_concept_2989,lolium
meloniromance_concept_2990,longaevum
meloniromance_concept_2991,longanimitatem
meloniromance_concept_2992,longincvitatem
meloniromance_concept_2993,longitudinem
meloniromance_concept_2994,loquacitatem
meloniromance_concept_2995,loquacem
meloniromance_concept_2996,loricam
meloniromance_concept_2997,lorum
meloniromance_concept_2998,lubricitatem
meloniromance_concept_2999,lubricare
meloniromance_concept_3000,lubricum
meloniromance_concept_3001,lucanicam
meloniromance_concept_3002,lucernam
meloniromance_concept_3003,lucidum
meloniromance_concept_3004,luciferum
meloniromance_concept_3005,lucium
meloniromance_concept_3006,lucrari
meloniromance_concept_3007,lucrum
meloniromance_concept_3008,luctari
meloniromance_concept_3009,luctum
meloniromance_concept_3010,lucubrationem
meloniromance_concept_3011,lucubrare
meloniromance_concept_3012,luculentum
meloniromance_concept_3013,lucumonem
meloniromance_concept_3014,lucum
meloniromance_concept_3015,ludibrium
meloniromance_concept_3016,ludere
meloniromance_concept_3017,lumbum
meloniromance_concept_3018,luminare
meloniromance_concept_3019,luminare
meloniromance_concept_3020,luminosum
meloniromance_concept_3021,lunarem
meloniromance_concept_3022,lunationem
meloniromance_concept_3023,lunulam
meloniromance_concept_3024,lupam
meloniromance_concept_3025,lupanar
meloniromance_concept_3026,lupinum
meloniromance_concept_3027,luridum
meloniromance_concept_3028,lusciniam
meloniromance_concept_3029,luscum
meloniromance_concept_3030,lustrare
meloniromance_concept_3031,lustrum
meloniromance_concept_3032,luteum
meloniromance_concept_3033,lutosum
meloniromance_concept_3034,lutram
meloniromance_concept_3035,lutum
meloniromance_concept_3036,lucem
meloniromance_concept_3037,luxare
meloniromance_concept_3038,luxuriam
meloniromance_concept_3039,luxuriosum
meloniromance_concept_3040,lyncem
meloniromance_concept_3041,lyricum
meloniromance_concept_3042,lyristen
meloniromance_concept_3043,macellarium
meloniromance_concept_3044,macellum
meloniromance_concept_3045,maceriam
meloniromance_concept_3046,machinari
meloniromance_concept_3047,mactare
meloniromance_concept_3048,maculam
meloniromance_concept_3049,maculare
meloniromance_concept_3050,maculosum
meloniromance_concept_3051,madidum
meloniromance_concept_3052,madorem
meloniromance_concept_3053,maenianum
meloniromance_concept_3054,maestum
meloniromance_concept_3055,magicum
meloniromance_concept_3056,magnatem
meloniromance_concept_3057,magnesium
meloniromance_concept_3058,magnitudinem
meloniromance_concept_3059,magnum
meloniromance_concept_3060,magum
meloniromance_concept_3061,maialem
meloniromance_concept_3062,maiestatem
meloniromance_concept_3063,maledicere
meloniromance_concept_3064,maledictionem
meloniromance_concept_3065,malefacere
meloniromance_concept_3066,malefactorem
meloniromance_concept_3067,maleficium
meloniromance_concept_3068,malesanum
meloniromance_concept_3069,malignum
meloniromance_concept_3070,malogranatum
meloniromance_concept_3071,maltham
meloniromance_concept_3072,malum
meloniromance_concept_3073,malumcotonium
meloniromance_concept_3074,malum
meloniromance_concept_3075,malvam
meloniromance_concept_3076,mamillam
meloniromance_concept_3077,mammonam
meloniromance_concept_3078,mamphurem
meloniromance_concept_3079,mancipem
meloniromance_concept_3080,mancipium
meloniromance_concept_3081,mancum
meloniromance_concept_3082,mandare
meloniromance_concept_3083,mandram
meloniromance_concept_3084,manducare
meloniromance_concept_3085,manere
meloniromance_concept_3086,manicam
meloniromance_concept_3087,manicare
meloniromance_concept_3088,manifestare
meloniromance_concept_3089,manifestum
meloniromance_concept_3090,manipulum
meloniromance_concept_3091,manare
meloniromance_concept_3092,mansionem
meloniromance_concept_3093,mansuetudinem
meloniromance_concept_3094,mansuetum
meloniromance_concept_3095,manticam
meloniromance_concept_3096,manuarium
meloniromance_concept_3097,manuatam
meloniromance_concept_3098,manubialem
meloniromance_concept_3099,manubrium
meloniromance_concept_3100,manumittere
meloniromance_concept_3101,manutenere
meloniromance_concept_3102,mappam
meloniromance_concept_3103,marcidum
meloniromance_concept_3104,marculum
meloniromance_concept_3105,margaritam
meloniromance_concept_3106,mariscam
meloniromance_concept_3107,maritalem
meloniromance_concept_3108,maritare
meloniromance_concept_3109,maritum
meloniromance_concept_3110,marram
meloniromance_concept_3111,marrubium
meloniromance_concept_3112,marsupium
meloniromance_concept_3113,martellum
meloniromance_concept_3114,marem
meloniromance_concept_3115,masculinum
meloniromance_concept_3116,masculum
meloniromance_concept_3117,massam
meloniromance_concept_3118,mastichinum
meloniromance_concept_3119,mataxam
meloniromance_concept_3120,maternalem
meloniromance_concept_3121,maternitatem
meloniromance_concept_3122,maternum
meloniromance_concept_3123,matricalem
meloniromance_concept_3124,matricidam
meloniromance_concept_3125,matricidium
meloniromance_concept_3126,matriculam
meloniromance_concept_3127,matrimonium
meloniromance_concept_3128,matronalem
meloniromance_concept_3129,mattam
meloniromance_concept_3130,maturare
meloniromance_concept_3131,maturum
meloniromance_concept_3132,matutinum
meloniromance_concept_3133,maxillarem
meloniromance_concept_3134,meatum
meloniromance_concept_3135,medialem
meloniromance_concept_3136,medicamen
meloniromance_concept_3137,medicamentum
meloniromance_concept_3138,medicatorem
meloniromance_concept_3139,medicinalem
meloniromance_concept_3140,medicare
meloniromance_concept_3141,mediare
meloniromance_concept_3142,mediocrem
meloniromance_concept_3143,meditabundum
meloniromance_concept_3144,mediterraneum
meloniromance_concept_3145,medium
meloniromance_concept_3146,meiere
meloniromance_concept_3147,meliorem
meloniromance_concept_3148,meliorare
meloniromance_concept_3149,melleum
meloniromance_concept_3150,mellitum
meloniromance_concept_3151,melonem
meloniromance_concept_3152,melodiam
meloniromance_concept_3153,membranaceum
meloniromance_concept_3154,membraneum
meloniromance_concept_3155,memorem
meloniromance_concept_3156,memorare
meloniromance_concept_3157,mendacium
meloniromance_concept_3158,mendacem
meloniromance_concept_3159,mendelevium
meloniromance_concept_3160,mendicare
meloniromance_concept_3161,mendicum
meloniromance_concept_3162,mensam
meloniromance_concept_3163,mensarium
meloniromance_concept_3164,mensem
meloniromance_concept_3165,mensuram
meloniromance_concept_3166,mensurare
meloniromance_concept_3167,mentastrum
meloniromance_concept_3168,mentulam
meloniromance_concept_3169,mentum
meloniromance_concept_3170,mercatorem
meloniromance_concept_3171,mercari
meloniromance_concept_3172,merdam
meloniromance_concept_3173,merendam
meloniromance_concept_3174,merere
meloniromance_concept_3175,meretricium
meloniromance_concept_3176,meretricem
meloniromance_concept_3177,mergere
meloniromance_concept_3178,mergum
meloniromance_concept_3179,meridiem
meloniromance_concept_3180,meridiare
meloniromance_concept_3181,meridionalem
meloniromance_concept_3182,meritorium
meloniromance_concept_3183,meritum
meloniromance_concept_3184,merum
meloniromance_concept_3185,mercem
meloniromance_concept_3186,mesam
meloniromance_concept_3187,mespilum
meloniromance_concept_3188,messionem
meloniromance_concept_3189,messem
meloniromance_concept_3190,metam
meloniromance_concept_3191,metalliferum
meloniromance_concept_3192,metallum
meloniromance_concept_3193,meticulosum
meloniromance_concept_3194,metiri
meloniromance_concept_3195,metere
meloniromance_concept_3196,metrum
meloniromance_concept_3197,metum
meloniromance_concept_3198,micam
meloniromance_concept_3199,micare
meloniromance_concept_3200,migrare
meloniromance_concept_3201,militem
meloniromance_concept_3202,miliarium
meloniromance_concept_3203,militare
meloniromance_concept_3204,millia
meloniromance_concept_3205,millesimum
meloniromance_concept_3206,milliarium
meloniromance_concept_3207,milliarium
meloniromance_concept_3208,minacem
meloniromance_concept_3209,mingere
meloniromance_concept_3210,ministerium
meloniromance_concept_3211,minorem
meloniromance_concept_3212,minorare
meloniromance_concept_3213,minuere
meloniromance_concept_3214,minutiam
meloniromance_concept_3215,mirabilem
meloniromance_concept_3216,miraculum
meloniromance_concept_3217,mirificum
meloniromance_concept_3218,miscellaneum
meloniromance_concept_3219,miscellum
meloniromance_concept_3220,miscere
meloniromance_concept_3221,misellum
meloniromance_concept_3222,miserabilem
meloniromance_concept_3223,misturam
meloniromance_concept_3224,mitigationem
meloniromance_concept_3225,mitigare
meloniromance_concept_3226,mitem
meloniromance_concept_3227,mittere
meloniromance_concept_3228,mixticium
meloniromance_concept_3229,mixtionem
meloniromance_concept_3230,moderatorem
meloniromance_concept_3231,moderari
meloniromance_concept_3232,modicum
meloniromance_concept_3233,modium
meloniromance_concept_3234,modulari
meloniromance_concept_3235,molarem
meloniromance_concept_3236,moleculam
meloniromance_concept_3237,molestum
meloniromance_concept_3238,molinarium
meloniromance_concept_3239,molinum
meloniromance_concept_3240,mollire
meloniromance_concept_3241,mollitiam
meloniromance_concept_3242,mollitiem
meloniromance_concept_3243,molere
meloniromance_concept_3244,monasterium
meloniromance_concept_3245,monere
meloniromance_concept_3246,monetam
meloniromance_concept_3247,monopolium
meloniromance_concept_3248,monstrare
meloniromance_concept_3249,monstruosum
meloniromance_concept_3250,montaniosum
meloniromance_concept_3251,montuosum
meloniromance_concept_3252,moralitatem
meloniromance_concept_3253,morbum
meloniromance_concept_3254,mordacem
meloniromance_concept_3255,mordere
meloniromance_concept_3256,moribundum
meloniromance_concept_3257,morigerum
meloniromance_concept_3258,mori
meloniromance_concept_3259,morari
meloniromance_concept_3260,morositatem
meloniromance_concept_3261,morosum
meloniromance_concept_3262,morsum
meloniromance_concept_3263,mortalitatem
meloniromance_concept_3264,mortarium
meloniromance_concept_3265,mortiferum
meloniromance_concept_3266,mortuarium
meloniromance_concept_3267,morem
meloniromance_concept_3268,motionem
meloniromance_concept_3269,motivum
meloniromance_concept_3270,motum
meloniromance_concept_3271,movere
meloniromance_concept_3272,movimentum
meloniromance_concept_3273,mucorem
meloniromance_concept_3274,mucosum
meloniromance_concept_3275,mucronem
meloniromance_concept_3276,mugilem
meloniromance_concept_3277,mugire
meloniromance_concept_3278,mugitum
meloniromance_concept_3279,mulcere
meloniromance_concept_3280,mulgere
meloniromance_concept_3281,muliebrem
meloniromance_concept_3282,mulsuram
meloniromance_concept_3283,multam
meloniromance_concept_3284,multiplicationem
meloniromance_concept_3285,multitudinem
meloniromance_concept_3286,multare
meloniromance_concept_3287,mulum
meloniromance_concept_3288,mundanum
meloniromance_concept_3289,mundare
meloniromance_concept_3290,mundum
meloniromance_concept_3291,munerationem
meloniromance_concept_3292,municipalem
meloniromance_concept_3293,municipium
meloniromance_concept_3294,munificentiam
meloniromance_concept_3295,munificum
meloniromance_concept_3296,munire
meloniromance_concept_3297,munitionem
meloniromance_concept_3298,munus
meloniromance_concept_3299,muralem
meloniromance_concept_3300,murenam
meloniromance_concept_3301,muricem
meloniromance_concept_3302,muriam
meloniromance_concept_3303,murtatum
meloniromance_concept_3304,murem
meloniromance_concept_3305,musaraneum
meloniromance_concept_3306,muscam
meloniromance_concept_3307,muscularem
meloniromance_concept_3308,musculosum
meloniromance_concept_3309,musionem
meloniromance_concept_3310,mussitare
meloniromance_concept_3311,mussare
meloniromance_concept_3312,mustaceum
meloniromance_concept_3313,musteum
meloniromance_concept_3314,mustum
meloniromance_concept_3315,mutilationem
meloniromance_concept_3316,muttum
meloniromance_concept_3317,mutulum
meloniromance_concept_3318,mutuari
meloniromance_concept_3319,mutuum
meloniromance_concept_3320,myrtillum
meloniromance_concept_3321,myrtum
meloniromance_concept_3322,mysticum
meloniromance_concept_3323,nablum
meloniromance_concept_3324,nanum
meloniromance_concept_3325,naphtham
meloniromance_concept_3326,narrationem
meloniromance_concept_3327,narratum
meloniromance_concept_3328,narrare
meloniromance_concept_3329,nassam
meloniromance_concept_3330,nasum
meloniromance_concept_3331,nasutum
meloniromance_concept_3332,natam
meloniromance_concept_3333,natalicium
meloniromance_concept_3334,natalem
meloniromance_concept_3335,natationem
meloniromance_concept_3336,natatorem
meloniromance_concept_3337,natatorium
meloniromance_concept_3338,natem
meloniromance_concept_3339,nativitatem
meloniromance_concept_3340,natare
meloniromance_concept_3341,natricem
meloniromance_concept_3342,naturam
meloniromance_concept_3343,natum
meloniromance_concept_3344,naufragare
meloniromance_concept_3345,naufragum
meloniromance_concept_3346,naulum
meloniromance_concept_3347,nauseabundum
meloniromance_concept_3348,nausiam
meloniromance_concept_3349,nautam
meloniromance_concept_3350,navicellam
meloniromance_concept_3351,navigium
meloniromance_concept_3352,navigare
meloniromance_concept_3353,navem
meloniromance_concept_3354,nazzianzenum
meloniromance_concept_3355,neapolitanum
meloniromance_concept_3356,nebulam
meloniromance_concept_3357,necare
meloniromance_concept_3358,nectar
meloniromance_concept_3359,nectareum
meloniromance_concept_3360,nefandum
meloniromance_concept_3361,nefarium
meloniromance_concept_3362,nefas
meloniromance_concept_3363,nefastum
meloniromance_concept_3364,neglegentiam
meloniromance_concept_3365,neglegere
meloniromance_concept_3366,negare
meloniromance_concept_3367,negotiationem
meloniromance_concept_3368,negotium
meloniromance_concept_3369,nemesem
meloniromance_concept_3370,neminem
meloniromance_concept_3371,nemoralem
meloniromance_concept_3372,nemorosum
meloniromance_concept_3373,neniam
meloniromance_concept_3374,nepetam
meloniromance_concept_3375,nequitiam
meloniromance_concept_3376,nervosum
meloniromance_concept_3377,nervum
meloniromance_concept_3378,nescire
meloniromance_concept_3379,nescium
meloniromance_concept_3380,nexum
meloniromance_concept_3381,nidiformem
meloniromance_concept_3382,nidorem
meloniromance_concept_3383,nidum
meloniromance_concept_3384,nigrescere
meloniromance_concept_3385,nigritiam
meloniromance_concept_3386,nimbum
meloniromance_concept_3387,nimietatem
meloniromance_concept_3388,nimium
meloniromance_concept_3389,niveum
meloniromance_concept_3390,nivosum
meloniromance_concept_3391,nocere
meloniromance_concept_3392,nocivum
meloniromance_concept_3393,nocumentum
meloniromance_concept_3394,nocuum
meloniromance_concept_3395,nodiam
meloniromance_concept_3396,nodare
meloniromance_concept_3397,nodosum
meloniromance_concept_3398,noluntatem
meloniromance_concept_3399,nominationem
meloniromance_concept_3400,nominare
meloniromance_concept_3401,nonnam
meloniromance_concept_3402,nonnum
meloniromance_concept_3403,normam
meloniromance_concept_3404,nos
meloniromance_concept_3405,nosocomium
meloniromance_concept_3406,notam
meloniromance_concept_3407,notitiam
meloniromance_concept_3408,notare
meloniromance_concept_3409,notorium
meloniromance_concept_3410,notulam
meloniromance_concept_3411,novellam
meloniromance_concept_3412,novicium
meloniromance_concept_3413,novilunium
meloniromance_concept_3414,novare
meloniromance_concept_3415,novum
meloniromance_concept_3416,noxalem
meloniromance_concept_3417,nubem
meloniromance_concept_3418,nubilosum
meloniromance_concept_3419,nucetum
meloniromance_concept_3420,nuclearem
meloniromance_concept_3421,nucleare
meloniromance_concept_3422,numen
meloniromance_concept_3423,numerarium
meloniromance_concept_3424,numeratorem
meloniromance_concept_3425,numerare
meloniromance_concept_3426,numerositatem
meloniromance_concept_3427,numerosum
meloniromance_concept_3428,numerum
meloniromance_concept_3429,numisma
meloniromance_concept_3430,nuntium
meloniromance_concept_3431,nuptias
meloniromance_concept_3432,nutare
meloniromance_concept_3433,nutricium
meloniromance_concept_3434,nutricare
meloniromance_concept_3435,nutrimentum
meloniromance_concept_3436,nutrire
meloniromance_concept_3437,nutricem
meloniromance_concept_3438,nutum
meloniromance_concept_3439,nympham
meloniromance_concept_3440,obicem
meloniromance_concept_3441,obicere
meloniromance_concept_3442,obiectum
meloniromance_concept_3443,obitum
meloniromance_concept_3444,obiurgationem
meloniromance_concept_3445,obiurgare
meloniromance_concept_3446,obiectivum
meloniromance_concept_3447,oblationem
meloniromance_concept_3448,obligationem
meloniromance_concept_3449,obligare
meloniromance_concept_3450,obliquare
meloniromance_concept_3451,oblitterare
meloniromance_concept_3452,oblivionem
meloniromance_concept_3453,obliviosum
meloniromance_concept_3454,oblivisci
meloniromance_concept_3455,oblivium
meloniromance_concept_3456,obmutescere
meloniromance_concept_3457,obnoxium
meloniromance_concept_3458,obnubilare
meloniromance_concept_3459,oboedientiam
meloniromance_concept_3460,oboedire
meloniromance_concept_3461,obscurum
meloniromance_concept_3462,obsecrationem
meloniromance_concept_3463,obsequias
meloniromance_concept_3464,obsequiosum
meloniromance_concept_3465,obsequium
meloniromance_concept_3466,observare
meloniromance_concept_3467,obsidere
meloniromance_concept_3468,obstetricem
meloniromance_concept_3469,obstare
meloniromance_concept_3470,obstruere
meloniromance_concept_3471,obsurdescere
meloniromance_concept_3472,obtemperare
meloniromance_concept_3473,obtinere
meloniromance_concept_3474,obtundere
meloniromance_concept_3475,obtusum
meloniromance_concept_3476,obvenire
meloniromance_concept_3477,obviare
meloniromance_concept_3478,obvium
meloniromance_concept_3479,occasionem
meloniromance_concept_3480,occidentem
meloniromance_concept_3481,occidentalem
meloniromance_concept_3482,occidere
meloniromance_concept_3483,occludere
meloniromance_concept_3484,occare
meloniromance_concept_3485,occultare
meloniromance_concept_3486,occurrere
meloniromance_concept_3487,octavum
meloniromance_concept_3488,octennem
meloniromance_concept_3489,ocularem
meloniromance_concept_3490,oculatum
meloniromance_concept_3491,odisse
meloniromance_concept_3492,odium
meloniromance_concept_3493,odorem
meloniromance_concept_3494,offerre
meloniromance_concept_3495,offertorium
meloniromance_concept_3496,officinam
meloniromance_concept_3497,officiosum
meloniromance_concept_3498,officium
meloniromance_concept_3499,offocare
meloniromance_concept_3500,offuscare
meloniromance_concept_3501,olearium
meloniromance_concept_3502,oleatum
meloniromance_concept_3503,olere
meloniromance_concept_3504,oleosum
meloniromance_concept_3505,olfactorium
meloniromance_concept_3506,oligarcham
meloniromance_concept_3507,oligarchicum
meloniromance_concept_3508,ollam
meloniromance_concept_3509,ollarium
meloniromance_concept_3510,olorem
meloniromance_concept_3511,omasum
meloniromance_concept_3512,omentum
meloniromance_concept_3513,ominari
meloniromance_concept_3514,omniformem
meloniromance_concept_3515,omnem
meloniromance_concept_3516,omniscientem
meloniromance_concept_3517,omniscium
meloniromance_concept_3518,onagrum
meloniromance_concept_3519,oniscum
meloniromance_concept_3520,onomatopoeiam
meloniromance_concept_3521,onus
meloniromance_concept_3522,onustum
meloniromance_concept_3523,operarium
meloniromance_concept_3524,operari
meloniromance_concept_3525,operosum
meloniromance_concept_3526,opimum
meloniromance_concept_3527,oppidum
meloniromance_concept_3528,oppilationem
meloniromance_concept_3529,opponere
meloniromance_concept_3530,opportunitatem
meloniromance_concept_3531,opprimere
meloniromance_concept_3532,opprobrium
meloniromance_concept_3533,opulentiam
meloniromance_concept_3534,opulentum
meloniromance_concept_3535,opus
meloniromance_concept_3536,opusculum
meloniromance_concept_3537,orationem
meloniromance_concept_3538,oratorem
meloniromance_concept_3539,oratricem
meloniromance_concept_3540,orbem
meloniromance_concept_3541,orbitatem
meloniromance_concept_3542,orbare
meloniromance_concept_3543,orbum
meloniromance_concept_3544,orchestram
meloniromance_concept_3545,orcum
meloniromance_concept_3546,ordinarium
meloniromance_concept_3547,ordinatorem
meloniromance_concept_3548,organismum
meloniromance_concept_3549,orichalcum
meloniromance_concept_3550,oriclam
meloniromance_concept_3551,orientem
meloniromance_concept_3552,orientalem
meloniromance_concept_3553,origanum
meloniromance_concept_3554,originarium
meloniromance_concept_3555,originem
meloniromance_concept_3556,oriri
meloniromance_concept_3557,oriundum
meloniromance_concept_3558,ornatum
meloniromance_concept_3559,ornithorhyncʰum
meloniromance_concept_3560,ornare
meloniromance_concept_3561,ornum
meloniromance_concept_3562,orare
meloniromance_concept_3563,orthographiam
meloniromance_concept_3564,ortum
meloniromance_concept_3565,oscillationem
meloniromance_concept_3566,oscitare
meloniromance_concept_3567,osculationem
meloniromance_concept_3568,osculum
meloniromance_concept_3569,ossarium
meloniromance_concept_3570,ossuarium
meloniromance_concept_3571,ostensivum
meloniromance_concept_3572,ostentare
meloniromance_concept_3573,ostiarium
meloniromance_concept_3574,ostium
meloniromance_concept_3575,ostrum
meloniromance_concept_3576,otiosum
meloniromance_concept_3577,otium
meloniromance_concept_3578,oviculam
meloniromance_concept_3579,ovinum
meloniromance_concept_3580,ovem
meloniromance_concept_3581,pabulum
meloniromance_concept_3582,pacificationem
meloniromance_concept_3583,pacificum
meloniromance_concept_3584,pacare
meloniromance_concept_3585,pactum
meloniromance_concept_3586,paeanem
meloniromance_concept_3587,paedagogum
meloniromance_concept_3588,paenitentialem
meloniromance_concept_3589,paenitere
meloniromance_concept_3590,paenulam
meloniromance_concept_3591,paeonem
meloniromance_concept_3592,paeoniam
meloniromance_concept_3593,paganismum
meloniromance_concept_3594,paganitatem
meloniromance_concept_3595,pagellam
meloniromance_concept_3596,pagensem
meloniromance_concept_3597,pagurum
meloniromance_concept_3598,palam
meloniromance_concept_3599,palaestram
meloniromance_concept_3600,palaestritam
meloniromance_concept_3601,palatum
meloniromance_concept_3602,palen
meloniromance_concept_3603,palearem
meloniromance_concept_3604,palearium
meloniromance_concept_3605,paliurum
meloniromance_concept_3606,pallam
meloniromance_concept_3607,palliare
meloniromance_concept_3608,palliolum
meloniromance_concept_3609,pallium
meloniromance_concept_3610,pallorem
meloniromance_concept_3611,palmarem
meloniromance_concept_3612,palmarium
meloniromance_concept_3613,palmum
meloniromance_concept_3614,palpabilem
meloniromance_concept_3615,palpebram
meloniromance_concept_3616,palpebralem
meloniromance_concept_3617,palpitationem
meloniromance_concept_3618,palpitare
meloniromance_concept_3619,paludamentum
meloniromance_concept_3620,paludosum
meloniromance_concept_3621,palumbarium
meloniromance_concept_3622,palumbum
meloniromance_concept_3623,paludem
meloniromance_concept_3624,palustrem
meloniromance_concept_3625,pampineum
meloniromance_concept_3626,pampinare
meloniromance_concept_3627,pampinosum
meloniromance_concept_3628,pampinum
meloniromance_concept_3629,panaceam
meloniromance_concept_3630,panarium
meloniromance_concept_3631,pancratium
meloniromance_concept_3632,pandere
meloniromance_concept_3633,panicium
meloniromance_concept_3634,paniculam
meloniromance_concept_3635,pannosum
meloniromance_concept_3636,pannum
meloniromance_concept_3637,panosum
meloniromance_concept_3638,papam
meloniromance_concept_3639,papaver
meloniromance_concept_3640,papilionem
meloniromance_concept_3641,pappare
meloniromance_concept_3642,papulam
meloniromance_concept_3643,papyrum
meloniromance_concept_3644,parem
meloniromance_concept_3645,paracletum
meloniromance_concept_3646,paradoxum
meloniromance_concept_3647,paragraphum
meloniromance_concept_3648,paramum
meloniromance_concept_3649,parcimoniam
meloniromance_concept_3650,pardum
meloniromance_concept_3651,parean
meloniromance_concept_3652,parietalem
meloniromance_concept_3653,parere
meloniromance_concept_3654,parare
meloniromance_concept_3655,parochum
meloniromance_concept_3656,paronomasiam
meloniromance_concept_3657,parsimoniam
meloniromance_concept_3658,partiarium
meloniromance_concept_3659,particulam
meloniromance_concept_3660,particularem
meloniromance_concept_3661,partire
meloniromance_concept_3662,partiri
meloniromance_concept_3663,partitionem
meloniromance_concept_3664,parturire
meloniromance_concept_3665,partum
meloniromance_concept_3666,parvum
meloniromance_concept_3667,passerem
meloniromance_concept_3668,pastam
meloniromance_concept_3669,pastinacam
meloniromance_concept_3670,pastorem
meloniromance_concept_3671,pastum
meloniromance_concept_3672,patellam
meloniromance_concept_3673,patrem
meloniromance_concept_3674,paternalem
meloniromance_concept_3675,paternum
meloniromance_concept_3676,pati
meloniromance_concept_3677,patrastrum
meloniromance_concept_3678,patriam
meloniromance_concept_3679,patriarcham
meloniromance_concept_3680,patriarchatum
meloniromance_concept_3681,patricium
meloniromance_concept_3682,patrocinium
meloniromance_concept_3683,patronatum
meloniromance_concept_3684,paucum
meloniromance_concept_3685,pauperem
meloniromance_concept_3686,paupertatem
meloniromance_concept_3687,pausam
meloniromance_concept_3688,pausare
meloniromance_concept_3689,pavidum
meloniromance_concept_3690,pavimentum
meloniromance_concept_3691,pavire
meloniromance_concept_3692,pavorem
meloniromance_concept_3693,peccabilem
meloniromance_concept_3694,peccatorem
meloniromance_concept_3695,peccare
meloniromance_concept_3696,pectinare
meloniromance_concept_3697,pecuarium
meloniromance_concept_3698,peculium
meloniromance_concept_3699,pecuniam
meloniromance_concept_3700,pecuniarium
meloniromance_concept_3701,pecus
meloniromance_concept_3702,pedestrem
meloniromance_concept_3703,pedicam
meloniromance_concept_3704,pedicellum
meloniromance_concept_3705,peditum
meloniromance_concept_3706,pedare
meloniromance_concept_3707,peiorem
meloniromance_concept_3708,pelagus
meloniromance_concept_3709,pelecanum
meloniromance_concept_3710,pellarium
meloniromance_concept_3711,pelliculam
meloniromance_concept_3712,peloridem
meloniromance_concept_3713,penatem
meloniromance_concept_3714,pendere
meloniromance_concept_3715,pendulum
meloniromance_concept_3716,penetrare
meloniromance_concept_3717,pennulam
meloniromance_concept_3718,pensilem
meloniromance_concept_3719,pensare
meloniromance_concept_3720,pensum
meloniromance_concept_3721,penuriam
meloniromance_concept_3722,peram
meloniromance_concept_3723,peragrare
meloniromance_concept_3724,perambulare
meloniromance_concept_3725,percam
meloniromance_concept_3726,perceptorem
meloniromance_concept_3727,percolationem
meloniromance_concept_3728,percolare
meloniromance_concept_3729,percontari
meloniromance_concept_3730,percurrere
meloniromance_concept_3731,percussionem
meloniromance_concept_3732,percussorem
meloniromance_concept_3733,percutere
meloniromance_concept_3734,perdicem
meloniromance_concept_3735,perdere
meloniromance_concept_3736,perducere
meloniromance_concept_3737,peregrinari
meloniromance_concept_3738,perficere
meloniromance_concept_3739,perfidum
meloniromance_concept_3740,pergulam
meloniromance_concept_3741,periclitari
meloniromance_concept_3742,periculosum
meloniromance_concept_3743,perimere
meloniromance_concept_3744,peristylium
meloniromance_concept_3745,peritiam
meloniromance_concept_3746,peritum
meloniromance_concept_3747,periurium
meloniromance_concept_3748,periurum
meloniromance_concept_3749,permanere
meloniromance_concept_3750,permissionem
meloniromance_concept_3751,permittere
meloniromance_concept_3752,pernam
meloniromance_concept_3753,perniciem
meloniromance_concept_3754,perniciosum
meloniromance_concept_3755,peronem
meloniromance_concept_3756,perpendere
meloniromance_concept_3757,perpetrare
meloniromance_concept_3758,perpetuatonem
meloniromance_concept_3759,perpetuitatem
meloniromance_concept_3760,perquirere
meloniromance_concept_3761,perscrutari
meloniromance_concept_3762,persecare
meloniromance_concept_3763,persecutorem
meloniromance_concept_3764,persequi
meloniromance_concept_3765,persicam
meloniromance_concept_3766,persistere
meloniromance_concept_3767,personare
meloniromance_concept_3768,perspicuitatem
meloniromance_concept_3769,perspicuum
meloniromance_concept_3770,persuadere
meloniromance_concept_3771,perticam
meloniromance_concept_3772,pertinere
meloniromance_concept_3773,perturbationem
meloniromance_concept_3774,perturbare
meloniromance_concept_3775,pervenire
meloniromance_concept_3776,pervertere
meloniromance_concept_3777,pervigilare
meloniromance_concept_3778,pessulum
meloniromance_concept_3779,pestem
meloniromance_concept_3780,petasum
meloniromance_concept_3781,petere
meloniromance_concept_3782,petroselinum
meloniromance_concept_3783,phalangem
meloniromance_concept_3784,pharetram
meloniromance_concept_3785,pharmaceuticum
meloniromance_concept_3786,pharmacum
meloniromance_concept_3787,philosophiam
meloniromance_concept_3788,phlegma
meloniromance_concept_3789,phocam
meloniromance_concept_3790,phoeniceum
meloniromance_concept_3791,phoenicium
meloniromance_concept_3792,pehthisicum
meloniromance_concept_3793,pehthisem
meloniromance_concept_3794,physicum
meloniromance_concept_3795,picam
meloniromance_concept_3796,pictorem
meloniromance_concept_3797,picturam
meloniromance_concept_3798,pictum
meloniromance_concept_3799,picum
meloniromance_concept_3800,pigrum
meloniromance_concept_3801,pignus
meloniromance_concept_3802,pigritiam
meloniromance_concept_3803,pigritari
meloniromance_concept_3804,pilam
meloniromance_concept_3805,pilare
meloniromance_concept_3806,pingere
meloniromance_concept_3807,pingvem
meloniromance_concept_3808,pinnaculum
meloniromance_concept_3809,pinsere
meloniromance_concept_3810,piare
meloniromance_concept_3811,piper
meloniromance_concept_3812,pipare
meloniromance_concept_3813,piscarium
meloniromance_concept_3814,piscosum
meloniromance_concept_3815,pistare
meloniromance_concept_3816,pistrinum
meloniromance_concept_3817,pisum
meloniromance_concept_3818,pittacium
meloniromance_concept_3819,pium
meloniromance_concept_3820,placidum
meloniromance_concept_3821,placitum
meloniromance_concept_3822,plagiarium
meloniromance_concept_3823,plagiare
meloniromance_concept_3824,plagium
meloniromance_concept_3825,planarium
meloniromance_concept_3826,planctum
meloniromance_concept_3827,planetam
meloniromance_concept_3828,plangere
meloniromance_concept_3829,planitiem
meloniromance_concept_3830,plantare
meloniromance_concept_3831,planum
meloniromance_concept_3832,plasmare
meloniromance_concept_3833,platanum
meloniromance_concept_3834,plateam
meloniromance_concept_3835,plenitatem
meloniromance_concept_3836,plenitudinem
meloniromance_concept_3837,plorare
meloniromance_concept_3838,plumam
meloniromance_concept_3839,plumbaginem
meloniromance_concept_3840,plumbarium
meloniromance_concept_3841,plumbeum
meloniromance_concept_3842,plumbosum
meloniromance_concept_3843,plurivocum
meloniromance_concept_3844,pluviosum
meloniromance_concept_3845,poculum
meloniromance_concept_3846,poemarium
meloniromance_concept_3847,polire
meloniromance_concept_3848,polium
meloniromance_concept_3849,pollicem
meloniromance_concept_3850,polluere
meloniromance_concept_3851,pollutionem
meloniromance_concept_3852,polum
meloniromance_concept_3853,polyadenum
meloniromance_concept_3854,polypum
meloniromance_concept_3855,pometum
meloniromance_concept_3856,pomiferum
meloniromance_concept_3857,pomum
meloniromance_concept_3858,ponderationem
meloniromance_concept_3859,ponderare
meloniromance_concept_3860,ponderosum
meloniromance_concept_3861,pondus
meloniromance_concept_3862,pontificem
meloniromance_concept_3863,pontificatum
meloniromance_concept_3864,popam
meloniromance_concept_3865,poplitem
meloniromance_concept_3866,porcam
meloniromance_concept_3867,porcellum
meloniromance_concept_3868,porcinum
meloniromance_concept_3869,pornographiam
meloniromance_concept_3870,porrigere
meloniromance_concept_3871,portabilem
meloniromance_concept_3872,portarium
meloniromance_concept_3873,portendere
meloniromance_concept_3874,portionem
meloniromance_concept_3875,portare
meloniromance_concept_3876,portucensem
meloniromance_concept_3877,possessionem
meloniromance_concept_3878,possessorem
meloniromance_concept_3879,possidere
meloniromance_concept_3880,posterum
meloniromance_concept_3881,posticum
meloniromance_concept_3882,postem
meloniromance_concept_3883,postponere
meloniromance_concept_3884,postremum
meloniromance_concept_3885,postscribere
meloniromance_concept_3886,postulationem
meloniromance_concept_3887,postulare
meloniromance_concept_3888,postumum
meloniromance_concept_3889,potentialem
meloniromance_concept_3890,potionem
meloniromance_concept_3891,potionare
meloniromance_concept_3892,practicum
meloniromance_concept_3893,praeambulum
meloniromance_concept_3894,praebere
meloniromance_concept_3895,praecavere
meloniromance_concept_3896,praecedere
meloniromance_concept_3897,praecellentem
meloniromance_concept_3898,praecellere
meloniromance_concept_3899,praecipitem
meloniromance_concept_3900,praeceptum
meloniromance_concept_3901,praecidere
meloniromance_concept_3902,praecipitium
meloniromance_concept_3903,praeclarum
meloniromance_concept_3904,praecludere
meloniromance_concept_3905,praeconem
meloniromance_concept_3906,praecognoscere
meloniromance_concept_3907,praecurrere
meloniromance_concept_3908,praedationem
meloniromance_concept_3909,praedatorem
meloniromance_concept_3910,praedialem
meloniromance_concept_3911,praedicare
meloniromance_concept_3912,praedominari
meloniromance_concept_3913,praedari
meloniromance_concept_3914,praeferre
meloniromance_concept_3915,praeficam
meloniromance_concept_3916,praegnantem
meloniromance_concept_3917,praegnatem
meloniromance_concept_3918,praegustare
meloniromance_concept_3919,praeiudicium
meloniromance_concept_3920,praeiudicare
meloniromance_concept_3921,praeiudicium
meloniromance_concept_3922,praelegere
meloniromance_concept_3923,praemittere
meloniromance_concept_3924,praemonere
meloniromance_concept_3925,praemonitorem
meloniromance_concept_3926,praemonitorium
meloniromance_concept_3927,praemonstrare
meloniromance_concept_3928,praemunire
meloniromance_concept_3929,praenotationem
meloniromance_concept_3930,praenotare
meloniromance_concept_3931,praeoccupationem
meloniromance_concept_3932,praeoccupare
meloniromance_concept_3933,praeponere
meloniromance_concept_3934,praepositum
meloniromance_concept_3935,praeposterum
meloniromance_concept_3936,praepotentem
meloniromance_concept_3937,praesaepe
meloniromance_concept_3938,praesaepium
meloniromance_concept_3939,praesagire
meloniromance_concept_3940,praesagium
meloniromance_concept_3941,praescientiam
meloniromance_concept_3942,praescribere
meloniromance_concept_3943,praesentationem
meloniromance_concept_3944,praesentire
meloniromance_concept_3945,praesidere
meloniromance_concept_3946,praestantiam
meloniromance_concept_3947,praestationem
meloniromance_concept_3948,praestare
meloniromance_concept_3949,praesumere
meloniromance_concept_3950,praetendere
meloniromance_concept_3951,praeterire
meloniromance_concept_3952,praetermittere
meloniromance_concept_3953,praeternaturalem
meloniromance_concept_3954,praetexere
meloniromance_concept_3955,praevalere
meloniromance_concept_3956,praevaricari
meloniromance_concept_3957,praevenire
meloniromance_concept_3958,praevidere
meloniromance_concept_3959,praevium
meloniromance_concept_3960,prandere
meloniromance_concept_3961,prandium
meloniromance_concept_3962,pravum
meloniromance_concept_3963,precari
meloniromance_concept_3964,prehensionem
meloniromance_concept_3965,premere
meloniromance_concept_3966,presbyterum
meloniromance_concept_3967,pretiare
meloniromance_concept_3968,precem
meloniromance_concept_3969,primitiam
meloniromance_concept_3970,primogenitum
meloniromance_concept_3971,principalitatem
meloniromance_concept_3972,priorem
meloniromance_concept_3973,priscum
meloniromance_concept_3974,pristinum
meloniromance_concept_3975,privatum
meloniromance_concept_3976,probam
meloniromance_concept_3977,problematicum
meloniromance_concept_3978,probum
meloniromance_concept_3979,procaciam
meloniromance_concept_3980,procacem
meloniromance_concept_3981,procedere
meloniromance_concept_3982,procellam
meloniromance_concept_3983,procerum
meloniromance_concept_3984,procrastinare
meloniromance_concept_3985,procurationem
meloniromance_concept_3986,procurare
meloniromance_concept_3987,prodigiosum
meloniromance_concept_3988,prodigium
meloniromance_concept_3989,prodigere
meloniromance_concept_3990,productionem
meloniromance_concept_3991,productivum
meloniromance_concept_3992,proelium
meloniromance_concept_3993,profectum
meloniromance_concept_3994,proferre
meloniromance_concept_3995,proficere
meloniromance_concept_3996,profluere
meloniromance_concept_3997,profugum
meloniromance_concept_3998,profunditatem
meloniromance_concept_3999,profundere
meloniromance_concept_4000,prognosem
meloniromance_concept_4001,progredi
meloniromance_concept_4002,prohibere
meloniromance_concept_4003,prohibitionem
meloniromance_concept_4004,proicere
meloniromance_concept_4005,prolem
meloniromance_concept_4006,proletarium
meloniromance_concept_4007,prolongatonem
meloniromance_concept_4008,prolongare
meloniromance_concept_4009,proloquium
meloniromance_concept_4010,promissionem
meloniromance_concept_4011,promissum
meloniromance_concept_4012,promittere
meloniromance_concept_4013,promulgationem
meloniromance_concept_4014,promunturium
meloniromance_concept_4015,promutuari
meloniromance_concept_4016,promutuum
meloniromance_concept_4017,pronum
meloniromance_concept_4018,propagationem
meloniromance_concept_4019,propellere
meloniromance_concept_4020,prophetiam
meloniromance_concept_4021,propincvitatem
meloniromance_concept_4022,propincvum
meloniromance_concept_4023,proprietatem
meloniromance_concept_4024,proprium
meloniromance_concept_4025,propugnare
meloniromance_concept_4026,proram
meloniromance_concept_4027,prorogationem
meloniromance_concept_4028,prorogare
meloniromance_concept_4029,prorumpere
meloniromance_concept_4030,proscenium
meloniromance_concept_4031,proscribere
meloniromance_concept_4032,prosequi
meloniromance_concept_4033,prosperare
meloniromance_concept_4034,prosternere
meloniromance_concept_4035,prostibulum
meloniromance_concept_4036,prostituere
meloniromance_concept_4037,protasem
meloniromance_concept_4038,protendere
meloniromance_concept_4039,protervum
meloniromance_concept_4040,protestationem
meloniromance_concept_4041,protestari
meloniromance_concept_4042,protocollarium
meloniromance_concept_4043,protrahere
meloniromance_concept_4044,protuberare
meloniromance_concept_4045,provenire
meloniromance_concept_4046,proventum
meloniromance_concept_4047,providere
meloniromance_concept_4048,providum
meloniromance_concept_4049,provocativum
meloniromance_concept_4050,provocatorem
meloniromance_concept_4051,provocatorium
meloniromance_concept_4052,provocare
meloniromance_concept_4053,proximum
meloniromance_concept_4054,prudentem
meloniromance_concept_4055,prudentiam
meloniromance_concept_4056,prunam
meloniromance_concept_4057,pruniformem
meloniromance_concept_4058,prunum
meloniromance_concept_4059,prurire
meloniromance_concept_4060,puberem
meloniromance_concept_4061,pubescere
meloniromance_concept_4062,publicum
meloniromance_concept_4063,pudibundum
meloniromance_concept_4064,pudicum
meloniromance_concept_4065,pudorem
meloniromance_concept_4066,pudorosum
meloniromance_concept_4067,puellarem
meloniromance_concept_4068,puerilem
meloniromance_concept_4069,puerilitatem
meloniromance_concept_4070,pugilem
meloniromance_concept_4071,pugilatorem
meloniromance_concept_4072,pugionem
meloniromance_concept_4073,pugnatorem
meloniromance_concept_4074,pugnacem
meloniromance_concept_4075,pugnare
meloniromance_concept_4076,pulchrum
meloniromance_concept_4077,pulchritudinem
meloniromance_concept_4078,pullarium
meloniromance_concept_4079,pullare
meloniromance_concept_4080,pullulare
meloniromance_concept_4081,pulpitum
meloniromance_concept_4082,pulpum
meloniromance_concept_4083,pultem
meloniromance_concept_4084,pulsare
meloniromance_concept_4085,pulverizzare
meloniromance_concept_4086,pulvinar
meloniromance_concept_4087,pumicem
meloniromance_concept_4088,punctuare
meloniromance_concept_4089,punctum
meloniromance_concept_4090,punire
meloniromance_concept_4091,punitionem
meloniromance_concept_4092,pupam
meloniromance_concept_4093,pupillam
meloniromance_concept_4094,pupillum
meloniromance_concept_4095,puppem
meloniromance_concept_4096,pupum
meloniromance_concept_4097,purgationem
meloniromance_concept_4098,purpuram
meloniromance_concept_4099,purpureum
meloniromance_concept_4100,purem
meloniromance_concept_4101,pusillanimitatem
meloniromance_concept_4102,pustulam
meloniromance_concept_4103,putere
meloniromance_concept_4104,putrem
meloniromance_concept_4105,putare
meloniromance_concept_4106,putrefacere
meloniromance_concept_4107,putridum
meloniromance_concept_4108,putrere
meloniromance_concept_4109,putum
meloniromance_concept_4110,pyriformem
meloniromance_concept_4111,pythiam
meloniromance_concept_4112,pythium
meloniromance_concept_4113,quadragesimum
meloniromance_concept_4114,quadratum
meloniromance_concept_4115,quadrigatum
meloniromance_concept_4116,quadrigeminum
meloniromance_concept_4117,quadrilaterum
meloniromance_concept_4118,quadrare
meloniromance_concept_4119,quadruplicare
meloniromance_concept_4120,quadruplare
meloniromance_concept_4121,quadruplum
meloniromance_concept_4122,quadrum
meloniromance_concept_4123,quaesitum
meloniromance_concept_4124,quaestionem
meloniromance_concept_4125,quaestionarium
meloniromance_concept_4126,qualificare
meloniromance_concept_4127,qualitatem
meloniromance_concept_4128,quartum
meloniromance_concept_4129,quassare
meloniromance_concept_4130,quaternos
meloniromance_concept_4131,querceum
meloniromance_concept_4132,quercum
meloniromance_concept_4133,querelam
meloniromance_concept_4134,querellam
meloniromance_concept_4135,querimoniam
meloniromance_concept_4136,querquedulam
meloniromance_concept_4137,querquetum
meloniromance_concept_4138,querulum
meloniromance_concept_4139,quem
meloniromance_concept_4140,quemcumque
meloniromance_concept_4141,quiescentiam
meloniromance_concept_4142,quietantiam
meloniromance_concept_4143,quietare
meloniromance_concept_4144,quietudinem
meloniromance_concept_4145,quincuncem
meloniromance_concept_4146,quingentos
meloniromance_concept_4147,quincvennalem
meloniromance_concept_4148,quincvennem
meloniromance_concept_4149,quintum
meloniromance_concept_4150,quirinalem
meloniromance_concept_4151,quirinum
meloniromance_concept_4152,quis
meloniromance_concept_4153,cʷiscʷe
meloniromance_concept_4154,quotidianum
meloniromance_concept_4155,rabulam
meloniromance_concept_4156,racematum
meloniromance_concept_4157,racemiferum
meloniromance_concept_4158,racemari
meloniromance_concept_4159,racemosum
meloniromance_concept_4160,racemum
meloniromance_concept_4161,radiationem
meloniromance_concept_4162,radiculam
meloniromance_concept_4163,radiare
meloniromance_concept_4164,radicem
meloniromance_concept_4165,radere
meloniromance_concept_4166,radulam
meloniromance_concept_4167,raiam
meloniromance_concept_4168,rallum
meloniromance_concept_4169,ramum
meloniromance_concept_4170,rancorem
meloniromance_concept_4171,ranunculum
meloniromance_concept_4172,rapacem
meloniromance_concept_4173,rapiditatem
meloniromance_concept_4174,rapidum
meloniromance_concept_4175,rapinam
meloniromance_concept_4176,rapere
meloniromance_concept_4177,raptare
meloniromance_concept_4178,raptorem
meloniromance_concept_4179,raptum
meloniromance_concept_4180,rapum
meloniromance_concept_4181,rarefacere
meloniromance_concept_4182,rastellum
meloniromance_concept_4183,rastrum
meloniromance_concept_4184,rasuram
meloniromance_concept_4185,rationabilem
meloniromance_concept_4186,ratem
meloniromance_concept_4187,raucum
meloniromance_concept_4188,reactionem
meloniromance_concept_4189,reagere
meloniromance_concept_4190,realitatem
meloniromance_concept_4191,reatum
meloniromance_concept_4192,rebellare
meloniromance_concept_4193,recalcitrare
meloniromance_concept_4194,recapitulare
meloniromance_concept_4195,recaptiare
meloniromance_concept_4196,recedere
meloniromance_concept_4197,recentem
meloniromance_concept_4198,recensere
meloniromance_concept_4199,recensionem
meloniromance_concept_4200,receptatorem
meloniromance_concept_4201,receptare
meloniromance_concept_4202,receptam
meloniromance_concept_4203,recessivum
meloniromance_concept_4204,recessum
meloniromance_concept_4205,recidere
meloniromance_concept_4206,recitationem
meloniromance_concept_4207,reclamationem
meloniromance_concept_4208,reclamare
meloniromance_concept_4209,reclinare
meloniromance_concept_4210,recognoscere
meloniromance_concept_4211,reconciliationem
meloniromance_concept_4212,reconciliare
meloniromance_concept_4213,recordabilem
meloniromance_concept_4214,recordari
meloniromance_concept_4215,recrepare
meloniromance_concept_4216,rectangulum
meloniromance_concept_4217,rectitudinem
meloniromance_concept_4218,recurrere
meloniromance_concept_4219,recursionem
meloniromance_concept_4220,recusationem
meloniromance_concept_4221,recusare
meloniromance_concept_4222,recutere
meloniromance_concept_4223,redargvere
meloniromance_concept_4224,redditionem
meloniromance_concept_4225,redemptionem
meloniromance_concept_4226,redigere
meloniromance_concept_4227,reditum
meloniromance_concept_4228,reductionem
meloniromance_concept_4229,reducem
meloniromance_concept_4230,refectionem
meloniromance_concept_4231,referre
meloniromance_concept_4232,reficere
meloniromance_concept_4233,reflectere
meloniromance_concept_4234,reflorere
meloniromance_concept_4235,refluere
meloniromance_concept_4236,reformationem
meloniromance_concept_4237,reformare
meloniromance_concept_4238,refrenare
meloniromance_concept_4239,refrigerationem
meloniromance_concept_4240,refrigerium
meloniromance_concept_4241,refrigescere
meloniromance_concept_4242,refulgere
meloniromance_concept_4243,regiam
meloniromance_concept_4244,regium
meloniromance_concept_4245,regnare
meloniromance_concept_4246,regere
meloniromance_concept_4247,regredi
meloniromance_concept_4248,regulam
meloniromance_concept_4249,regularem
meloniromance_concept_4250,regularitatem
meloniromance_concept_4251,regulare
meloniromance_concept_4252,relativum
meloniromance_concept_4253,relaxationem
meloniromance_concept_4254,relaxare
meloniromance_concept_4255,relegationem
meloniromance_concept_4256,relegere
meloniromance_concept_4257,relevare
meloniromance_concept_4258,religare
meloniromance_concept_4259,relincvere
meloniromance_concept_4260,reliquias
meloniromance_concept_4261,reliquum
meloniromance_concept_4262,relucere
meloniromance_concept_4263,remanere
meloniromance_concept_4264,rememorationem
meloniromance_concept_4265,rememorari
meloniromance_concept_4266,remiscere
meloniromance_concept_4267,remittere
meloniromance_concept_4268,remotionem
meloniromance_concept_4269,removere
meloniromance_concept_4270,remunerare
meloniromance_concept_4271,remum
meloniromance_concept_4272,renem
meloniromance_concept_4273,renovationem
meloniromance_concept_4274,renuntiare
meloniromance_concept_4275,renuere
meloniromance_concept_4276,reparare
meloniromance_concept_4277,repausare
meloniromance_concept_4278,repellere
meloniromance_concept_4279,repercutere
meloniromance_concept_4280,repertorem
meloniromance_concept_4281,repetere
meloniromance_concept_4282,repletionem
meloniromance_concept_4283,replicationem
meloniromance_concept_4284,replicare
meloniromance_concept_4285,reponere
meloniromance_concept_4286,reprehendere
meloniromance_concept_4287,reprehensibilem
meloniromance_concept_4288,reprehensionem
meloniromance_concept_4289,reprimere
meloniromance_concept_4290,reprobare
meloniromance_concept_4291,reptare
meloniromance_concept_4292,repudiare
meloniromance_concept_4293,repugnare
meloniromance_concept_4294,repullulare
meloniromance_concept_4295,reputare
meloniromance_concept_4296,requiem
meloniromance_concept_4297,requirere
meloniromance_concept_4298,rem
meloniromance_concept_4299,respublicam
meloniromance_concept_4300,resarcire
meloniromance_concept_4301,rescindere
meloniromance_concept_4302,resecare
meloniromance_concept_4303,reservationem
meloniromance_concept_4304,residere
meloniromance_concept_4305,resignare
meloniromance_concept_4306,resonare
meloniromance_concept_4307,resplendere
meloniromance_concept_4308,responsum
meloniromance_concept_4309,rempublicam
meloniromance_concept_4310,restaurationem
meloniromance_concept_4311,restaurare
meloniromance_concept_4312,restem
meloniromance_concept_4313,restituere
meloniromance_concept_4314,restitutionem
meloniromance_concept_4315,restare
meloniromance_concept_4316,restrictum
meloniromance_concept_4317,restringere
meloniromance_concept_4318,resumere
meloniromance_concept_4319,resuscitationem
meloniromance_concept_4320,retardare
meloniromance_concept_4321,rete
meloniromance_concept_4322,retiarium
meloniromance_concept_4323,reticere
meloniromance_concept_4324,retinaculum
meloniromance_concept_4325,retinere
meloniromance_concept_4326,retorquere
meloniromance_concept_4327,retractionem
meloniromance_concept_4328,retractare
meloniromance_concept_4329,retrahere
meloniromance_concept_4330,retribuere
meloniromance_concept_4331,retrocedere
meloniromance_concept_4332,revenire
meloniromance_concept_4333,reverberare
meloniromance_concept_4334,reverentem
meloniromance_concept_4335,reverentiam
meloniromance_concept_4336,reversare
meloniromance_concept_4337,reverti
meloniromance_concept_4338,revidere
meloniromance_concept_4339,revincere
meloniromance_concept_4340,revisere
meloniromance_concept_4341,revocationem
meloniromance_concept_4342,revocare
meloniromance_concept_4343,revolvere
meloniromance_concept_4344,rhetorem
meloniromance_concept_4345,rheuma
meloniromance_concept_4346,rhomboidem
meloniromance_concept_4347,rhoncʰare
meloniromance_concept_4348,rictum
meloniromance_concept_4349,ridere
meloniromance_concept_4350,ridicam
meloniromance_concept_4351,rigiditatem
meloniromance_concept_4352,rigidum
meloniromance_concept_4353,rigare
meloniromance_concept_4354,rigorosum
meloniromance_concept_4355,ringi
meloniromance_concept_4356,ripam
meloniromance_concept_4357,risum
meloniromance_concept_4358,ritum
meloniromance_concept_4359,rivulum
meloniromance_concept_4360,rivum
meloniromance_concept_4361,rixam
meloniromance_concept_4362,robiginosum
meloniromance_concept_4363,robiginem
meloniromance_concept_4364,robur
meloniromance_concept_4365,rogamentum
meloniromance_concept_4366,rogatorem
meloniromance_concept_4367,rogare
meloniromance_concept_4368,rogum
meloniromance_concept_4369,romanum
meloniromance_concept_4370,rorare
meloniromance_concept_4371,rorem
meloniromance_concept_4372,rosmarinum
meloniromance_concept_4373,roscidum
meloniromance_concept_4374,roremmarinum
meloniromance_concept_4375,rostrum
meloniromance_concept_4376,rotellam
meloniromance_concept_4377,rotare
meloniromance_concept_4378,rubiam
meloniromance_concept_4379,rubicundum
meloniromance_concept_4380,ruborem
meloniromance_concept_4381,rubricam
meloniromance_concept_4382,rubum
meloniromance_concept_4383,ructare
meloniromance_concept_4384,ructum
meloniromance_concept_4385,rudem
meloniromance_concept_4386,rudus
meloniromance_concept_4387,rufum
meloniromance_concept_4388,rugam
meloniromance_concept_4389,rugire
meloniromance_concept_4390,rugosum
meloniromance_concept_4391,ruinosum
meloniromance_concept_4392,rumicem
meloniromance_concept_4393,ruminari
meloniromance_concept_4394,rumorem
meloniromance_concept_4395,runam
meloniromance_concept_4396,ruere
meloniromance_concept_4397,rupem
meloniromance_concept_4398,ruscam
meloniromance_concept_4399,rusticanum
meloniromance_concept_4400,rutam
meloniromance_concept_4401,rutabulum
meloniromance_concept_4402,rutilare
meloniromance_concept_4403,rutilum
meloniromance_concept_4404,rutrum
meloniromance_concept_4405,sabanum
meloniromance_concept_4406,sabbatismum
meloniromance_concept_4407,sabulonem
meloniromance_concept_4408,sabulum
meloniromance_concept_4409,saburram
meloniromance_concept_4410,saccʰarum
meloniromance_concept_4411,sacculum
meloniromance_concept_4412,sacrum
meloniromance_concept_4413,sacerdotem
meloniromance_concept_4414,sacerdotium
meloniromance_concept_4415,sacoma
meloniromance_concept_4416,sacramentalem
meloniromance_concept_4417,sacrarium
meloniromance_concept_4418,sacrationem
meloniromance_concept_4419,sacrificalem
meloniromance_concept_4420,sacrificatorem
meloniromance_concept_4421,sacrificium
meloniromance_concept_4422,sacrificulum
meloniromance_concept_4423,sacrificum
meloniromance_concept_4424,sacrilegum
meloniromance_concept_4425,sacristiam
meloniromance_concept_4426,sacrare
meloniromance_concept_4427,saepem
meloniromance_concept_4428,saeptum
meloniromance_concept_4429,saetam
meloniromance_concept_4430,saevire
meloniromance_concept_4431,sagam
meloniromance_concept_4432,sagittarium
meloniromance_concept_4433,sagittare
meloniromance_concept_4434,sagmam
meloniromance_concept_4435,sagmarium
meloniromance_concept_4436,sagochlamydem
meloniromance_concept_4437,salacitatem
meloniromance_concept_4438,salarium
meloniromance_concept_4439,salacem
meloniromance_concept_4440,salicetum
meloniromance_concept_4441,salinam
meloniromance_concept_4442,salivare
meloniromance_concept_4443,salicem
meloniromance_concept_4444,salsam
meloniromance_concept_4445,saltationem
meloniromance_concept_4446,saltum
meloniromance_concept_4447,salubrem
meloniromance_concept_4448,salubritatem
meloniromance_concept_4449,salutem
meloniromance_concept_4450,salutarem
meloniromance_concept_4451,salutationem
meloniromance_concept_4452,salutare
meloniromance_concept_4453,salvificum
meloniromance_concept_4454,salvare
meloniromance_concept_4455,salvum
meloniromance_concept_4456,sambucum
meloniromance_concept_4457,sampsam
meloniromance_concept_4458,sanabilem
meloniromance_concept_4459,sanationem
meloniromance_concept_4460,sancire
meloniromance_concept_4461,sanctionem
meloniromance_concept_4462,sanctitatem
meloniromance_concept_4463,sanctum
meloniromance_concept_4464,sandones
meloniromance_concept_4465,sangvinarium
meloniromance_concept_4466,sangvinare
meloniromance_concept_4467,sangvinolentum
meloniromance_concept_4468,sangvinosum
meloniromance_concept_4469,sangvisugam
meloniromance_concept_4470,saniem
meloniromance_concept_4471,sanare
meloniromance_concept_4472,sanum
meloniromance_concept_4473,sapidum
meloniromance_concept_4474,sapientiam
meloniromance_concept_4475,sapere
meloniromance_concept_4476,saponem
meloniromance_concept_4477,saporem
meloniromance_concept_4478,sappinum
meloniromance_concept_4479,sarcinam
meloniromance_concept_4480,sarcire
meloniromance_concept_4481,sarculum
meloniromance_concept_4482,sardonycha
meloniromance_concept_4483,sargum
meloniromance_concept_4484,sarmentum
meloniromance_concept_4485,sarpere
meloniromance_concept_4486,satellitem
meloniromance_concept_4487,satiare
meloniromance_concept_4488,satiram
meloniromance_concept_4489,satiricum
meloniromance_concept_4490,satisfacere
meloniromance_concept_4491,satisfactionem
meloniromance_concept_4492,sativum
meloniromance_concept_4493,saturum
meloniromance_concept_4494,satureiam
meloniromance_concept_4495,saturare
meloniromance_concept_4496,satyrum
meloniromance_concept_4497,saxeum
meloniromance_concept_4498,saxum
meloniromance_concept_4499,scabiem
meloniromance_concept_4500,scalarem
meloniromance_concept_4501,scalpellum
meloniromance_concept_4502,scalprum
meloniromance_concept_4503,scammoneam
meloniromance_concept_4504,scammonium
meloniromance_concept_4505,scandere
meloniromance_concept_4506,scandulam
meloniromance_concept_4507,scapulam
meloniromance_concept_4508,scapum
meloniromance_concept_4509,scarabaeum
meloniromance_concept_4510,scenicum
meloniromance_concept_4511,schedam
meloniromance_concept_4512,schedulam
meloniromance_concept_4513,scholarem
meloniromance_concept_4514,scholasticum
meloniromance_concept_4515,scientificum
meloniromance_concept_4516,scindere
meloniromance_concept_4517,scintillam
meloniromance_concept_4518,scintillare
meloniromance_concept_4519,scire
meloniromance_concept_4520,scirpum
meloniromance_concept_4521,scissilem
meloniromance_concept_4522,scissionem
meloniromance_concept_4523,sciurum
meloniromance_concept_4524,scolopendram
meloniromance_concept_4525,scombrum
meloniromance_concept_4526,scomma
meloniromance_concept_4527,scopam
meloniromance_concept_4528,scopere
meloniromance_concept_4529,scopulam
meloniromance_concept_4530,scopulum
meloniromance_concept_4531,scoriam
meloniromance_concept_4532,scorpaenam
meloniromance_concept_4533,scorteam
meloniromance_concept_4534,scorteum
meloniromance_concept_4535,scotiam
meloniromance_concept_4536,scribam
meloniromance_concept_4537,scrinium
meloniromance_concept_4538,scriptorem
meloniromance_concept_4539,scriptricem
meloniromance_concept_4540,scriptum
meloniromance_concept_4541,scripturam
meloniromance_concept_4542,scrobem
meloniromance_concept_4543,scrofam
meloniromance_concept_4544,scrupulosum
meloniromance_concept_4545,scrutinium
meloniromance_concept_4546,scrutare
meloniromance_concept_4547,scrutari
meloniromance_concept_4548,scurram
meloniromance_concept_4549,scurrilem
meloniromance_concept_4550,scutarium
meloniromance_concept_4551,scutellam
meloniromance_concept_4552,scuticam
meloniromance_concept_4553,scutum
meloniromance_concept_4554,se
meloniromance_concept_4555,secale
meloniromance_concept_4556,secernere
meloniromance_concept_4557,secare
meloniromance_concept_4558,secundare
meloniromance_concept_4559,securem
meloniromance_concept_4560,securum
meloniromance_concept_4561,sedere
meloniromance_concept_4562,sedem
meloniromance_concept_4563,sedare
meloniromance_concept_4564,sedulum
meloniromance_concept_4565,segnitiam
meloniromance_concept_4566,segregare
meloniromance_concept_4567,semen
meloniromance_concept_4568,semiformem
meloniromance_concept_4569,semiminimam
meloniromance_concept_4570,sempiternitatem
meloniromance_concept_4571,sempiternum
meloniromance_concept_4572,senatum
meloniromance_concept_4573,senecionem
meloniromance_concept_4574,senectam
meloniromance_concept_4575,senectum
meloniromance_concept_4576,senem
meloniromance_concept_4577,sensationem
meloniromance_concept_4578,sensatum
meloniromance_concept_4579,sensualitatem
meloniromance_concept_4580,sensum
meloniromance_concept_4581,sentire
meloniromance_concept_4582,separare
meloniromance_concept_4583,sepelire
meloniromance_concept_4584,sepiam
meloniromance_concept_4585,septennem
meloniromance_concept_4586,septentrionem
meloniromance_concept_4587,septentrionalem
meloniromance_concept_4588,septicum
meloniromance_concept_4589,septimanam
meloniromance_concept_4590,sepulcrum
meloniromance_concept_4591,sepulturam
meloniromance_concept_4592,sequacem
meloniromance_concept_4593,seraphicum
meloniromance_concept_4594,serenare
meloniromance_concept_4595,sericum
meloniromance_concept_4596,seriosum
meloniromance_concept_4597,sermonem
meloniromance_concept_4598,serere
meloniromance_concept_4599,serotinum
meloniromance_concept_4600,serpentinum
meloniromance_concept_4601,serram
meloniromance_concept_4602,serraginem
meloniromance_concept_4603,serrare
meloniromance_concept_4604,serum
meloniromance_concept_4605,serum
meloniromance_concept_4606,servientem
meloniromance_concept_4607,servilem
meloniromance_concept_4608,servitudinem
meloniromance_concept_4609,servitutem
meloniromance_concept_4610,servare
meloniromance_concept_4611,sescunciam
meloniromance_concept_4612,sesquipedalem
meloniromance_concept_4613,sessum
meloniromance_concept_4614,severitatem
meloniromance_concept_4615,severum
meloniromance_concept_4616,sextarium
meloniromance_concept_4617,sextum
meloniromance_concept_4618,sexualitatem
meloniromance_concept_4619,sibilare
meloniromance_concept_4620,sicarium
meloniromance_concept_4621,siccitatem
meloniromance_concept_4622,sicilem
meloniromance_concept_4623,sidereum
meloniromance_concept_4624,sigillare
meloniromance_concept_4625,sigillum
meloniromance_concept_4626,significationem
meloniromance_concept_4627,signare
meloniromance_concept_4628,silicem
meloniromance_concept_4629,silicium
meloniromance_concept_4630,siliquastrum
meloniromance_concept_4631,silvam
meloniromance_concept_4632,silvaticum
meloniromance_concept_4633,silvestrem
meloniromance_concept_4634,silvicolum
meloniromance_concept_4635,silvosum
meloniromance_concept_4636,simiam
meloniromance_concept_4637,similem
meloniromance_concept_4638,similitudinem
meloniromance_concept_4639,simium
meloniromance_concept_4640,simultaneum
meloniromance_concept_4641,sincerum
meloniromance_concept_4642,sinciput
meloniromance_concept_4643,singultum
meloniromance_concept_4644,sinere
meloniromance_concept_4645,sinum
meloniromance_concept_4646,siparium
meloniromance_concept_4647,sistere
meloniromance_concept_4648,sistrum
meloniromance_concept_4649,situlam
meloniromance_concept_4650,situm
meloniromance_concept_4651,smaragdum
meloniromance_concept_4652,smilacem
meloniromance_concept_4653,sobrinum
meloniromance_concept_4654,soccum
meloniromance_concept_4655,socerum
meloniromance_concept_4656,socrum
meloniromance_concept_4657,sodalicium
meloniromance_concept_4658,sodalitatem
meloniromance_concept_4659,solacium
meloniromance_concept_4660,solarem
meloniromance_concept_4661,solarium
meloniromance_concept_4662,soleam
meloniromance_concept_4663,solere
meloniromance_concept_4664,solidare
meloniromance_concept_4665,solidum
meloniromance_concept_4666,soliloquium
meloniromance_concept_4667,solitudinem
meloniromance_concept_4668,solium
meloniromance_concept_4669,sollertem
meloniromance_concept_4670,sollicitationem
meloniromance_concept_4671,sollicitare
meloniromance_concept_4672,sollicitudinem
meloniromance_concept_4673,sollicitum
meloniromance_concept_4674,solum
meloniromance_concept_4675,solum
meloniromance_concept_4676,solutum
meloniromance_concept_4677,solvere
meloniromance_concept_4678,somniatorem
meloniromance_concept_4679,somniculosum
meloniromance_concept_4680,somniferum
meloniromance_concept_4681,somniare
meloniromance_concept_4682,somnium
meloniromance_concept_4683,somnolentum
meloniromance_concept_4684,somnum
meloniromance_concept_4685,sonitum
meloniromance_concept_4686,sonorum
meloniromance_concept_4687,sontem
meloniromance_concept_4688,sonum
meloniromance_concept_4689,soporem
meloniromance_concept_4690,soricem
meloniromance_concept_4691,sororem
meloniromance_concept_4692,sororitatem
meloniromance_concept_4693,sortem
meloniromance_concept_4694,sortilegum
meloniromance_concept_4695,sortiri
meloniromance_concept_4696,sortitionem
meloniromance_concept_4697,spargere
meloniromance_concept_4698,spartum
meloniromance_concept_4699,spatiari
meloniromance_concept_4700,spatulatum
meloniromance_concept_4701,speciem
meloniromance_concept_4702,specificum
meloniromance_concept_4703,specimen
meloniromance_concept_4704,speclum
meloniromance_concept_4705,spectaculum
meloniromance_concept_4706,spectare
meloniromance_concept_4707,speculativum
meloniromance_concept_4708,speculatorem
meloniromance_concept_4709,speculum
meloniromance_concept_4710,speltam
meloniromance_concept_4711,speluncam
meloniromance_concept_4712,sperare
meloniromance_concept_4713,spem
meloniromance_concept_4714,spinalem
meloniromance_concept_4715,spinulam
meloniromance_concept_4716,spiraculum
meloniromance_concept_4717,spirationem
meloniromance_concept_4718,spirare
meloniromance_concept_4719,spissum
meloniromance_concept_4720,splendere
meloniromance_concept_4721,spodium
meloniromance_concept_4722,spoliare
meloniromance_concept_4723,spolium
meloniromance_concept_4724,spongiam
meloniromance_concept_4725,sponsam
meloniromance_concept_4726,sponsare
meloniromance_concept_4727,sponsum
meloniromance_concept_4728,sportam
meloniromance_concept_4729,spumare
meloniromance_concept_4730,spumosum
meloniromance_concept_4731,spuere
meloniromance_concept_4732,spurcare
meloniromance_concept_4733,spurcum
meloniromance_concept_4734,spurium
meloniromance_concept_4735,sputare
meloniromance_concept_4736,sputum
meloniromance_concept_4737,squalidum
meloniromance_concept_4738,squalum
meloniromance_concept_4739,squamam
meloniromance_concept_4740,stabilire
meloniromance_concept_4741,stabilem
meloniromance_concept_4742,stagnum
meloniromance_concept_4743,stannum
meloniromance_concept_4744,stapedem
meloniromance_concept_4745,stateram
meloniromance_concept_4746,staticum
meloniromance_concept_4747,statuam
meloniromance_concept_4748,statuere
meloniromance_concept_4749,statum
meloniromance_concept_4750,stellarem
meloniromance_concept_4751,stellatum
meloniromance_concept_4752,stemma
meloniromance_concept_4753,stercorare
meloniromance_concept_4754,stercus
meloniromance_concept_4755,sternere
meloniromance_concept_4756,stillam
meloniromance_concept_4757,stillicidium
meloniromance_concept_4758,stimulationem
meloniromance_concept_4759,stipare
meloniromance_concept_4760,stipulari
meloniromance_concept_4761,stirpem
meloniromance_concept_4762,stolidum
meloniromance_concept_4763,stolonem
meloniromance_concept_4764,stoream
meloniromance_concept_4765,stragem
meloniromance_concept_4766,stratam
meloniromance_concept_4767,stratum
meloniromance_concept_4768,strenam
meloniromance_concept_4769,strenuitatem
meloniromance_concept_4770,strenuum
meloniromance_concept_4771,strepitum
meloniromance_concept_4772,striam
meloniromance_concept_4773,stridere
meloniromance_concept_4774,strigam
meloniromance_concept_4775,strigilem
meloniromance_concept_4776,stringere
meloniromance_concept_4777,strigem
meloniromance_concept_4778,stroppum
meloniromance_concept_4779,struppum
meloniromance_concept_4780,struthionem
meloniromance_concept_4781,studere
meloniromance_concept_4782,studium
meloniromance_concept_4783,stultum
meloniromance_concept_4784,stupere
meloniromance_concept_4785,stuporem
meloniromance_concept_4786,stuppam
meloniromance_concept_4787,stupratorem
meloniromance_concept_4788,stuprum
meloniromance_concept_4789,sturnum
meloniromance_concept_4790,styracem
meloniromance_concept_4791,suadere
meloniromance_concept_4792,suavem
meloniromance_concept_4793,suavitatem
meloniromance_concept_4794,subalbum
meloniromance_concept_4795,subdolum
meloniromance_concept_4796,subire
meloniromance_concept_4797,suberem
meloniromance_concept_4798,subiacere
meloniromance_concept_4799,subiectionem
meloniromance_concept_4800,subiectum
meloniromance_concept_4801,subitaneum
meloniromance_concept_4802,subitum
meloniromance_concept_4803,subiugare
meloniromance_concept_4804,subiugare
meloniromance_concept_4805,sublevare
meloniromance_concept_4806,sublimationem
meloniromance_concept_4807,subministrare
meloniromance_concept_4808,submonere
meloniromance_concept_4809,subornare
meloniromance_concept_4810,subridere
meloniromance_concept_4811,subrogare
meloniromance_concept_4812,subsannare
meloniromance_concept_4813,subscribere
meloniromance_concept_4814,subsequi
meloniromance_concept_4815,subsidium
meloniromance_concept_4816,substantiam
meloniromance_concept_4817,substitutionem
meloniromance_concept_4818,substructionem
meloniromance_concept_4819,subtilem
meloniromance_concept_4820,subtilitatem
meloniromance_concept_4821,subtractionem
meloniromance_concept_4822,subtrahere
meloniromance_concept_4823,subulam
meloniromance_concept_4824,suburbanum
meloniromance_concept_4825,subvenire
meloniromance_concept_4826,subvertere
meloniromance_concept_4827,succedaneum
meloniromance_concept_4828,succidere
meloniromance_concept_4829,succulentum
meloniromance_concept_4830,succumbere
meloniromance_concept_4831,succurrere
meloniromance_concept_4832,succutere
meloniromance_concept_4833,sucinum
meloniromance_concept_4834,sucosum
meloniromance_concept_4835,sudarium
meloniromance_concept_4836,sudare
meloniromance_concept_4837,sufficientiam
meloniromance_concept_4838,sufficere
meloniromance_concept_4839,suffragare
meloniromance_concept_4840,suffruticem
meloniromance_concept_4841,suffundere
meloniromance_concept_4842,suggerere
meloniromance_concept_4843,suggestum
meloniromance_concept_4844,sugere
meloniromance_concept_4845,suinum
meloniromance_concept_4846,sulcare
meloniromance_concept_4847,sulcum
meloniromance_concept_4848,summam
meloniromance_concept_4849,summarium
meloniromance_concept_4850,summergere
meloniromance_concept_4851,summersionem
meloniromance_concept_4852,summitatem
meloniromance_concept_4853,summittere
meloniromance_concept_4854,summum
meloniromance_concept_4855,sumere
meloniromance_concept_4856,sumptuosum
meloniromance_concept_4857,sumptum
meloniromance_concept_4858,suovetaurilia
meloniromance_concept_4859,superbiam
meloniromance_concept_4860,superbum
meloniromance_concept_4861,supercrescere
meloniromance_concept_4862,superiorem
meloniromance_concept_4863,supernaturalem
meloniromance_concept_4864,supernum
meloniromance_concept_4865,superare
meloniromance_concept_4866,superponere
meloniromance_concept_4867,supersedere
meloniromance_concept_4868,superum
meloniromance_concept_4869,supervacaneum
meloniromance_concept_4870,supervacuum
meloniromance_concept_4871,supervenire
meloniromance_concept_4872,supinum
meloniromance_concept_4873,supplementum
meloniromance_concept_4874,supplere
meloniromance_concept_4875,supplicationem
meloniromance_concept_4876,supplicium
meloniromance_concept_4877,supplicare
meloniromance_concept_4878,supponere
meloniromance_concept_4879,supprimere
meloniromance_concept_4880,supputare
meloniromance_concept_4881,surditatem
meloniromance_concept_4882,surdum
meloniromance_concept_4883,surgere
meloniromance_concept_4884,surripere
meloniromance_concept_4885,suem
meloniromance_concept_4886,suscitare
meloniromance_concept_4887,suspectionem
meloniromance_concept_4888,suspendere
meloniromance_concept_4889,suspensionem
meloniromance_concept_4890,suspicere
meloniromance_concept_4891,suspirium
meloniromance_concept_4892,suspirare
meloniromance_concept_4893,sustentaculum
meloniromance_concept_4894,sustentare
meloniromance_concept_4895,sustinere
meloniromance_concept_4896,susurrationem
meloniromance_concept_4897,susurrum
meloniromance_concept_4898,sutilem
meloniromance_concept_4899,sutorium
meloniromance_concept_4900,suturam
meloniromance_concept_4901,sycophantam
meloniromance_concept_4902,synopsem
meloniromance_concept_4903,synthesem
meloniromance_concept_4904,tabernam
meloniromance_concept_4905,tabem
meloniromance_concept_4906,tabidum
meloniromance_concept_4907,tablam
meloniromance_concept_4908,tabulam
meloniromance_concept_4909,tacere
meloniromance_concept_4910,tactilem
meloniromance_concept_4911,taedam
meloniromance_concept_4912,taediosum
meloniromance_concept_4913,taetrum
meloniromance_concept_4914,taetricum
meloniromance_concept_4915,taleam
meloniromance_concept_4916,talpam
meloniromance_concept_4917,talum
meloniromance_concept_4918,tamaricem
meloniromance_concept_4919,tamisium
meloniromance_concept_4920,tangere
meloniromance_concept_4921,tantum
meloniromance_concept_4922,tapetem
meloniromance_concept_4923,tardare
meloniromance_concept_4924,tardum
meloniromance_concept_4925,tarmitem
meloniromance_concept_4926,tauriformem
meloniromance_concept_4927,taxationem
meloniromance_concept_4928,taxare
meloniromance_concept_4929,taxum
meloniromance_concept_4930,tectum
meloniromance_concept_4931,tegulam
meloniromance_concept_4932,telam
meloniromance_concept_4933,temerarium
meloniromance_concept_4934,temeritatem
meloniromance_concept_4935,temerare
meloniromance_concept_4936,temonem
meloniromance_concept_4937,temperiem
meloniromance_concept_4938,temperare
meloniromance_concept_4939,temporalem
meloniromance_concept_4940,temporaneum
meloniromance_concept_4941,temporarium
meloniromance_concept_4942,temporivum
meloniromance_concept_4943,temptationem
meloniromance_concept_4944,temptare
meloniromance_concept_4945,temulentum
meloniromance_concept_4946,tendere
meloniromance_concept_4947,tenebram
meloniromance_concept_4948,tenebras
meloniromance_concept_4949,tenebrosum
meloniromance_concept_4950,tenere
meloniromance_concept_4951,tenerum
meloniromance_concept_4952,tenorem
meloniromance_concept_4953,tensionem
meloniromance_concept_4954,tensuram
meloniromance_concept_4955,tentare
meloniromance_concept_4956,tenuem
meloniromance_concept_4957,tepidum
meloniromance_concept_4958,teporem
meloniromance_concept_4959,terebram
meloniromance_concept_4960,terebrare
meloniromance_concept_4961,tergere
meloniromance_concept_4962,tergiversationem
meloniromance_concept_4963,tergiversari
meloniromance_concept_4964,tergere
meloniromance_concept_4965,ternos
meloniromance_concept_4966,terraemotum
meloniromance_concept_4967,terrenum
meloniromance_concept_4968,terreum
meloniromance_concept_4969,tersum
meloniromance_concept_4970,tertiare
meloniromance_concept_4971,tertium
meloniromance_concept_4972,testimonium
meloniromance_concept_4973,testem
meloniromance_concept_4974,testudinem
meloniromance_concept_4975,textile
meloniromance_concept_4976,textorium
meloniromance_concept_4977,texturam
meloniromance_concept_4978,textum
meloniromance_concept_4979,thalamum
meloniromance_concept_4980,thecam
meloniromance_concept_4981,theosophiam
meloniromance_concept_4982,thesaurum
meloniromance_concept_4983,thiam
meloniromance_concept_4984,thium
meloniromance_concept_4985,thracium
meloniromance_concept_4986,thracem
meloniromance_concept_4987,thronum
meloniromance_concept_4988,thymiama
meloniromance_concept_4989,thyrsigerum
meloniromance_concept_4990,thyrsum
meloniromance_concept_4991,tibialem
meloniromance_concept_4992,tiliam
meloniromance_concept_4993,timere
meloniromance_concept_4994,timiditatem
meloniromance_concept_4995,timidum
meloniromance_concept_4996,timorem
meloniromance_concept_4997,tinam
meloniromance_concept_4998,tineam
meloniromance_concept_4999,tingere
meloniromance_concept_5000,tinnire
meloniromance_concept_5001,tinnitum
meloniromance_concept_5002,tintinnabulum
meloniromance_concept_5003,tippulam
meloniromance_concept_5004,titanium
meloniromance_concept_5005,titillare
meloniromance_concept_5006,titubare
meloniromance_concept_5007,titularem
meloniromance_concept_5008,tmesin
meloniromance_concept_5009,tofum
meloniromance_concept_5010,togam
meloniromance_concept_5011,togatum
meloniromance_concept_5012,tollere
meloniromance_concept_5013,tomum
meloniromance_concept_5014,tondere
meloniromance_concept_5015,tonitrum
meloniromance_concept_5016,tonitruum
meloniromance_concept_5017,tonsionem
meloniromance_concept_5018,tonsorium
meloniromance_concept_5019,tonsum
meloniromance_concept_5020,tormentum
meloniromance_concept_5021,tornum
meloniromance_concept_5022,torpedinem
meloniromance_concept_5023,torpidum
meloniromance_concept_5024,torporem
meloniromance_concept_5025,torquere
meloniromance_concept_5026,torrefacere
meloniromance_concept_5027,torrere
meloniromance_concept_5028,tortilem
meloniromance_concept_5029,tortionem
meloniromance_concept_5030,tortorem
meloniromance_concept_5031,tortum
meloniromance_concept_5032,torulum
meloniromance_concept_5033,torum
meloniromance_concept_5034,torvum
meloniromance_concept_5035,toxicare
meloniromance_concept_5036,trabalem
meloniromance_concept_5037,trabeculam
meloniromance_concept_5038,trabem
meloniromance_concept_5039,tractatum
meloniromance_concept_5040,tractum
meloniromance_concept_5041,traditorem
meloniromance_concept_5042,tradere
meloniromance_concept_5043,traductionem
meloniromance_concept_5044,traducem
meloniromance_concept_5045,tragoedum
meloniromance_concept_5046,tragulam
meloniromance_concept_5047,traicere
meloniromance_concept_5048,tralucere
meloniromance_concept_5049,tramam
meloniromance_concept_5050,tramitem
meloniromance_concept_5051,tramittere
meloniromance_concept_5052,trancvillum
meloniromance_concept_5053,transactionem
meloniromance_concept_5054,transcendere
meloniromance_concept_5055,transcribere
meloniromance_concept_5056,transire
meloniromance_concept_5057,transferre
meloniromance_concept_5058,transfluere
meloniromance_concept_5059,transformationem
meloniromance_concept_5060,transfugam
meloniromance_concept_5061,transfundere
meloniromance_concept_5062,transgredi
meloniromance_concept_5063,transgressionem
meloniromance_concept_5064,transigere
meloniromance_concept_5065,transitum
meloniromance_concept_5066,translationem
meloniromance_concept_5067,translucere
meloniromance_concept_5068,transmigrare
meloniromance_concept_5069,transmissionem
meloniromance_concept_5070,transmittere
meloniromance_concept_5071,transmontanum
meloniromance_concept_5072,transmutationem
meloniromance_concept_5073,transponere
meloniromance_concept_5074,transportare
meloniromance_concept_5075,transtrum
meloniromance_concept_5076,transubstantiare
meloniromance_concept_5077,tremescere
meloniromance_concept_5078,tremere
meloniromance_concept_5079,tremorem
meloniromance_concept_5080,tremulare
meloniromance_concept_5081,tremulum
meloniromance_concept_5082,trepidationem
meloniromance_concept_5083,trepidare
meloniromance_concept_5084,trepidum
meloniromance_concept_5085,tribrachyn
meloniromance_concept_5086,tribrevem
meloniromance_concept_5087,tribulare
meloniromance_concept_5088,tribulum
meloniromance_concept_5089,tribulum
meloniromance_concept_5090,tributum
meloniromance_concept_5091,tricas
meloniromance_concept_5092,tricenarium
meloniromance_concept_5093,tricipitem
meloniromance_concept_5094,trichilam
meloniromance_concept_5095,triclinium
meloniromance_concept_5096,trifoliatum
meloniromance_concept_5097,trifolium
meloniromance_concept_5098,triformem
meloniromance_concept_5099,trigesimum
meloniromance_concept_5100,trimodiam
meloniromance_concept_5101,trinitatem
meloniromance_concept_5102,tripalem
meloniromance_concept_5103,triplicem
meloniromance_concept_5104,triplum
meloniromance_concept_5105,tripudium
meloniromance_concept_5106,tripodem
meloniromance_concept_5107,trituram
meloniromance_concept_5108,triturare
meloniromance_concept_5109,triumphatorem
meloniromance_concept_5110,trivialem
meloniromance_concept_5111,trocare
meloniromance_concept_5112,tropum
meloniromance_concept_5113,trucidare
meloniromance_concept_5114,truculentum
meloniromance_concept_5115,truncare
meloniromance_concept_5116,trutinam
meloniromance_concept_5117,trucem
meloniromance_concept_5118,tu
meloniromance_concept_5119,tuber
meloniromance_concept_5120,tuberosum
meloniromance_concept_5121,tudiculare
meloniromance_concept_5122,tugurium
meloniromance_concept_5123,tumefacere
meloniromance_concept_5124,tumescere
meloniromance_concept_5125,tumidum
meloniromance_concept_5126,tumulare
meloniromance_concept_5127,tumultuosum
meloniromance_concept_5128,tundere
meloniromance_concept_5129,tunicare
meloniromance_concept_5130,turbam
meloniromance_concept_5131,turbiscum
meloniromance_concept_5132,turdum
meloniromance_concept_5133,turgere
meloniromance_concept_5134,turgidum
meloniromance_concept_5135,turmam
meloniromance_concept_5136,turpem
meloniromance_concept_5137,turpitudinem
meloniromance_concept_5138,turrem
meloniromance_concept_5139,turturem
meloniromance_concept_5140,turundam
meloniromance_concept_5141,tussire
meloniromance_concept_5142,tuum
meloniromance_concept_5143,uber
meloniromance_concept_5144,uberare
meloniromance_concept_5145,ubicationem
meloniromance_concept_5146,udare
meloniromance_concept_5147,udum
meloniromance_concept_5148,ulcus
meloniromance_concept_5149,ulicem
meloniromance_concept_5150,ulmum
meloniromance_concept_5151,ulteriorem
meloniromance_concept_5152,ultorem
meloniromance_concept_5153,ultricem
meloniromance_concept_5154,ululare
meloniromance_concept_5155,umbonem
meloniromance_concept_5156,umbram
meloniromance_concept_5157,umbraticum
meloniromance_concept_5158,umbrosum
meloniromance_concept_5159,umidum
meloniromance_concept_5160,unanimum
meloniromance_concept_5161,unciam
meloniromance_concept_5162,uncinum
meloniromance_concept_5163,unctionem
meloniromance_concept_5164,unctuosum
meloniromance_concept_5165,undisonum
meloniromance_concept_5166,undare
meloniromance_concept_5167,ungere
meloniromance_concept_5168,ungventarium
meloniromance_concept_5169,ungventum
meloniromance_concept_5170,ungulatum
meloniromance_concept_5171,unicum
meloniromance_concept_5172,uniformem
meloniromance_concept_5173,univocum
meloniromance_concept_5174,ununoctium
meloniromance_concept_5175,ununseptium
meloniromance_concept_5176,upupam
meloniromance_concept_5177,urbem
meloniromance_concept_5178,uredinem
meloniromance_concept_5179,urgere
meloniromance_concept_5180,urinam
meloniromance_concept_5181,urnam
meloniromance_concept_5182,ursum
meloniromance_concept_5183,urticariam
meloniromance_concept_5184,urum
meloniromance_concept_5185,usitatum
meloniromance_concept_5186,usitari
meloniromance_concept_5187,ustulare
meloniromance_concept_5188,usualem
meloniromance_concept_5189,usuarium
meloniromance_concept_5190,usuram
meloniromance_concept_5191,usurarium
meloniromance_concept_5192,usum
meloniromance_concept_5193,utrum
meloniromance_concept_5194,uti
meloniromance_concept_5195,uvam
meloniromance_concept_5196,uxorem
meloniromance_concept_5197,uxoricidium
meloniromance_concept_5198,vacationem
meloniromance_concept_5199,vacillationem
meloniromance_concept_5200,vacillare
meloniromance_concept_5201,vacivum
meloniromance_concept_5202,vacare
meloniromance_concept_5203,vacuitatem
meloniromance_concept_5204,vadosum
meloniromance_concept_5205,vagabundum
meloniromance_concept_5206,vagire
meloniromance_concept_5207,vagari
meloniromance_concept_5208,vagum
meloniromance_concept_5209,valere
meloniromance_concept_5210,valetudinarium
meloniromance_concept_5211,vallettum
meloniromance_concept_5212,vallare
meloniromance_concept_5213,vallum
meloniromance_concept_5214,vannum
meloniromance_concept_5215,vanum
meloniromance_concept_5216,vappam
meloniromance_concept_5217,variegationem
meloniromance_concept_5218,variegare
meloniromance_concept_5219,varietatem
meloniromance_concept_5220,varium
meloniromance_concept_5221,varonem
meloniromance_concept_5222,varum
meloniromance_concept_5223,vascellum
meloniromance_concept_5224,vasculum
meloniromance_concept_5225,vastare
meloniromance_concept_5226,vastum
meloniromance_concept_5227,vatem
meloniromance_concept_5228,vaticinium
meloniromance_concept_5229,vectem
meloniromance_concept_5230,vegetabilem
meloniromance_concept_5231,vegetum
meloniromance_concept_5232,vehementem
meloniromance_concept_5233,velam
meloniromance_concept_5234,vellicare
meloniromance_concept_5235,vellere
meloniromance_concept_5236,vellus
meloniromance_concept_5237,velare
meloniromance_concept_5238,velocem
meloniromance_concept_5239,velum
meloniromance_concept_5240,venatorem
meloniromance_concept_5241,venditorem
meloniromance_concept_5242,venenare
meloniromance_concept_5243,venerationem
meloniromance_concept_5244,venerari
meloniromance_concept_5245,venetum
meloniromance_concept_5246,veniam
meloniromance_concept_5247,venari
meloniromance_concept_5248,ventrem
meloniromance_concept_5249,ventilationem
meloniromance_concept_5250,ventilatorem
meloniromance_concept_5251,ventulum
meloniromance_concept_5252,ventum
meloniromance_concept_5253,venustum
meloniromance_concept_5254,ver
meloniromance_concept_5255,veracem
meloniromance_concept_5256,verbalem
meloniromance_concept_5257,verbascum
meloniromance_concept_5258,verecundiam
meloniromance_concept_5259,verecundum
meloniromance_concept_5260,vericulum
meloniromance_concept_5261,verificationem
meloniromance_concept_5262,verificare
meloniromance_concept_5263,veritatem
meloniromance_concept_5264,vermiculum
meloniromance_concept_5265,verminosum
meloniromance_concept_5266,vermem
meloniromance_concept_5267,vernam
meloniromance_concept_5268,vernaculum
meloniromance_concept_5269,vernalem
meloniromance_concept_5270,vernicem
meloniromance_concept_5271,vernare
meloniromance_concept_5272,verrem
meloniromance_concept_5273,verrere
meloniromance_concept_5274,versatilem
meloniromance_concept_5275,versicolorem
meloniromance_concept_5276,versiculum
meloniromance_concept_5277,versificare
meloniromance_concept_5278,versutiam
meloniromance_concept_5279,versutum
meloniromance_concept_5280,verticem
meloniromance_concept_5281,vertiginosum
meloniromance_concept_5282,vertiginem
meloniromance_concept_5283,vertere
meloniromance_concept_5284,verum
meloniromance_concept_5285,vervex
meloniromance_concept_5286,vescum
meloniromance_concept_5287,vesperum
meloniromance_concept_5288,vesperam
meloniromance_concept_5289,vespertilionem
meloniromance_concept_5290,vestimentum
meloniromance_concept_5291,vestire
meloniromance_concept_5292,vestitum
meloniromance_concept_5293,veterem
meloniromance_concept_5294,vetustatem
meloniromance_concept_5295,vetustum
meloniromance_concept_5296,vexationem
meloniromance_concept_5297,vexillum
meloniromance_concept_5298,vexare
meloniromance_concept_5299,viaticum
meloniromance_concept_5300,vibrationem
meloniromance_concept_5301,vibrissas
meloniromance_concept_5302,vibrare
meloniromance_concept_5303,vicesimum
meloniromance_concept_5304,viciam
meloniromance_concept_5305,vicinam
meloniromance_concept_5306,vicinitatem
meloniromance_concept_5307,vicem
meloniromance_concept_5308,vicissitudinem
meloniromance_concept_5309,victimare
meloniromance_concept_5310,victum
meloniromance_concept_5311,viculum
meloniromance_concept_5312,vicum
meloniromance_concept_5313,viduam
meloniromance_concept_5314,viduitatem
meloniromance_concept_5315,vigiam
meloniromance_concept_5316,vigilare
meloniromance_concept_5317,vigorem
meloniromance_concept_5318,vigorare
meloniromance_concept_5319,vilicum
meloniromance_concept_5320,vilitatem
meloniromance_concept_5321,villanum
meloniromance_concept_5322,villosum
meloniromance_concept_5323,villum
meloniromance_concept_5324,vimen
meloniromance_concept_5325,vinaceum
meloniromance_concept_5326,vincere
meloniromance_concept_5327,vinculare
meloniromance_concept_5328,vinculum
meloniromance_concept_5329,vindemiam
meloniromance_concept_5330,vindemiare
meloniromance_concept_5331,vindicem
meloniromance_concept_5332,vindicatorem
meloniromance_concept_5333,vindictam
meloniromance_concept_5334,vinearium
meloniromance_concept_5335,vinetum
meloniromance_concept_5336,vinosum
meloniromance_concept_5337,violam
meloniromance_concept_5338,violare
meloniromance_concept_5339,viperam
meloniromance_concept_5340,viperinum
meloniromance_concept_5341,viraginem
meloniromance_concept_5342,virgam
meloniromance_concept_5343,virginem
meloniromance_concept_5344,virgulam
meloniromance_concept_5345,viridarium
meloniromance_concept_5346,viridem
meloniromance_concept_5347,vim
meloniromance_concept_5348,viscum
meloniromance_concept_5349,viscus
meloniromance_concept_5350,visibilitatem
meloniromance_concept_5351,visitationem
meloniromance_concept_5352,visitatorem
meloniromance_concept_5353,visere
meloniromance_concept_5354,visum
meloniromance_concept_5355,vitellum
meloniromance_concept_5356,viteum
meloniromance_concept_5357,viticem
meloniromance_concept_5358,vitem
meloniromance_concept_5359,vitricum
meloniromance_concept_5360,vitrum
meloniromance_concept_5361,vittam
meloniromance_concept_5362,vitulum
meloniromance_concept_5363,vituperabilem
meloniromance_concept_5364,vituperationem
meloniromance_concept_5365,vivarium
meloniromance_concept_5366,vivacem
meloniromance_concept_5367,vividum
meloniromance_concept_5368,vociferationem
meloniromance_concept_5369,vociferari
meloniromance_concept_5370,vocitum
meloniromance_concept_5371,vocare
meloniromance_concept_5372,volaticum
meloniromance_concept_5373,velle
meloniromance_concept_5374,volitare
meloniromance_concept_5375,volare
meloniromance_concept_5376,volubilem
meloniromance_concept_5377,voluntatem
meloniromance_concept_5378,voluptatem
meloniromance_concept_5379,volutare
meloniromance_concept_5380,volvere
meloniromance_concept_5381,vomerem
meloniromance_concept_5382,vomicum
meloniromance_concept_5383,vomitare
meloniromance_concept_5384,vomitum
meloniromance_concept_5385,vomere
meloniromance_concept_5386,voraginosum
meloniromance_concept_5387,voraginem
meloniromance_concept_5388,voratorem
meloniromance_concept_5389,voratricem
meloniromance_concept_5390,vorare
meloniromance_concept_5391,vorticem
meloniromance_concept_5392,vos
meloniromance_concept_5393,votum
meloniromance_concept_5394,vulgus
meloniromance_concept_5395,vulnerare
meloniromance_concept_5396,vulpem
meloniromance_concept_5397,vulpinum
meloniromance_concept_5398,vulturnum
meloniromance_concept_5399,vultum
meloniromance_concept_5400,vardare
meloniromance_concept_5401,zancʰam
meloniromance_concept_5402,zelosum
meloniromance_concept_5403,zema
meloniromance_concept_5404,zephyrum
meloniromance_concept_5405,zinzalam
meloniromance_concept_5406,zizzania
meloniromance_concept_5407,zizyphum
meloniromance_concept_5408,zonam
meloniromance_concept_5409,zonulam
meloniromance_concept_5410,eccum
meloniromance_concept_5411,taurum
meloniromance_concept_5412,coagulare
meloniromance_concept_5413,palum
meloniromance_concept_5414,immortalem
meloniromance_concept_5415,simplicem
meloniromance_concept_5416,nationem
meloniromance_concept_5417,matrem
meloniromance_concept_5418,martyrem
meloniromance_concept_5419,luxum
