concept_id,concepticon_id,label,pos,semantic_field,definition,status,replacement_id,notes
act-a-little,2924,a little,x,Basic actions and technology,"More than one, but not as much as usual or as expected. (for mass nouns)",active,,
act-accept,3898,accept,v,Basic actions and technology,To take or get something that was offered by someone.,active,,
act-accident,4058,accident,n,Basic actions and technology,"An unforeseen event, typically harmful or damaging, that occurs without deliberate intent.",active,,
act-accustom,1118,accustom,v,Basic actions and technology,Get used to something.,active,,
act-add,2882,add,v,Basic actions and technology,Join or unite so as to bring about an increase.,active,,
act-adze,290,adze,n,Basic actions and technology,"A sharp tool with the blade at a right angle to the handle, used to shape pieces of wood.",active,,
act-against,2469,against,adj,Basic actions and technology,In opposite direction to.,active,,
act-amuse-oneself,3239,amuse oneself,v,Basic actions and technology,To do something joyful.,active,,
act-anvil,1648,anvil,n,Basic actions and technology,A heavy iron block used by a blacksmith as a surface upon which metal can be struck and shaped.,active,,
act-arrange,1568,arrange,v,Basic actions and technology,To give structure to.,active,,
act-art,4094,art,n,Basic actions and technology,"The creation or expression of visual, auditory, or performative works intended to convey beauty, meaning, or emotion.",active,,
act-attach,3894,attach,v,Basic actions and technology,To fasten one thing to another.,active,,
act-axe,677,axe,n,Basic actions and technology,"A tool for felling trees or chopping wood consisting of a heavy metallic or stone head flattened to a blade on one side, and which is attached to a usually wooden handle.",active,,
act-bag,2468,bag,n,Basic actions and technology,A container that stores things and is small enough so that one can wear it.,active,,
act-bamboo-basket,3360,bamboo basket,n,Basic actions and technology,A basket from bamboo that is carried on the back.,active,,
act-basket,1539,basket,n,Basic actions and technology,"A lightweight container, generally round, open at the top, and tapering toward the bottom.",active,,
act-be-able,972,be able,v,Basic actions and technology,To have the ability to do something.,active,,
act-beat,1665,beat,v,Basic actions and technology,"To strike or pound repeatedly, usually in some sort of rhythm.",active,,
act-because-of,2918,because of,x,Basic actions and technology,Undergo decomposition.,active,,
act-become-extinguished,2209,become extinguished,v,Basic actions and technology,Being stopped from burning or emitting light.,active,,
act-become-sick,2327,become sick,v,Basic actions and technology,To catch a disease.,active,,
act-belch,2245,belch,v,Basic actions and technology,To release gas from the digestive tract through the mouth.,active,,
act-bell,2246,bell,n,Basic actions and technology,A simple sound-making device.,active,,
act-bellows,3658,bellows,n,Basic actions and technology,"A device that consists of a flexible leather air valve which can be expanded or contracted by operating the two handles, located on the opposite sides. It has many applications, especially blowing on a fire to supply it with air.",active,,
act-bend,2004,bend,v,Basic actions and technology,Movement that causes the formation of a curve.,active,,
act-bend-oneself,2761,bend,v,Basic actions and technology,To turn oneself over.,active,,
act-bend-something,2224,bend,v,Basic actions and technology,To carry out a movement to turn something into a curved shape.,active,,
act-birth,2805,birth,n,Basic actions and technology,The process of giving birth to a child.,active,,
act-blacken,2808,blacken,v,Basic actions and technology,To change the color of something into black.,active,,
act-blacksmith,1001,blacksmith,n,Basic actions and technology,A craftsman expert in iron and other metals work.,active,,
act-block,2762,block,v,Basic actions and technology,To prevent somebody or something from passing.,active,,
act-blow-with-mouth,176,blow,v,Basic actions and technology,To expel air through persed lips.,active,,
act-blow-with-nose,2679,blow,v,Basic actions and technology,To clean one's nose by exhaling through it.,active,,
act-boomerang,135,boomerang,n,Basic actions and technology,A tool with a curved shape used as a weapon or for sport which returns when thrown into the air.,active,,
act-bore,1501,bore,v,Basic actions and technology,To create a hole by removing material with a drill.,active,,
act-bottom-grindstone,3023,bottom grindstone,n,Basic actions and technology,The bottom element in a two-stone grindstone.,active,,
act-bow-string,2119,bow string,n,Basic actions and technology,The string of a bow used to hunt.,active,,
act-braid,3295,braid,v,Basic actions and technology,"To braid together hair, threads, strings, twigs etc. in order to create a larger string-like object (which can be linear as in a braid of hair or circular as in a wreath).",active,,
act-braid-verb-or-weave,3294,braid (verb) or weave,v,Basic actions and technology,"To braid together hair, threads, strings, twigs etc. in order to create a larger string-like object or to weave a basket or use similar techniques for creating other objects.",active,,
act-brass,3743,brass,n,Basic actions and technology,A yellow-colored metal made of the mixture of copper and zinc and used in the making of decorations and musical instruments.,active,,
act-brawl,3301,brawl,v,Basic actions and technology,A normally unarmed and ruleless scuffle.,active,,
act-brawl-fight,2902,brawl,v,Basic actions and technology,To be involved in a normally unarmed and ruleless scuffle.,active,,
act-break-breaking,3020,break,v,Basic actions and technology,To come apart or split into pieces (intransitive).,active,,
act-break-cleave,2558,break,v,Basic actions and technology,To divide something with force in two or more parts.,active,,
act-break-destroy-or-get-destroyed,680,break,v,Basic actions and technology,To divide or be divided into pieces and thereby damaged.,active,,
act-break-of-rope,460,break,v,Basic actions and technology,The breaking of a thread or strap.,active,,
act-broken,588,broken,adj,Basic actions and technology,Not capable of working or broken into pieces.,active,,
act-broken-not-working,3190,broken,adj,Basic actions and technology,Not capable of working.,active,,
act-broken-shattered,3191,broken,adj,Basic actions and technology,Broken into pieces.,active,,
act-broom,245,broom,n,Basic actions and technology,"A tool used to sweep and clean the floor, made of a bundle of straws or twigs attached to a long handle.",active,,
act-bucket,2052,bucket,n,Basic actions and technology,"Typically a watertight, vertical cylinder or truncated cone, with an open top and a flat bottom, attached to a semicircular carrying handle called the bail.",active,,
act-build,1840,build,v,Basic actions and technology,To form by combining materials or parts.,active,,
act-bundle,2943,bundle,n,Basic actions and technology,A group of things fastened together.,active,,
act-burn,2102,burn,v,Basic actions and technology,To put fire on something or to be on fire.,active,,
act-burp,2789,burp,v,Basic actions and technology,To release gas from the digestive tract through the mouth.,active,,
act-bury,1719,bury,v,Basic actions and technology,To put in the ground and cover with earth.,active,,
act-bushfire,2811,bushfire,n,Basic actions and technology,An uncontrolled fire in a wooded or grassy area.,active,,
act-by,2751,by,x,Basic actions and technology,Marker of the agent in a passive sentence.,active,,
act-campfire,2986,campfire,n,Basic actions and technology,"A campfire is a fire at a campsite that provides light and warmth, and heat for cooking.",active,,
act-careful,2758,careful,adj,Basic actions and technology,Be cautious.,active,,
act-carpenter,1042,carpenter,n,Basic actions and technology,Artisan who works with wood.,active,,
act-carry,3438,carry,v,Basic actions and technology,The act of transporting something by means of a carrying pole placed on one's shoulder.,active,,
act-carry-horizontally,2763,carry horizontally,v,Basic actions and technology,To carry some object horizontally.,active,,
act-carve,228,carve,v,Basic actions and technology,To cut or to chip in order to form something.,active,,
act-cast,211,cast,v,Basic actions and technology,"To pour [a hardenable liquid material, like metal, plaster, glass, concrete etc.] into a mold in order to produce a solid object of the shape of the mold.",active,,
act-catty,2647,catty,clf,Basic actions and technology,"A traditional Chinese unit of mass used across East and Southeast Asia, notably for weighing food and other groceries in some wet markets, street markets, and shops.",active,,
act-cause-to,2896,cause to,v,Basic actions and technology,To allow or cause somebody to do something.,active,,
act-cease-or-finish,2115,cease or finish,v,Basic actions and technology,"To stop doing something, voluntarily or involuntarily.",active,,
act-chain,1627,chain,n,Basic actions and technology,A series of interlocked rings or links forming a flexible length.,active,,
act-chalk,4130,chalk,n,Basic actions and technology,"A soft white or pale limestone composed mainly of calcium carbonate, commonly used for writing, marking, or drawing on surfaces.",active,,
act-chat,2903,chat,v,Basic actions and technology,To have a conversation with somebody.,active,,
act-chisel,1979,chisel,n,Basic actions and technology,A tool with a cutting edge at the end.,active,,
act-chop,155,chop,v,Basic actions and technology,"To chop wood, or to chop meat, vegetables etc. into small pieces.",active,,
act-chop-into-pieces,2149,chop,v,Basic actions and technology,"To chop meat, vegetables etc. into small pieces.",active,,
act-clay,1399,clay,n,Basic actions and technology,"A loose, earthy, extremely fine-grained, natural sediment or soft rock composed primarily of clay-size or colloidal particles and characterized by high plasticity and by a considerable content of clay mineral and subordinate amounts of finely divided quartz, decomposed feldspar, carbonates, ferruginous matter, and other impurities; it forms a plastic, moldable mass when finely ground and mixed with water, retains its shape on drying, and becomes firm, rocklike and permanently hard on heating or firing.",active,,
act-clog,2707,clog,v,Basic actions and technology,To block a fluid or similar from running through a pipe-like object.,active,,
act-close,2063,close,v,Basic actions and technology,Move ones eyelids in such a way that the eyes are no longer visible.,active,,
act-collapse,3986,collapse,v,Basic actions and technology,To fall down suddenly because of pressure or having no strength or support.,active,,
act-compare,3429,compare,v,Basic actions and technology,To estimate something in terms of similar or contrasting features as opposed to the other(s).,active,,
act-continue,3699,continue,v,Basic actions and technology,To carry on with something or to keep existing or happening.,active,,
act-convey,2898,convey,v,Basic actions and technology,To share a message with somebody.,active,,
act-copper,1825,copper,n,Basic actions and technology,"Chemical element with symbol Cu and atomic number 29; one of the most important nonferrous metals; a ductile and malleable metal found in various ores and used in industry, engineering, and the arts in both pure and alloyed form.",active,,
act-cough,3913,cough,n,Basic actions and technology,The act of coughing or the sound of coughing.,active,,
act-crow,2074,crow,v,Basic actions and technology,To utter the characteristic cry of a rooster.,active,,
act-cut,1432,cut,v,Basic actions and technology,"To perform an incision (for example, with a knife).",active,,
act-cut-down,355,cut down,v,Basic actions and technology,To bring down by cutting.,active,,
act-cut-or-hack,3889,cut or hack,v,Basic actions and technology,To perform an incision or chop something.,active,,
act-cut-with-axe,3151,cut,v,Basic actions and technology,"To chop with an axe, e.g. wood in order to use it as firewood.",active,,
act-cut-with-knife,2156,cut,v,Basic actions and technology,To slice or to divide into pieces with help of a knife or a knifelike object.,active,,
act-cut-with-scissors,2155,cut,v,Basic actions and technology,"To divide into pieces with help of scissors, especially things like a rope, a piece of cloth, or a piece of paper.",active,,
act-decrease,2864,decrease,v,Basic actions and technology,To become smaller in number or size.,active,,
act-deliver,2033,deliver,v,Basic actions and technology,To bring or transport something to its destination.,active,,
act-despise,2715,despise,v,Basic actions and technology,To feel a strong dislike for something.,active,,
act-destruction,4115,destruction,n,Basic actions and technology,"The act or process of causing something to be ruined, demolished, or rendered unusable.",active,,
act-dexterous,1824,dexterous,adj,Basic actions and technology,Nimble in the use of the hands or body.,active,,
act-die,2865,die,v,Basic actions and technology,To cease to live due to unforeseen circumstances.,active,,
act-diminish,1184,diminish,v,Basic actions and technology,To make smaller.,active,,
act-dip,3697,dip,v,Basic actions and technology,To put something partially in a liquid for a short time and take it out again.,active,,
act-do,813,do,v,Basic actions and technology,To perform an action.,active,,
act-do-or-make,2575,do or make,v,Basic actions and technology,To do something or to make something.,active,,
act-drag,2030,drag,v,Basic actions and technology,To draw slowly or heavily.,active,,
act-draw,1911,draw,v,Basic actions and technology,"To draw by a physical force causing or tending to cause to approach, adhere, or unite.",active,,
act-drill,3423,drill,n,Basic actions and technology,A power tool designed to create holes by means of rotating the drill bits into hard material.,active,,
act-drop,2866,drop,v,Basic actions and technology,To let something fall down.,active,,
act-dry-in-sun,3364,dry in sun,v,Basic actions and technology,To put something in the sun in order to dry it.,active,,
act-dry-up,1786,dry up,v,Basic actions and technology,"To lose moisture, usually through evaporation or absorption.",active,,
act-dustpan,2051,dustpan,n,Basic actions and technology,"A cleaning utensil, commonly used in combination with a broom or brush.",active,,
act-emerge,1076,emerge,v,Basic actions and technology,To become known or apparent.,active,,
act-encircle,3274,encircle,v,Basic actions and technology,To enclose or cause to be enclosed; to surround; to confine.,active,,
act-endure,833,endure,v,Basic actions and technology,"To allow (something that one dislikes or disagrees with) to continue to exist or occur without interference; accept or undergo, often unwillingly.",active,,
act-envelope,3088,envelope,n,Basic actions and technology,An item to commonly used to package or wrap letters.,active,,
act-escape,1615,escape,v,Basic actions and technology,"To get free, to free oneself.",active,,
act-exchange,2509,exchange,v,Basic actions and technology,To hand out one thing while receiving another thing or to replace one thing with another.,active,,
act-explode,3976,explode,v,Basic actions and technology,To burst violently as a result of internal pressure.,active,,
act-fade,2704,fade,v,Basic actions and technology,Loose color (of cloth or other material).,active,,
act-fail,3861,fail,v,Basic actions and technology,Not succeeding in an endeavour (of persons) or to stop working as intended (of objects).,active,,
act-fan-action,360,fan,v,Basic actions and technology,"To blow air on (something) by means of a fan (hand-held, mechanical or electrical) or otherwise.",active,,
act-fan-object,1971,fan,n,Basic actions and technology,A device for creating a current of air by movement of a surface or surfaces. (WN:360),active,,
act-fasten,1094,fasten,v,Basic actions and technology,"Tighten and close, for example a belt.",active,,
act-feel,2559,feel,v,Basic actions and technology,To sense something by touching its surface.,active,,
act-fight,3880,fight,n,Basic actions and technology,"A hostile encounter, such as a battle or combat.",active,,
act-file,3407,file,n,Basic actions and technology,A hand tool with a long flat metal bar used to re-shape objects.,active,,
act-fire-stick,3016,fire stick,n,Basic actions and technology,Sticks used specifically to set fire to something or to burn.,active,,
act-fishing,2638,fishing,v,Basic actions and technology,To hunt for fishes (general expression).,active,,
act-fishing-with-a-net,2639,fishing,v,Basic actions and technology,To hunt for fishes by using a fishnet.,active,,
act-fix,3074,fix,v,Basic actions and technology,"To restore something by replacing a broken part or putting together what is broken, or to repair a hole in a cloth or wheel.",active,,
act-flail,3057,flail,n,Basic actions and technology,"A manual device used for beating or striking with, consisting of a free-swinging stick attached to a handle.",active,,
act-flatter,2709,flatter,v,Basic actions and technology,To praise somebody openly.,active,,
act-fold,1470,fold,v,Basic actions and technology,To bend a thin material (such as paper) over so that it comes in contact with itself.,active,,
act-foot,2688,foot,n,Basic actions and technology,A unit of length.,active,,
act-forge,288,forge,v,Basic actions and technology,To create and mold by hammering.,active,,
act-get-dizzy,2712,get dizzy,v,Basic actions and technology,Experience an impairment in spatial perception and stability.,active,,
act-get-drunk,3980,get drunk,v,Basic actions and technology,Activity of drinking alcoholic beverages that leads to having an altered conciousness.,active,,
act-get-lost,423,get lost,v,Basic actions and technology,"To end up in an unknown place, to be not to be found again, to get lost, to irrecoverably slip away.",active,,
act-get-up-from-bed,3350,get up from bed,v,Basic actions and technology,To leave one's place of sleeping.,active,,
act-gift,2982,gift,n,Basic actions and technology,A gift or a present is an item given to someone without the expectation of payment or return.,active,,
act-glass,604,glass,n,Basic actions and technology,"A hard, amorphous, inorganic, usually transparent, brittle substance made by fusing silicates, sometimes borates and phosphates, with certain basic oxides and then rapidly cooling to prevent crystallization.",active,,
act-glue,1069,glue,n,Basic actions and technology,Substance used for sticking objects together.,active,,
act-gnaw,2706,gnaw,v,Basic actions and technology,Treat some material with one's teeth.,active,,
act-gold,1369,gold,n,Basic actions and technology,"A heavy yellow elemental metal of great value, with atomic number 79 and symbol Au.",active,,
act-grate,3114,grate,v,Basic actions and technology,To abrade an object by rubbing it against a rough surface.,active,,
act-gridiron,3932,gridiron,n,Basic actions and technology,Wooden grill used to dry or smoke meat or fish,active,,
act-grindstone,2459,grindstone,n,Basic actions and technology,A grindstone is a round sharpening stone used for grinding or sharpening ferrous tools.,active,,
act-halt,2880,halt,v,Basic actions and technology,To halt one’s movement.,active,,
act-hammer,1481,hammer,n,Basic actions and technology,A tool with a heavy head and a handle used for pounding.,active,,
act-hammer-something,3115,hammer,v,Basic actions and technology,Strike or beat something with a hammer.,active,,
act-handle,1254,handle,n,Basic actions and technology,"A part of an object meant to hold that object with (e.g. the handle of a mug, pan or bag).",active,,
act-hang,2884,hang,v,Basic actions and technology,Remain suspended to some point above.,active,,
act-hang-up,357,hang up,v,Basic actions and technology,To put up to hang.,active,,
act-happen,248,happen,v,Basic actions and technology,To come to pass.,active,,
act-hardly,2926,hardly,x,Basic actions and technology,Barely perceivable or noticeable.,active,,
act-have-a-fever,2713,have a fever,v,Basic actions and technology,Have an increased body temperature.,active,,
act-have-diarrhea,2714,have diarrhea,v,Basic actions and technology,Suffering from loose or liquid bowel movements.,active,,
act-heap,2984,heap,n,Basic actions and technology,A collection of things thrown one on another.,active,,
act-herd,2885,herd,v,Basic actions and technology,Keep or move animals together.,active,,
act-hit,1433,hit,v,Basic actions and technology,"To hit against with a sharp blow or to impel, usually with a hand or weapon or to be forcefully or suddenly contacting, e.g. a tree falling down and hitting the ground.",active,,
act-hit-a-target,3307,hit,v,Basic actions and technology,To hit something that someone has aimed for.,active,,
act-hold-or-take,2104,hold or take,v,Basic actions and technology,To grasp something or to carry something in ones hands.,active,,
act-hollow-out,46,hollow out,v,Basic actions and technology,To make a hole in something.,active,,
act-improve,2872,improve,v,Basic actions and technology,"Improvement is the process of a thing moving from one state to a state considered to be better, usually through some action intended to bring about that better state.",active,,
act-increase,1041,increase,v,Basic actions and technology,(Of a quantity) to become bigger.,active,,
act-inhale,2705,inhale,v,Basic actions and technology,"Breathe in some substance (smoke, steam) other than air.",active,,
act-intact,220,intact,adj,Basic actions and technology,"That has not been impaired or altered; lacking nothing essential, especially not damaged.",active,,
act-iron,621,iron,n,Basic actions and technology,"A malleable ductile silvery-white ferromagnetic metallic element with symbol Fe and atomic number 26, occurring principally in haematite and magnetite. It is widely used for structural and engineering purposes.",active,,
act-iron-or-metal,3324,iron or metal,n,Basic actions and technology,A generic way of referring to either the ore or the finished product.,active,,
act-jog,2899,jog,v,Basic actions and technology,To shake something.,active,,
act-knit,2905,knit,v,Basic actions and technology,To create a textile by manipulating yarn with the help of two long needles.,active,,
act-knot,760,knot,n,Basic actions and technology,A loop of string or any other long flexible material which cannot be untied without pulling part of the string through the loops.,active,,
act-lack,2329,lack,v,Basic actions and technology,To lack something or to describe the state when something is not there.,active,,
act-ladder-or-stairs,2689,ladder or stairs,n,Basic actions and technology,Construction consisting of steps designed to bridge vertical distances.,active,,
act-launder,2503,launder,v,Basic actions and technology,To remove dirt from clothes.,active,,
act-lay,2071,lay,v,Basic actions and technology,"To place down in a position of rest, or in a horizontal position.",active,,
act-lay-eggs,2464,lay eggs,v,Basic actions and technology,The process by which birds produce eggs.,active,,
act-lead,627,lead,n,Basic actions and technology,"A heavy toxic bluish-white metallic element with symbol Pb and atomic number 82 that is highly malleable; occurs principally as galena and is used in alloys, accumulators, cable sheaths, paints, and as a radiation shield.",active,,
act-lean,3619,lean,v,Basic actions and technology,To bend or move from a vertical position or to make something do that.,active,,
act-leash,2959,leash,n,Basic actions and technology,A leash is a rope or similar material attached to the neck or head of an animal for restraint or control.,active,,
act-leather-or-hide,3326,leather or hide,n,Basic actions and technology,A generic way of referring to either cured or uncured animal hides.,active,,
act-left-handed,2825,left handed,adj,Basic actions and technology,Preference of using the left hand.,active,,
act-lid,2319,lid,n,Basic actions and technology,The cap of a container.,active,,
act-lighter,3092,lighter,n,Basic actions and technology,Portable instrument for igniting something.,active,,
act-lighthouse,4079,lighthouse,n,Basic actions and technology,"A tall structure, typically on a coast, with a powerful light to guide ships and warn of hazards.",active,,
act-load,1679,load,n,Basic actions and technology,"The weight (materials, products, etc.) to be borne or conveyed.",active,,
act-load-something,3669,load,v,Basic actions and technology,To put a large quantity of things onto something.,active,,
act-loose,2506,loose,adj,Basic actions and technology,Being not tight.,active,,
act-loosen,1933,loosen,v,Basic actions and technology,To make undone or untied ; to free from any fastening.,active,,
act-lost,3667,lost,adj,Basic actions and technology,Not knowing where you are and unable to find the way.,active,,
act-make,734,make,v,Basic actions and technology,To create something by combining or assembling materials or parts or by changing it.,active,,
act-make-dry,2015,make dry,v,Basic actions and technology,To remove the moisture and make dry.,active,,
act-make-noise,2895,make noise,v,Basic actions and technology,To be loud.,active,,
act-manage,3073,manage,v,Basic actions and technology,To watch and direct someone and/or some activity; to be in charge.,active,,
act-massage,3119,massage,v,Basic actions and technology,To rub someone's body with the hands.,active,,
act-mat,195,mat,n,Basic actions and technology,A flat object laid on the floor to protect a person from the hard floor.,active,,
act-menstruate,2827,menstruate,v,Basic actions and technology,Regular natural change in female reproductive system that makes pregnancy possible.,active,,
act-microscope,4016,microscope,n,Basic actions and technology,"An optical instrument for viewing very small objects such as cells, typically magnified several hundred times.",active,,
act-mince,3082,mince,v,Basic actions and technology,"To cut something, especially food, into small pieces.",active,,
act-misplace,3072,misplace,v,Basic actions and technology,To place something in a place where one cannot find it again or in a wrong place; to lose something.,active,,
act-miss-a-target,161,miss,v,Basic actions and technology,"To fail to hit (a target, a bell, etc.).",active,,
act-miss-somebody,2328,miss,v,Basic actions and technology,To long to see somebody again.,active,,
act-moisten,28,moisten,v,Basic actions and technology,To make moist.,active,,
act-mold,289,mold,v,Basic actions and technology,"To create something, usually for a specific function.",active,,
act-mold-get-rotten,3251,mold,n,Basic actions and technology,Discoloration and food caused by fungal species.,active,,
act-mosquito-net,2795,mosquito net,n,Basic actions and technology,A web that keeps mosquitos away.,active,,
act-mould,1166,mould,n,Basic actions and technology,A frame or model around or on which something is formed or shaped.,active,,
act-move-affect-emotionally,2873,move,v,Basic actions and technology,To affect somebody emotionally.,active,,
act-move-away,229,move away,v,Basic actions and technology,To change one's domicile or place of business.,active,,
act-move-oneself,2874,move,v,Basic actions and technology,To get oneself in motion in order to arrive at some other place.,active,,
act-must,971,must,v,Basic actions and technology,To be required to do something.,active,,
act-nail,3306,nail,v,Basic actions and technology,To hammer a nail into something.,active,,
act-nail-tool,502,nail,n,Basic actions and technology,A spike-shaped metal fastener used for joining wood or similar materials.,active,,
act-net,2963,net,n,Basic actions and technology,A grid-like device or object.,active,,
act-net-for-catching,2653,net,n,Basic actions and technology,A grid-like device used for fishing and sports.,active,,
act-netbag,293,netbag,n,Basic actions and technology,Bag made of net used to carry things.,active,,
act-news,2964,news,n,Basic actions and technology,News is information about current events.,active,,
act-noose,2604,noose,n,Basic actions and technology,A loop at the end of a rope.,active,,
act-not-have,3363,not have,v,Basic actions and technology,Not being in possession of something (both abstract and concrete).,active,,
act-notice,2893,notice,v,Basic actions and technology,To become aware of something.,active,,
act-oar,3137,oar,n,Basic actions and technology,"A pole with a blade at one end, and with the other end attached to the boat via an oarlock or thole, used to row or steer a boat.",active,,
act-oar-or-paddle,3318,oar or paddle,n,Basic actions and technology,"Referring to tools used for water-based motion, either connected to the water vehicle or not.",active,,
act-open-eyes,3234,open,v,Basic actions and technology,Move ones eyelids in such a way that the eyes are visible.,active,,
act-open-mouth,3437,open,v,Basic actions and technology,To move one's jaw(s) in a way that the oral cavity becomes partially or fully visible.,active,,
act-open-state,3235,open,adj,Basic actions and technology,To be accessible and/or not closed.,active,,
act-order,1128,order,v,Basic actions and technology,"To order someone or several persons by a superior authority to do something, or to arrange something in a tidy manner.",active,,
act-pack,3656,pack,v,Basic actions and technology,To put something in a container so that it could be carried or transported.,active,,
act-paddle,234,paddle,n,Basic actions and technology,"A pole with a blade at one or both ends, the pole itself being not attached to the boat but held by both hands, used to row or steer a boat.",active,,
act-paint-pigments,647,paint,n,Basic actions and technology,"A mixture of pigment and a vehicle, such as oil or water, that together form a liquid or paste that can be applied to a surface to provide an adherent coating that imparts colour, protects the surface and/or gives the surface different features.",active,,
act-paint-something,3122,paint,v,Basic actions and technology,The act of spreading coloured pigments on a surface.,active,,
act-paint-something-or-painting,3194,paint (something) or painting,v,Basic actions and technology,To apply color to a wall or to make a painting or drawing.,active,,
act-paintbrush,3094,paintbrush,n,Basic actions and technology,Brush used to spread pigments of colour on a surface.,active,,
act-painter,4101,painter,n,Basic actions and technology,"A person who creates visual artworks using paint on surfaces such as canvas, walls, or other materials.",active,,
act-painting,2001,painting,v,Basic actions and technology,To make a painting or drawing.,active,,
act-patch,3550,patch,v,Basic actions and technology,To repair a hole in a cloth or wheel.,active,,
act-pearl,3325,pearl,n,Basic actions and technology,A small hard shiny ball formed in mussels or oysters.,active,,
act-peg,361,peg,n,Basic actions and technology,"A cylindrical wooden, metal etc. object used to fasten or as a bearing between objects.",active,,
act-pick,2148,pick,v,Basic actions and technology,To take off the fruits or other useful parts of a plant.,active,,
act-picture,3303,picture,n,Basic actions and technology,A painted image.,active,,
act-pierce,398,pierce,v,Basic actions and technology,To tab something through something else.,active,,
act-plait-or-braid-or-weave,1729,plait or braid or weave,v,Basic actions and technology,"To add pleats to cloth, to braid together hair, threads, strings, twigs etc. in order to create a larger string-like object or to create a fabric by interlacing threads.",active,,
act-plane,3408,plane,n,Basic actions and technology,A hand tool that is designed to flatten or shape wood.,active,,
act-pliers,4003,pliers,n,Basic actions and technology,A small tool with two handles for holding or pulling small things like nails and for cutting wire.,active,,
act-pocketknife,3742,pocketknife,n,Basic actions and technology,A small knife with one or more blades that fold back into the handle.,active,,
act-polish,3659,polish,v,Basic actions and technology,To make something smooth and shiny by rubbing it with a cloth.,active,,
act-potter,359,potter,n,Basic actions and technology,One who makes pots and other ceramic wares.,active,,
act-pouch,2951,pouch,n,Basic actions and technology,A small bag.,active,,
act-pound,354,pound,v,Basic actions and technology,"To strike hard, usually repeatedly.",active,,
act-pour,1487,pour,v,Basic actions and technology,To cause a liquid to flow into a container.,active,,
act-powerful,3001,powerful,adj,Basic actions and technology,Being done using a huge amount of energy.,active,,
act-prepare,2909,prepare,v,Basic actions and technology,To carry out things in advance to avoid to be later not able to do them.,active,,
act-press,1913,press,v,Basic actions and technology,To apply pressure to an item.,active,,
act-process,3970,process,n,Basic actions and technology,"A systematic and continuous course of actions and changes, which can be goal-directed or spontaneous.",active,,
act-protect,2900,protect,v,Basic actions and technology,To prevent something or somebody from being harmed.,active,,
act-pull,1455,pull,v,Basic actions and technology,"To apply a force to (an object), in order that it moves towards the origin of the force that was applied.",active,,
act-pull-off,291,pull off,v,Basic actions and technology,To strip or pull off the skin or hide of.,active,,
act-pull-out,2325,pull out,v,Basic actions and technology,To pull something out.,active,,
act-pull-up,2066,pull up,v,Basic actions and technology,To pull out rice seedlings from the soil including their roots in order to separate seedlings growing too closely,merged,3548,
act-quickly,3365,quickly,adj,Basic actions and technology,To carry out an action in a quick manner.,active,,
act-raise,2134,raise,v,Basic actions and technology,"To take care of an infant or some other living creature, usually until it can live independently.",active,,
act-rake,3127,rake,v,Basic actions and technology,The act of moving a tool over a surface in order to level or clean it.,active,,
act-recognize,2870,recognize,v,Basic actions and technology,Perceive to see something or someone previously known.,active,,
act-recommend,2759,recommend,v,Basic actions and technology,To suggest something or somebody.,active,,
act-repair,2243,repair,v,Basic actions and technology,To restore something by replacing a broken part or putting together what is broken.,active,,
act-rest-or-sleep,2116,rest or sleep,v,Basic actions and technology,Lie down or sleep.,active,,
act-result,3969,result,n,Basic actions and technology,"The final outcome or consequence of a causal chain, operation or set of circumstances.",active,,
act-ribbon,2969,ribbon,n,Basic actions and technology,"A ribbon is a thin band of material, typically cloth but also plastic or sometimes metal, used primarily as decorative binding and tying.",active,,
act-ring,2875,ring,v,Basic actions and technology,Ring most broadly refers to a hollow circular shape or to a high-pitched sound.,active,,
act-rinse,2904,rinse,v,Basic actions and technology,To clean by pouring water over the objects.,active,,
act-roar,2876,roar,v,Basic actions and technology,A sound emitted by a stormy sea.,active,,
act-rob,2073,rob,v,Basic actions and technology,"To illegally take something from, especially using force or violence.",active,,
act-rope,1218,rope,n,Basic actions and technology,"Thick, strong string made of several strands that have been twisted together.",active,,
act-rot,2907,rot,v,Basic actions and technology,To be exposed to decomposition.,active,,
act-rub,1449,rub,v,Basic actions and technology,To move one's hand or an object over a surface or other object (maintaining constant contact and applying moderate pressure).,active,,
act-rug,292,rug,n,Basic actions and technology,A piece of thick cloth or wool that is smaller than a carpet and is put on the floor as decoration.,active,,
act-ruler,3405,ruler,n,Basic actions and technology,A long flat device that is designed to assist with drawing straight lines or measuring by means of distance markings.,active,,
act-run-away,2142,run away,v,Basic actions and technology,Leave a dangerous situation by moving one's body away from it.,active,,
act-rust,3064,rust,n,Basic actions and technology,"Any of various metallic coatings formed by corrosion, especially after oxidation in presence of water.",active,,
act-rustle,2877,rustle,v,Basic actions and technology,A sound emitted by leaves moving in the trees.,active,,
act-sack,2990,sack,n,Basic actions and technology,A specific bag used to store or carry items.,active,,
act-saddle,3065,saddle,n,Basic actions and technology,"A seat for an animal (especially horse) rider, secured by a girth.",active,,
act-sailor,4050,sailor,n,Basic actions and technology,"A person who works on or operates a boat or ship, especially as a member of a crew at sea.",active,,
act-saw,1948,saw,n,Basic actions and technology,"A tool with a toothed blade used for cutting hard substances, in particular wood or metal.",active,,
act-saw-something,3543,saw,v,Basic actions and technology,To cut something with a saw.,active,,
act-scatter,3705,scatter,v,Basic actions and technology,To throw or drop things in different directions so that they cover a large area.,active,,
act-scatter-seeds,2064,scatter,v,Basic actions and technology,To distribute seeds over a field.,active,,
act-scissors,1328,scissors,n,Basic actions and technology,"A tool used for cutting thin material, consisting of two crossing blades attached at a pivot point in such a way that the blades slide across each other when the handles are closed.",merged,356,
act-scrape,1767,scrape,v,Basic actions and technology,To move an object against another object such that abrasion or minor cutting occurs.,active,,
act-sculptor,914,sculptor,n,Basic actions and technology,A person who practices the art of sculpture.,active,,
act-sharpen,251,sharpen,v,Basic actions and technology,To make sharp or sharper.,active,,
act-shears,356,shears,n,Basic actions and technology,"A tool consisting of two blades with bevel edges, connected by a pivot, used for cutting cloth, or for removing the fleece from sheep etc.",active,,
act-sheath,3424,sheath,n,Basic actions and technology,A protection cover for a sharp blade (of a sword or knife).,active,,
act-shepherd,2544,shepherd,n,Basic actions and technology,The person that watches over sheep.,active,,
act-shoulder-pole,3432,shoulder pole,n,Basic actions and technology,A pole that is used to carry things on the shoulder.,active,,
act-sieve,3353,sieve,n,Basic actions and technology,A device for separating wanted elements from unwanted material.,active,,
act-silver,759,silver,n,Basic actions and technology,A very ductile malleable brilliant greyish-white element with symbol Ar and atomic number 47 having the highest electrical and thermal conductivity of any metal.,active,,
act-skilled,807,skilled,adj,Basic actions and technology,"Experienced and clever, professional.",active,,
act-slap,3160,slap,v,Basic actions and technology,Hit with the open palm of the hand.,active,,
act-slaughter,1796,slaughter,v,Basic actions and technology,To kill animals for food.,active,,
act-sleep,2972,sleep,n,Basic actions and technology,"Sleep is a naturally recurring state of mind and body characterized by altered consciousness, relatively inhibited sensory activity, inhibition of nearly all voluntary muscles, and reduced interactions with surroundings.",active,,
act-smear,364,smear,v,Basic actions and technology,To spread (a substance) across a surface by rubbing.,active,,
act-smoke,2859,smoke,v,Basic actions and technology,To emit smoke (such as something which burns).,active,,
act-snap,459,snap,v,Basic actions and technology,Quick breaking or cracking sound or the action of producing such a sound.,active,,
act-snowman,3098,snowman,n,Basic actions and technology,A mass of snow sculptured into the shape of a human.,active,,
act-sound,2879,sound,v,Basic actions and technology,The noise emitted by musical instruments or humans speaking.,active,,
act-spinning-wheel,4009,spinning wheel,n,Basic actions and technology,A small domestic hand-driven or foot-driven machine for spinning thread.,active,,
act-split,1437,split,v,Basic actions and technology,To divide fully or partly along a more or less straight line.,active,,
act-split-open,3080,split open,v,Basic actions and technology,"To open something with a cut or incision, revealing its inside.",active,,
act-spread-out,38,spread out,v,Basic actions and technology,To spread out or open from a closed or folded state.,active,,
act-sprout,2076,sprout,v,Basic actions and technology,The process by which a plant grows from a seed.,active,,
act-squeeze,1414,squeeze,v,Basic actions and technology,To apply pressure to something from two or more sides at once.,active,,
act-stab,1434,stab,v,Basic actions and technology,To perforate the surface of something with a pointed tool or weapon.,active,,
act-statue,1002,statue,n,Basic actions and technology,"A three-dimension work of art, usually of a person or animal, usually created by sculpting, carving, moulding, or casting.",active,,
act-steel,2343,steel,n,Basic actions and technology,"Alloys of iron and carbon, widely used in construction and other applications because of their high tensile strengths and low costs.",active,,
act-step,2065,step,v,Basic actions and technology,"To move the foot in walking; to advance or recede by raising and moving one of the feet to another resting place, or by moving both feet in succession.",active,,
act-stop-doing,3351,stop doing,v,Basic actions and technology,To stop doing the action one was doing.,active,,
act-strap,2973,strap,n,Basic actions and technology,"A strap is an elongated flap or ribbon, usually of fabric or leather.",active,,
act-stretch,214,stretch,v,Basic actions and technology,To lengthen by pulling.,active,,
act-strike,353,strike,v,Basic actions and technology,"To intentionally hit with a sharp blow or to impel, usually with a hand or weapon.",active,,
act-strike-or-beat,2133,strike or beat,v,Basic actions and technology,"To hit or strike, either repeatedly or a single time.",active,,
act-strike-someone,3308,strike,v,Basic actions and technology,"To intentionally hit someone with a sharp blow or to impel, usually with a hand or weapon.",active,,
act-strike-something,3309,strike,v,Basic actions and technology,"To intentionally hit something with a sharp blow or to impel, usually with a hand.",active,,
act-string,362,string,n,Basic actions and technology,"A long, thin and flexible structure made from threads twisted together.",active,,
act-suckle,2472,suckle,v,Basic actions and technology,Giving milk to babies and young children with milk from a woman's breast.,active,,
act-suitcase,4005,suitcase,n,Basic actions and technology,"A medium to large, rectangular container, usually with a handle, for carrying clothes and possessions while travelling.",active,,
act-sweep,230,sweep,v,Basic actions and technology,To clean a surface with a broom.,active,,
act-swell,1573,swell,v,Basic actions and technology,To grow larger in volume.,active,,
act-swing,3101,swing,n,Basic actions and technology,Tool used for play with a seat hanging from ropes.,active,,
act-swing-movement,2871,swing,v,Basic actions and technology,To move freely to and fro.,active,,
act-swing-something,2901,swing,v,Basic actions and technology,To set something in swinging motion.,active,,
act-take-a-photo,2710,take a photo,v,Basic actions and technology,To make a photography.,active,,
act-take-off,3538,take off,v,Basic actions and technology,To take off a piece of clothing or similar.,active,,
act-talk,2708,talk,v,Basic actions and technology,To converse with one or more persons.,active,,
act-tear,1735,tear,v,Basic actions and technology,To pull at something in such a way that it ends up divided.,active,,
act-telescope,4012,telescope,n,Basic actions and technology,"An optical device used to observe distant objects and make them appear nearer, containing many lenses or curved mirrors and lenses, by which rays of lights are gathered and focused and the resulting image magnified.",active,,
act-thaw,2887,thaw,v,Basic actions and technology,Go from a frozen to a liquid state.,active,,
act-thermometer,3104,thermometer,n,Basic actions and technology,"Instrument used for measuring temperature, mostly by means of a contracting or expanding substanced contained within the instrument.",active,,
act-tie,1917,tie,v,Basic actions and technology,To establish connection between two or more things.,active,,
act-tie-up,2891,tie up,v,Basic actions and technology,To attach an animal to something to prevent that it leaves.,active,,
act-tight,3053,tight,adj,Basic actions and technology,Being not loose.,active,,
act-tin,893,tin,n,Basic actions and technology,"A metallic element with symbol Sn, occurring in cassiterite. It is a malleable silvery-white metal.",active,,
act-tin-or-tinplate,3217,tin or tinplate,n,Basic actions and technology,A metallic element with symbol Sn or a thin sheet of steel coated with tin to prevent rusting.,active,,
act-tinkle,2888,tinkle,v,Basic actions and technology,Emit a sound suggestive of a tinkle.,active,,
act-tool,1361,tool,n,Basic actions and technology,A mechanical device intended to make a task easier.,active,,
act-top-grindstone,3022,top grindstone,n,Basic actions and technology,The top (and usually proper) element in a two-stone grindstone.,active,,
act-torch-or-lamp,2131,torch or lamp,n,Basic actions and technology,Any portable device that produces light.,active,,
act-translate,2906,translate,v,Basic actions and technology,To communicate of the meaning of a source-language text by means of an equivalent target-language text.,active,,
act-transport,2711,transport,v,Basic actions and technology,"To carry larger objects, usually with help of a vehicle.",active,,
act-triangle,4077,triangle,n,Basic actions and technology,"A geometric shape with three straight sides and three angles, whose measures together sum to 180 degrees, often used in mathematics, geometry, and design.",active,,
act-tug,2029,tug,v,Basic actions and technology,"A great force, applied in order that an object will move towards the origin of the force that was applied to it.",active,,
act-tumble,2894,tumble,v,Basic actions and technology,To fall down accidentally.,active,,
act-tumpline,294,tumpline,n,Basic actions and technology,A strap slung over the forehead or chest used (especially by native Americans) for carrying packs or loads.,active,,
act-turn-over,3537,turn over,v,Basic actions and technology,"To change the direction one is facing while lying in bed, on the floor, or similar.",active,,
act-twinkle,2889,twinkle,v,Basic actions and technology,Shine with flickering light.,active,,
act-uncover,1108,uncover,v,Basic actions and technology,To uncover; to show and display that which was hidden.,active,,
act-untie,352,untie,v,Basic actions and technology,"To loosen, as something interlaced or knotted; to disengage the parts of. To unbind, to free from restraint.",active,,
act-use,2072,use,v,Basic actions and technology,"To employ an object, often to reach a certain goal; to put into service.",active,,
act-walk-manner,2979,walk,n,Basic actions and technology,"The act of walking, the way one walks.",active,,
act-walk-take-a-walk,2890,walk,v,Basic actions and technology,To wander around.,active,,
act-wall,3830,wall,n,Basic actions and technology,"A supporting structure for different types of constructions, e.g. houses and huts, or a construction to enclose and separate areas.",active,,
act-warm-up,2032,warm up,v,Basic actions and technology,To make warm or warmer.,active,,
act-wash,1453,wash,v,Basic actions and technology,"To remove dirt and grime from an object, using water (usually with soap).",active,,
act-wash-oneself,3371,wash,v,Basic actions and technology,To cleanse one's body in/with water.,active,,
act-watch,1650,watch,v,Basic actions and technology,"To have one's eyes, one's attention on something or someone.",active,,
act-wave,3544,wave,v,Basic actions and technology,"To move one's hand or arm in a waving motion, with or without holding something like a flag.",active,,
act-weave,3296,weave,v,Basic actions and technology,To weave a basket or use similar techniques for creating other objects.,active,,
act-weaver,3637,weaver,n,Basic actions and technology,"A person whose occupation is weaving cloth, carpets, or baskets.",active,,
act-whetstone,295,whetstone,n,Basic actions and technology,A stone that is used for whetting a knife or edge tools.,active,,
act-whistle,3107,whistle,n,Basic actions and technology,"Wind instrument most often made out of metal or wood used for producing a loud, shrill tone.",active,,
act-windmill,3841,windmill,n,Basic actions and technology,A large structure or building with long revolving blades or sails that is used for converting wind energy in order to produce electricity or to directly power an attached mechanical construction for grinding.,active,,
act-winnowing,2462,winnowing,v,Basic actions and technology,Wind winnowing is an agricultural method developed by ancient cultures for separating grain from chaff.,active,,
act-wipe,1454,wipe,v,Basic actions and technology,"To move an object or utensil over a surface or other object while maintaining contact, in order that a substance be removed from its surface.",active,,
act-work-activity,1086,work,v,Basic actions and technology,To do a specific task by employing physical or mental powers.,active,,
act-work-labour,984,work,n,Basic actions and technology,"Productive activity, service, trade, or craft for which one is regularly paid.",active,,
act-working-or-work,2281,working or work,x,Basic actions and technology,The process by which one produces something (sometimes also in exchange for money).,active,,
act-wrench,4145,wrench,n,Basic actions and technology,"A hand tool with a shaped jaw or adjustable head used for gripping, turning, or tightening nuts, bolts, and other fasteners.",active,,
act-wring,3224,wring,v,Basic actions and technology,To take a cloth and twist its ends into different directions in order to dry it.,active,,
agr-acai-palm,2437,acai palm,n,Agriculture and vegetation,A species of palm tree in the genus Euterpe cultivated for its fruit and hearts of palm.,active,,
agr-achiote,349,achiote,n,Agriculture and vegetation,A derivative of the achiote trees of tropical regions of the Americas used as a red food coloring and as a flavoring.,active,,
agr-acorn,968,acorn,n,Agriculture and vegetation,Fruit of the oak tree.,active,,
agr-agave,3989,agave,n,Agriculture and vegetation,"A plant that grows in the hot, dry parts of the southern US and South America. There are many different types of agave and the plants have thick long or rounded leaves with sharp points on them, and tall flowers.",active,,
agr-alang-alang-grass,464,alang-alang grass,n,Agriculture and vegetation,"It is a perennial high grown grass native to Asia, Australia and Africa.",active,,
agr-almond,3815,almond,n,Agriculture and vegetation,The edible and cultivated fruit of the tree Prunus dulcis in the family Rosaceae. It resembles a nut and can be sold shelled or unshelled.,active,,
agr-apple,1320,apple,n,Agriculture and vegetation,"The popular, crisp, round fruit of the apple tree, usually with red, yellow or green skin, light-coloured flesh and pips inside.",active,,
agr-apricot-blossom,2745,apricot blossom,n,Agriculture and vegetation,The flower of the Apricot Tree.,active,,
agr-artichoke,3997,artichoke,n,Agriculture and vegetation,A plant with a round mass of pointed parts like leaves surrounding its flower that are eaten as a vegetable.,active,,
agr-asparagus,2605,asparagus,n,Agriculture and vegetation,A spring vegetable.,active,,
agr-aspen,903,aspen,n,Agriculture and vegetation,A kind of poplar tree (genus Populus; section Populus).,active,,
agr-babassu-palm,3925,babassu palm,n,Agriculture and vegetation,Type of palm (Attalea speciosa) widely spread in Brazil; its fruit is edible and used to produce oil and medicine,active,,
agr-bamboo,1927,bamboo,n,Agriculture and vegetation,"A group of woody perennial evergreen plants in the true grass family Poaceae, subfamily Bambusoideae, tribe Bambuseae.",active,,
agr-banana,868,banana,n,Agriculture and vegetation,The fruit of the banana tree.,active,,
agr-banana-tree,1795,banana tree,n,Agriculture and vegetation,"The tropical treelike plant which bears clusters of bananas. The plant, of the genus Musa, has large, elongated leaves.",active,,
agr-banyan,346,banyan,n,Agriculture and vegetation,"A tropical Indian fig tree, Ficus benghalensis, that has many aerial roots.",active,,
agr-baobab-tree,997,baobab tree,n,Agriculture and vegetation,"Genus of big trees (Adansonia) from the mallow family, growing in tropical countries.",active,,
agr-bark,1204,bark,n,Agriculture and vegetation,The exterior covering of the trunk and branches of a tree.,active,,
agr-barley,932,barley,n,Agriculture and vegetation,"A strong cereal of the genus Hordeum, or its grains, often used as food or to make malted drinks.",active,,
agr-bear-fruit,3054,bear fruit,v,Agriculture and vegetation,To produce or yield fruits.,active,,
agr-beech,1950,beech,n,Agriculture and vegetation,"Any tree of the genus Fagus, of temperate regions, having a smooth gray bark and bearing small, edible, triangular nuts.",active,,
agr-beer-banana,2251,beer banana,n,Agriculture and vegetation,Triploid banana cultivars originating from the African Great Lakes region.,active,,
agr-betel-pepper-vine,177,betel pepper vine,n,Agriculture and vegetation,A vine of the species 'Piper betle' whose leaves are chewed for its medicinal properties.,active,,
agr-betelnut,217,betelnut,n,Agriculture and vegetation,The seed of the areca palm (Areca catechu).,active,,
agr-birch,1855,birch,n,Agriculture and vegetation,"A tree of the genus Betula, with small leaves and a trunk that is white with darker blotches.",active,,
agr-bitter-buckwheat,3256,bitter buckwheat,n,Agriculture and vegetation,"Fagopyrum tataricum, a domesticated plant similar to the (sweet) buckwheat.",active,,
agr-bloom,3287,bloom,v,Agriculture and vegetation,To bear flowers or to start bearing flowers; to blossom.,active,,
agr-blueberry,2809,blueberry,n,Agriculture and vegetation,Perennial flowering plants with indigo-coloured berries from the section Cyanococcus.,active,,
agr-bran,2362,bran,n,Agriculture and vegetation,The hard outer layers of cereal grain. It consists of the combined aleurone and pericarp.,active,,
agr-branch,1531,branch,n,Agriculture and vegetation,A woody part of a tree arising from the trunk and usually dividing.,active,,
agr-branch-or-twig,3223,branch or twig,n,Agriculture and vegetation,A woody part of a tree arising from the trunk or from another branch.,active,,
agr-brazil-nut,3928,brazil nut,n,Agriculture and vegetation,Edible seed of a tree (bertholletia excelsa); used to produce medicine,active,,
agr-brazilian-cedar,3929,brazilian cedar,n,Agriculture and vegetation,Native Brazilian tree  (Cedrela odorata). Its wood is often used for canoes,active,,
agr-broad-bean,3839,broad bean,n,Agriculture and vegetation,"Bean of the plant Vicia faba, also known as fava bean. It is typically large, of a pale green colour, and edible.",active,,
agr-buckwheat,2040,buckwheat,n,Agriculture and vegetation,(Fagopyrum esculentum) An annual plant with clusters of small pinkish white flowers and small edible triangular seeds which are used whole or ground into flour.,active,,
agr-bud,1684,bud,n,Agriculture and vegetation,A bud is an undeveloped or embryonic shoot and normally occurs in the axil of a leaf or at the tip of the stem.,active,,
agr-bulb,2617,bulb,n,Agriculture and vegetation,A bulb is the part of some plants that stores food while the plant is resting from growing.,active,,
agr-burn-land,3539,burn land,v,Agriculture and vegetation,Clear an area with fire.,active,,
agr-bush,1683,bush,n,Agriculture and vegetation,"A plant resembling a small tree, but has no, and will never develop, a stem.",active,,
agr-cactus,2595,cactus,n,Agriculture and vegetation,A mamber of the plant family Cactaceae.,active,,
agr-calabash,3918,calabash,n,Agriculture and vegetation,"(Not to confuse with gourd) a plant from the family Bignoniaceae, native to tropical America. It has a form of a small tree, producing fruit of the globular shape. It is also known under the name of Crescentia cujete and its fruits are mostly used to make utensils, containers, and musical instruments.",active,,
agr-carrot,3085,carrot,n,Agriculture and vegetation,Domesticated root vegetable usually orange or red in colour.,active,,
agr-cashew,2441,cashew,n,Agriculture and vegetation,A tropical evergreen tree that produces the cashew seed and the cashew apple.,active,,
agr-cassava,925,cassava,n,Agriculture and vegetation,Shrub (Manihot esculenta) whose roots are rich in starch.,active,,
agr-cecropia,3931,cecropia,n,Agriculture and vegetation,Common designation of several species of the Cecropia genus (genus Cecropia),active,,
agr-cedar,4147,cedar,n,Agriculture and vegetation,"A large evergreen coniferous tree of the genus Cedrus or related genera, valued for its aromatic, durable wood and needle-like leaves.",active,,
agr-chaff,2363,chaff,n,Agriculture and vegetation,The outer shell or coating of a seed.,active,,
agr-chestnut-tree,1009,chestnut tree,n,Agriculture and vegetation,"Any north temperate fagaceous tree of the genus Castanea, such as Castanea sativa, which produce flowers in long catkins and nuts in a prickly bur.",active,,
agr-chinese-plum,2356,chinese plum,n,Agriculture and vegetation,An Asian tree species classified in the Armeniaca section of the genus Prunus subgenus Prunus.,active,,
agr-chonta-palm,440,chonta palm,n,Agriculture and vegetation,"Species of flowering plant in the Arecaceae family, trunked palm tree which is endemic to the Juan Fernández Islands archipielago in the southeast Pacific Ocean west of Chile.",active,,
agr-citrus-fruit,1126,citrus fruit,n,Agriculture and vegetation,The fruits of a plant in the citrus genus. They have a leathery rind surrounding segments filled with pulp vesicles.,active,,
agr-clove,2000,clove,n,Agriculture and vegetation,"The aromatic flower bud of a clove tree, used as a spice.",active,,
agr-coca,137,coca,n,Agriculture and vegetation,"A plant in the family Erythroxylaceae, native to western South America.",active,,
agr-cocoa-bean,2442,cocoa bean,n,Agriculture and vegetation,"The dried and fully fermented fatty seed of Theobroma cacao, from which cocoa solids and cocoa butter are extracted.",active,,
agr-coconut,970,coconut,n,Agriculture and vegetation,The large hard-shelled oval nut with a fibrous husk of the cocos palm.,active,,
agr-coconut-tree,147,coconut tree,n,Agriculture and vegetation,A tropical tree with feathery leaves which bears coconuts.,active,,
agr-cone,287,cone,n,Agriculture and vegetation,The fruit of a pine or fir tree.,active,,
agr-coriander,3241,coriander,n,Agriculture and vegetation,Annual herb in the family Apiaceae.,active,,
agr-corn-field,449,corn field,n,Agriculture and vegetation,A field in which corn is grown.,active,,
agr-corn-husk,3686,corn husk,n,Agriculture and vegetation,The outer covering of a corncob.,active,,
agr-cornflower,1960,cornflower,n,Agriculture and vegetation,"A composite plant, Centaurea cyanus, having narrow leaves and blue flower heads.",active,,
agr-cotton-wool,3442,cotton wool,n,Agriculture and vegetation,The cotton-looking seeds of a cottonwood tree that are spread around by the wind during the shedding season (usually from late spring to early summer).,active,,
agr-cranberry,3840,cranberry,n,Agriculture and vegetation,The red and typically sour berry of several evergreen shrubs in the family Ericaceae.,active,,
agr-crops,3081,crops,n,Agriculture and vegetation,The output of plants cultivated that is grown on a large scale.,active,,
agr-cucumber,496,cucumber,n,Agriculture and vegetation,"The edible fruit of the cucumber plant, having a green rind and crisp white flesh.",active,,
agr-cultivate,1541,cultivate,v,Agriculture and vegetation,"To prepare an area by tilling, planting seeds etc. in order to grow plants.",active,,
agr-cypress,3243,cypress,n,Agriculture and vegetation,A common name for various coniferous trees or shrubs of northern temperate regions that belong to the family Cupressaceae.,active,,
agr-dandelion,1800,dandelion,n,Agriculture and vegetation,"A species of the genus Taraxacum, a large genus of flowering plants in the family Asteraceae.",active,,
agr-dibble-stick,3155,dibble stick,n,Agriculture and vegetation,"A piece of wood with a point used for making holes in the ground for seeds, seedlings or small bulbs.",active,,
agr-dig,1418,dig,v,Agriculture and vegetation,"To move earth, rocks, etc. out of the way, usually to create a hole.",active,,
agr-digging-stick,339,digging stick,n,Agriculture and vegetation,A rod shaped implement used by the aboriginal people of Australia to dig yam and as a combat weapon.,active,,
agr-ditch,2002,ditch,n,Agriculture and vegetation,"A long, narrow excavation artificially dug in the ground; especially an open and usually unpaved waterway, channel, or trench for conveying water for drainage or irrigation, and usually smaller than a canal. Some ditches may be natural watercourses.",active,,
agr-ear,3244,ear,n,Agriculture and vegetation,The upper part of grain plants.,active,,
agr-elm,3317,elm,n,Agriculture and vegetation,A tall tree with broad leaves.,active,,
agr-eucalypt,3007,eucalypt,n,Agriculture and vegetation,Tree or wood for plants with capsule fruiting bodies belonging to closely related genera found across Australia.,active,,
agr-famine,199,famine,n,Agriculture and vegetation,"A severe shortage of food, as through crop failure or over population. It may be due to poor harvests following drought, floods, earthquake, war, social conflict, etc.",active,,
agr-farm,201,farm,n,Agriculture and vegetation,"Any tract of land or building used for agricultural purposes, such as for raising crops and livestock.",active,,
agr-farmer,979,farmer,n,Agriculture and vegetation,"A person who works the land or who keeps livestock, especially on a farm.",active,,
agr-fell,463,fell,v,Agriculture and vegetation,To cut down a tree.,merged,355,
agr-fence,1690,fence,n,Agriculture and vegetation,Delimitation for an area.,active,,
agr-fern,3802,fern,n,Agriculture and vegetation,Any member of a large group of vascular plants in the family Filices who have neither flowers nor seeds.,active,,
agr-field,212,field,n,Agriculture and vegetation,"A limited area of land with grass or crops growing on it, which is usually surrounded by fences or closely planted bushes when it is part of a farm.",active,,
agr-field-upland,2794,field,n,Agriculture and vegetation,A dry field rather than a flooded paddy field.,active,,
agr-finger-millet,3265,finger millet,n,Agriculture and vegetation,"Eleusine coracana, a herbaceous plant characteristic for the hability to withstand cultivation at high altitudes.",active,,
agr-fir,1915,fir,n,Agriculture and vegetation,An evergreen coniferous tree of the genus Abies.,active,,
agr-fish-poison,348,fish poison,n,Agriculture and vegetation,"In Amazonia, a kind of root is apparently used as fish poison.",active,,
agr-flax,3315,flax,n,Agriculture and vegetation,A plant with blue flowers that is cultivated for its stem to make linen or its seeds to make oil.,active,,
agr-flax-or-linen,3462,flax or linen,n,Agriculture and vegetation,"A plant with blue flowers that is cultivated for its stem to make linen or its seeds to make oil, or a material made from the fibers of the flax plant.",active,,
agr-floral,3756,floral,adj,Agriculture and vegetation,A design or landscape which incorporates representations of flowers.,active,,
agr-flower,239,flower,n,Agriculture and vegetation,"The reproductive structure of angiosperm plants, consisting of stamens and carpels surrounded by petals and sepals all borne on the receptacle.",active,,
agr-forked-branch,409,forked branch,n,Agriculture and vegetation,At this point a branch is forked into two or more branches.,active,,
agr-foxtail-millet,3266,foxtail millet,n,Agriculture and vegetation,"Staria italica, an annual grass grown for human food and related to (broomcorn) millet.",active,,
agr-furrow,1794,furrow,n,Agriculture and vegetation,The cut made in a field by a plough.,active,,
agr-garden,586,garden,n,Agriculture and vegetation,A piece of land next to a house where flowers and other plants are grown and which often has an area of grass.,active,,
agr-garlic,2368,garlic,n,Agriculture and vegetation,"A species in the onion genus, Allium.",active,,
agr-genipa,3920,genipa,n,Agriculture and vegetation,Either a species of trees in the family Rubiaceae native to the tropical forests of Americas or its fruit (also referred to as 'genipap'). A Genipa tree typically has large smooth or hairy leaves and ovoid-shaped fruit with large and flat seeds.,active,,
agr-ginger,2500,ginger,n,Agriculture and vegetation,A herbaceous perennial which grows annual stems about a meter tall bearing narrow green leaves and yellow flowers.,active,,
agr-glutinous-rice,2750,glutinous rice,n,Agriculture and vegetation,"A type of rice grown mainly in Southeast and East Asia and the eastern parts of South Asia, which has opaque grains, very low amylose content, and is especially sticky when cooked. Also called oryza sativa var. glutinosa, sticky rice, sweet rice or waxy rice.",active,,
agr-gourd,411,gourd,n,Agriculture and vegetation,"A plant belonging to the family Cucurbitaceae, native to tropical Africa. It represents a creeping vine, usually grown for its fruits that, as a rule, can have a variety of shapes: from rounded to globular, bottle- or club-shaped or even slim and coiled.",active,,
agr-gourd-or-melon,3398,gourd or melon,n,Agriculture and vegetation,Either a gourd or a melon.,active,,
agr-grain,605,grain,n,Agriculture and vegetation,"Edible, starchy seeds of the grass family (Graminae) usable as food by man and his livestock.",active,,
agr-granary,3657,granary,n,Agriculture and vegetation,A building for storing threshed grain.,active,,
agr-grapefruit-or-pomelo,3804,grapefruit or pomelo,n,Agriculture and vegetation,"The fruit of the pomelo tree, Citrus maxima, of the family Rutaceae, or the fruit of the grapefruit tree, Citrus x paradisi, a citrus hybrid which originated from crossing pomelos and oranges. Due to the recent origin of the grapefruit and the close genetic relatedness between both fruits, they are often not differentiated lexically.",active,,
agr-grapevine,3769,grapevine,n,Agriculture and vegetation,A climbing plant that produces grapes and belongs to the family Vitaceae.,active,,
agr-grass,606,grass,n,Agriculture and vegetation,"A very large and widespread family of Monocotyledoneae, with more than 10.000 species, most of which are herbaceous, but a few are woody. The stems are jointed, the long, narrow leaves originating at the nodes. The flowers are inconspicuous, with a much reduced perianth, and are wind-pollinated or cleistogamous.",active,,
agr-grassland,2819,grassland,n,Agriculture and vegetation,Areas where the vegetation is dominated by grasses.,active,,
agr-green-coconut,3034,green coconut,n,Agriculture and vegetation,"A green (i.e., not mature) oval nut with a fibrous husk of the cocos palm, used as source of coconut water.",active,,
agr-groundnut,595,groundnut,n,Agriculture and vegetation,A nutlike fruit from the plant Arachis hypogaea that grows on long stems under ground.,active,,
agr-grow-plants,3461,grow plants,v,Agriculture and vegetation,To cultivate a specific type of plant in order to harvest it.,active,,
agr-harrow,2545,harrow,n,Agriculture and vegetation,"An agricultural implement consisting of many spikes, tines or discs dragged across the soil.",active,,
agr-harvest,611,harvest,n,Agriculture and vegetation,The crop gathered in a season.,active,,
agr-harvest-crops,1827,harvest crops,v,Agriculture and vegetation,To gather the ripened crop.,active,,
agr-harvest-or-harvest-season,3541,harvest or harvest season,n,Agriculture and vegetation,The crop gathered in a season and the time during which crops are typically harvested.,active,,
agr-hawthorn,1168,hawthorn,n,Agriculture and vegetation,"Any of various shrubs and small trees of the genus Crataegus having small, apple-like fruits and thorny branches.",active,,
agr-hay,342,hay,n,Agriculture and vegetation,Cut and dried grass for use as animal fodder.,active,,
agr-hemp,2041,hemp,n,Agriculture and vegetation,"A tall annual herb, Cannabis sativa, native to Asia.",active,,
agr-herb,2542,herb,n,Agriculture and vegetation,A flowering plant that is valued for its medical properties.,active,,
agr-highland-barley,3079,highland barley,n,Agriculture and vegetation,"A subpecies of the cereal of the genus Hordeum, typically cultivated in the Himalaya region.",active,,
agr-hoe,284,hoe,n,Agriculture and vegetation,"A tool with handle and blade with two or more prongs used for weeding, raking, etc.",active,,
agr-hops,3316,hops,n,Agriculture and vegetation,"Used to refer to flowers of the hop plant, used as flavouring or bittering agent in cooking and brewing activities.",active,,
agr-inga,3934,inga,n,Agriculture and vegetation,Genus of plants commonly found in Brazil,active,,
agr-irrigate,3078,irrigate,v,Agriculture and vegetation,To supply with water; to water.,active,,
agr-jackfruit,2655,jackfruit,n,Agriculture and vegetation,"A species of tree in the fig, mulberry and breadfruit family (Moraceae).",active,,
agr-job-s-tears,3281,job's tears,n,Agriculture and vegetation,A tall grain-bearing plant of the Poaceae family; coixseed; yi yi.,active,,
agr-kapok-tree,2499,kapok tree,n,Agriculture and vegetation,"Either the Bombax ceiba (tree with red flowers), or the Calotropis procera, or the Ceiba pentandra.",active,,
agr-kiwifruit,3247,kiwifruit,n,Agriculture and vegetation,Edible berry of several species of woody vines in the genus Actinidia.,active,,
agr-larch,116,larch,n,Agriculture and vegetation,"A coniferous  tree, of genus Larix, having deciduous leaves.",active,,
agr-lasso,340,lasso,n,Agriculture and vegetation,"A long rope with a sliding loop on one end, generally used in ranching to catch cattle and horses.",active,,
agr-leaf,628,leaf,n,Agriculture and vegetation,"The main organ of photosynthesis and transpiration in higher plants, usually consisting of a flat green blade attached to the stem directly or by a stalk.",active,,
agr-leaf-spine,2803,leaf spine,n,Agriculture and vegetation,"A hard, rigid extension of leaves with sharp, stiff ends.",active,,
agr-lemon,3091,lemon,n,Agriculture and vegetation,Fruit with yellow rind and acidic/sour juice.,active,,
agr-lentils,3330,lentils,n,Agriculture and vegetation,A small seed that is dried and used in cooking.,active,,
agr-liana,2388,liana,n,Agriculture and vegetation,"A liana is any of various long-stemmed, woody vines that are rooted in the soil at ground level and use trees, as well as other means of vertical support, to climb up to the canopy to get access to well-lit areas of the fores .",active,,
agr-lime,982,lime,n,Agriculture and vegetation,A green citrus fruit.,active,,
agr-lontar-palm,3030,lontar palm,n,Agriculture and vegetation,Species of the genus Borassus of fan palms.,active,,
agr-lotus,2359,lotus,n,Agriculture and vegetation,One of two species of aquatic plant in the family Nelumbonaceae.,active,,
agr-mahogany-tree,455,mahogany tree,n,Agriculture and vegetation,"A species of trees in the mahogany family Meliaceae, native to tropical Africa and Madagascar.",active,,
agr-maize,506,maize,n,Agriculture and vegetation,A type of grain of the species Zea mays.,active,,
agr-mandarine,2367,mandarine,n,Agriculture and vegetation,A small citrus tree with fruit resembling other oranges. Mandarin oranges are usually eaten plain or in fruit salads.,active,,
agr-mango,2398,mango,n,Agriculture and vegetation,The fruit from the Mango tree.,active,,
agr-mangrove,350,mangrove,n,Agriculture and vegetation,Any of various tropical evergreen trees or shrubs that grow in shallow coastal water; Plants of the Rhizophoraceae family and/or of the genus Rhizophora.,active,,
agr-manioc,927,manioc,n,Agriculture and vegetation,Shrub (Manihot esculenta) whose roots are rich in starch.,merged,925,
agr-manioc-flour,324,manioc flour,n,Agriculture and vegetation,Flour made of the cassava plant or root.,active,,
agr-manzanita,520,manzanita,n,Agriculture and vegetation,Species of the genus Arctostaphylos; evergreen shrubs or small trees present in the chaparral biome of western North America.,active,,
agr-maple-tree,3248,maple tree,n,Agriculture and vegetation,A group of trees belonging to the genus acer.,active,,
agr-melon,507,melon,n,Agriculture and vegetation,A fruit of any of the species from the family Cucurbitaceae that has relatively hard inedible shells and plenty of sweet flesh. The fruits may vary in size but is usually not smaller than one decimeter in diameter.,active,,
agr-millet,931,millet,n,Agriculture and vegetation,"A group of small-seeded species of cereal crops, widely grown around the world for food and fodder.",active,,
agr-miriti-palm,3811,miriti palm,n,Agriculture and vegetation,"Mauritia flexuosa, a palm tree of the family Arecaceae, common to tropical regions of South America.",active,,
agr-moringa-tree,3031,moringa tree,n,Agriculture and vegetation,"Species of the genus Moringa, widely cultivated in tropical and subtropical areas and used in herbal medicine.",active,,
agr-moss,637,moss,n,Agriculture and vegetation,"Any plant of the class Bryophyta, occurring in nearly all damp habitats.",active,,
agr-mow,190,mow,v,Agriculture and vegetation,"To cut all the grass, crop or any thin plants of a surface area of the ground.",active,,
agr-muer,3392,muer,n,Agriculture and vegetation,An ear-shaped edible fungus that belongs to the species of Auriculariaceae and is used in medicine and culinary.,active,,
agr-mugwort,2361,mugwort,n,Agriculture and vegetation,A common name for several species of aromatic plants in the genus Artemisia.,active,,
agr-mushroom,641,mushroom,n,Agriculture and vegetation,An organism belonging to a family of Basidiomycetes that are characterized by the production of spores on gills.,active,,
agr-nature,3897,nature,n,Agriculture and vegetation,The physical world including all living things as well as the land and the seas.,active,,
agr-needle-tree,286,needle tree,n,Agriculture and vegetation,A needle of coniferous tree.,active,,
agr-nettle,33,nettle,n,Agriculture and vegetation,Any of numerous plants having stinging hairs that cause skin irritation on contact (especially of the genus Urtica or family Urticaceae). [B:33],active,,
agr-oak,644,oak,n,Agriculture and vegetation,"Any tree of the genus Quercus in the order Fagales, characterized by simple, usually lobed leaves, scaly winter buds, a star-shaped pith, and its fruit, the acorn, which is a nut; the wood is tough, hard, and durable, generally having a distinct pattern.",active,,
agr-oat,60,oat,n,Agriculture and vegetation,A species of grass (Avena sativa) grown for its seed.,active,,
agr-okra,1737,okra,n,Agriculture and vegetation,"A flowering plant in the mallow (Malvaceae) family valued for its edible pods; okro, ochro; ladies' fingers.",active,,
agr-onion,2366,onion,n,Agriculture and vegetation,A vegetable and is the most widely cultivated species of the genus Allium.,active,,
agr-orange,2627,orange,n,Agriculture and vegetation,A fruit of the citrus species citrus x sinensis.,active,,
agr-paddy,283,paddy,n,Agriculture and vegetation,Wet land in which rice is grown.,merged,140,
agr-paddy-field,140,paddy field,n,Agriculture and vegetation,A flooded field where rice is grown.,active,,
agr-palm-tree,1181,palm tree,n,Agriculture and vegetation,"Any of various evergreen trees from the family Palmae or Arecaceae, which are mainly found in the tropics.",active,,
agr-pandanus,469,pandanus,n,Agriculture and vegetation,"Palm-like, dioecious trees and shrubs native to the Old World tropics and subtropics.",active,,
agr-parsley,4061,parsley,n,Agriculture and vegetation,"Any of various biennial herbs with bright green, aromatic leaves, belonging to the family Apiaceae and the genus Petroselinum crispum, widely used as a culinary herb and garnish.",active,,
agr-peach,2043,peach,n,Agriculture and vegetation,"The soft, sweet, juicy fruit of the peach tree, usually with a red or orange skin, yellow flesh and a large stone inside.",active,,
agr-peach-blossom,2746,peach blossom,n,Agriculture and vegetation,The flower of the Peach Tree.,active,,
agr-peach-palm,3919,peach palm,n,Agriculture and vegetation,"A species of palm, also know as Bactris gasipaes, native to the tropical forests of Central and South America.",active,,
agr-peanut,2364,peanut,n,Agriculture and vegetation,"A species in the family Fabaceae (commonly known as the bean, pea or legume family).",merged,595,
agr-pear,922,pear,n,Agriculture and vegetation,A fruit produced by the pear tree.,active,,
agr-persimmon,2044,persimmon,n,Agriculture and vegetation,Edible fruit of a number of species of trees of the genus Diospyros in the ebony wood family.,active,,
agr-pine,1740,pine,n,Agriculture and vegetation,Evergreen coniferous tree of the genus Pinus.,active,,
agr-pineapple,2440,pineapple,n,Agriculture and vegetation,"A tropical plant with edible multiple fruit consisting of coalesced berries, also called pineapples, and the most economically significant plant in the Bromeliaceae family.",active,,
agr-pipe,1124,pipe,n,Agriculture and vegetation,"A device consisting of a mouthpiece, a long pipe stem and a pipe bowl, that is used to smoke tobacco.",active,,
agr-pitchfork,337,pitchfork,n,Agriculture and vegetation,An agricultural tool comprising a fork attached to a long handle used for pitching hay or bales of hay high up onto a haystack.,active,,
agr-plant-something,1486,plant,v,Agriculture and vegetation,To put a plant in the ground so that it strikes root and grows.,active,,
agr-plant-stem,2628,plant stem,n,Agriculture and vegetation,"One of two main structural axes of a vascular plant, the other being the root.",active,,
agr-plant-vegetation,653,plant,n,Agriculture and vegetation,"Any living organism that synthesizes its food from inorganic substances, possesses cellulose cell walls, responds slowly and often permanently to a stimulus, lacks specialized sense organs and nervous system, and has no powers of locomotion.",active,,
agr-plantain,399,plantain,n,Agriculture and vegetation,A kind of banana that is normally cooked and not eaten raw.,active,,
agr-plough,1921,plough,v,Agriculture and vegetation,To use a plough on to prepare for planting.,active,,
agr-plough-instrument,2154,plough,n,Agriculture and vegetation,An agricultural device pulled through the ground in order to break it open into furrows for planting.,active,,
agr-plum,4063,plum,n,Agriculture and vegetation,"A smooth-skinned, typically sweet or tart edible fruit with a hard pit inside, produced by trees of the genus Prunus.",active,,
agr-plum-blossom,2744,plum blossom,n,Agriculture and vegetation,The flower of the Chinese Plum.,active,,
agr-poplar,821,poplar,n,Agriculture and vegetation,Any of various deciduous trees of the genus Populus.,active,,
agr-prickly-ash,3253,prickly ash,n,Agriculture and vegetation,A flowering plant in the family Rutaceae.,active,,
agr-pull-up-weeds,3548,pull up weeds,v,Agriculture and vegetation,To remove weeds from e.g. a field.,active,,
agr-pumpkin,864,pumpkin,n,Agriculture and vegetation,"A squash fruit of the Cucurbita genus, most commonly orange in colour when ripe and traditionally used during Halloween.",active,,
agr-put-out-to-pasture,2031,put out to pasture,v,Agriculture and vegetation,To put livestock into a field or pasture or meadow to graze.,active,,
agr-radish,2365,radish,n,Agriculture and vegetation,An edible root vegetable of the Brassicaceae family that was domesticated in Europe in pre-Roman times.,active,,
agr-rake,338,rake,n,Agriculture and vegetation,"A garden tool with a row of pointed teeth fixed to a long handle, used for collecting grass or debris, or for loosening soil.",active,,
agr-ramie,3063,ramie,n,Agriculture and vegetation,"A perennial shrub native to Eastern Asia, with broad leaves and clusters of greenish flowers.",active,,
agr-raspberry,3803,raspberry,n,Agriculture and vegetation,"The edible, berry-like fruit of a multitude of plant species in the genus Rubus of the family Rosaceae, most typically red, small and sweet.",active,,
agr-reed,659,reed,n,Agriculture and vegetation,Any of various types of tall stiff grass-like plants growing together in groups near water.,active,,
agr-rice,926,rice,n,Agriculture and vegetation,Seeds of the rice plant (Oryza sativa) used as food.,active,,
agr-rice-flour,3285,rice flour,n,Agriculture and vegetation,"A flour made from finely milled rice, distinct from rice starch which is produced by steeping rice in lye; rice powder.",active,,
agr-rice-husk,2501,rice husk,n,Agriculture and vegetation,The husk of rice seeds.,active,,
agr-rice-plant,2026,rice plant,n,Agriculture and vegetation,"An erect grass, Oryza sativa, that grows in East Asia on wet ground and has drooping flower spikes and yellow oblong edible grains that become white when polished.",active,,
agr-rice-seedling,3767,rice seedling,n,Agriculture and vegetation,The seedling of a rice plant.,active,,
agr-rice-straw,3391,rice straw,n,Agriculture and vegetation,The dry stalks of the rice plant.,active,,
agr-ripe-coconut,3035,ripe coconut,n,Agriculture and vegetation,"A ripe (i.e., mature) oval nut with a fibrous husk of the cocos palm, used as source of coconut meat.",active,,
agr-root,670,root,n,Agriculture and vegetation,The absorbing and anchoring organ of a vascular plant; it bears neither leaves nor flowers and is usually subterranean.,active,,
agr-rose,3882,rose,n,Agriculture and vegetation,"A showy flower of any of a genus (Rosa of the family Rosaceae, the rose family).",active,,
agr-rye,23,rye,n,Agriculture and vegetation,"Biennial plant from the genus Secale of the family Poaceae, used as a cereal or for forage.",active,,
agr-sap,345,sap,n,Agriculture and vegetation,"The juice of plants of any kind, especially the ascending and descending juices or circulating fluid essential to nutrition.",active,,
agr-scythe,20,scythe,n,Agriculture and vegetation,"A farm tool consisting of a long bent blade attached to a shaft, that is designed for cutting straws of grass or grain from an upright position.",active,,
agr-seed,714,seed,n,Agriculture and vegetation,"A mature fertilized plant ovule, consisting of an embryo and its food store surrounded by a protective seed coat (testa).",active,,
agr-seedling,3050,seedling,n,Agriculture and vegetation,A young plant produced from a seed.,active,,
agr-sesame,2797,sesame,n,Agriculture and vegetation,A flowering plant in the genus Sesamum.,active,,
agr-shea-nut-tree,454,shea nut tree,n,Agriculture and vegetation,"Tree of the Sapotaceae family,indigenous to Africa, commonly known as shea tree. The shea fruits are oil-rich seed from which shea butter is extracted.",active,,
agr-shovel,1901,shovel,n,Agriculture and vegetation,"A tool consisting of a stick (usually out of wood) and a bigger, slightly humped surface (usually out of metal), which is used to move material such as earth, snow, grain, etc. from one place to another.",active,,
agr-shrub,751,shrub,n,Agriculture and vegetation,"A woody perennial plant, smaller than a tree, with several major branches arising from near the base of the main stem.",active,,
agr-sickle,341,sickle,n,Agriculture and vegetation,"An implement, having a semicircular blade and short handle, used for cutting long grass and cereal crops in agriculture.",active,,
agr-sickle-or-scythe,2132,sickle or scythe,n,Agriculture and vegetation,Any portable tool that is used to cut grass or cereal crops in agriculture.,active,,
agr-smoke,1689,smoke,v,Agriculture and vegetation,To inhale smoke from for example a cigarette or a cigar.,active,,
agr-sorghum,347,sorghum,n,Agriculture and vegetation,"A cereal, Sorghum vulgare or Sorghum bicolor, the grains of which are used to make flour and as cattle feed.",active,,
agr-sow-seeds,748,sow seeds,v,Agriculture and vegetation,To scatter or disperse seeds on a field.,active,,
agr-soya,2027,soya,n,Agriculture and vegetation,An annual plant native to East Asia that is widely cultivated for its fruit.,active,,
agr-spade,1176,spade,n,Agriculture and vegetation,"Tool having a flat and sharp metal tip and a wooden handle used to break, dig and move the earth.",active,,
agr-spike,1249,spike,n,Agriculture and vegetation,The fruiting body of a grain plant.,active,,
agr-sprout,3358,sprout,n,Agriculture and vegetation,The early growth of a plant.,active,,
agr-spruce,545,spruce,n,Agriculture and vegetation,"Any of various large coniferous evergreen trees from the genus Picea, found in northern temperate and boreal regions.",active,,
agr-strawberry,3138,strawberry,n,Agriculture and vegetation,"Soft, red fruit with yellow seeds on its surface.",active,,
agr-sucker,546,sucker,n,Agriculture and vegetation,"An undesired stem growing out of the roots or lower trunk of a shrub or tree, especially from the rootstock of a grafted plant or tree.",active,,
agr-sugar-cane,146,sugar cane,n,Agriculture and vegetation,"A tropical grass of the genus Saccharum having stout, fibrous, jointed stalks, the sap of which is a source of sugar.",active,,
agr-sugar-palm,3029,sugar palm,n,Agriculture and vegetation,"Common name for several palm species used to produce sugar, especially Arenga pinnata.",active,,
agr-sunflower,1956,sunflower,n,Agriculture and vegetation,Annual plant with a large yellow flowering head of the genus Helianthus and the family of the Asteraceae.,active,,
agr-sweet-olive-flower,2748,sweet olive flower,n,Agriculture and vegetation,The flower of teh Osmanthus Fragrans.,active,,
agr-sweet-potato,159,sweet potato,n,Agriculture and vegetation,"A dicotyledonous plant of the family Convolvulaceae, having an edible tuberous root.",active,,
agr-swidden-field,429,swidden field,n,Agriculture and vegetation,A piece of land cleared for farming by burning away vegetation.,active,,
agr-tamarind,35,tamarind,n,Agriculture and vegetation,"A tropical tree, native to Africa, including Sudan and parts of the Madagascar dry deciduous forests.",active,,
agr-taro,351,taro,n,Agriculture and vegetation,"Colocasia esculenta, raised as a food primarily for its corm, which distantly resembles potato.",active,,
agr-thorn,124,thorn,n,Agriculture and vegetation,A sharp and hard structure that grows on a plant.,active,,
agr-thresh,285,thresh,v,Agriculture and vegetation,Separating the grain from the straw or husks by beating.,active,,
agr-threshing-floor,223,threshing-floor,n,Agriculture and vegetation,Dry flat area where the grain is separated from the straw or husks by beating.,active,,
agr-till,3273,till,v,Agriculture and vegetation,"Prepare land for cultivation by work such as ploughing, harrowing, and manuring.",active,,
agr-tobacco,974,tobacco,n,Agriculture and vegetation,"Leaves of certain varieties of the tobacco plant, cultivated and harvested to make cigarettes, cigars, snuff, for smoking in pipes or for chewing.",active,,
agr-tree,906,tree,n,Agriculture and vegetation,Any large woody perennial plant with a distinct trunk giving rise to branches or leaves at some distance from the ground.,active,,
agr-tree-stump,241,tree stump,n,Agriculture and vegetation,A small remaining portion of the trunk of a tree with the roots still in the ground.,active,,
agr-tree-trunk,344,tree trunk,n,Agriculture and vegetation,The main structural member of a tree.,active,,
agr-treetop,3036,treetop,n,Agriculture and vegetation,The uppermost part of a tree; crown.,active,,
agr-trunk-of-tree,776,trunk of tree,n,Agriculture and vegetation,The part of the body from the neck to the groin excluding the head and limbs.,merged,344,
agr-tucuma-palm,2439,tucuma palm,n,Agriculture and vegetation,"A palm native to Amazon Rainforest vegetation, typical of the Pará state in Brazil.",active,,
agr-turmeric,2842,turmeric,n,Agriculture and vegetation,A rhizomatous herbaceous perennial plant (Curcuma longa) of the ginger family.,active,,
agr-turnip,3062,turnip,n,Agriculture and vegetation,"A cultivated Eurasian plant, Brassica rapa, of the mustard family, whose whitish root and leaves are edible.",active,,
agr-twig,3222,twig,n,Agriculture and vegetation,A branch that doesn't arise from the trunk but from another branch.,active,,
agr-unhusked-rice,2749,unhusked rice,n,Agriculture and vegetation,The unhusked crops of the rice plant.,active,,
agr-vine,343,vine,n,Agriculture and vegetation,A climbing plant which grows up or over things. This also includes types which do not produce grapes.,active,,
agr-walnut,2042,walnut,n,Agriculture and vegetation,Large deciduous tree (Juglans regia) in the Walnut Family (Juglandaceae) which produces an edible fruit with a hard shell and oil-rich seed.,active,,
agr-wax-gourd,3444,wax gourd,n,Agriculture and vegetation,"Benincasa hispida, a species of Cucurbitaceae family, which owes its name to the wax coating of its shell. Wax gourd is cultivated for its fruit and used in both savoury and sweet dishes due to its mild flavour.",active,,
agr-weed,3288,weed,n,Agriculture and vegetation,"A plant that grows wild and profusely, especially when considered undesirable for agriculture.",active,,
agr-wheat,1077,wheat,n,Agriculture and vegetation,Plant belonging to genus Triticum and to family Poaceae (also known as Gramineae).,active,,
agr-wheelbarrow,4073,wheelbarrow,n,Agriculture and vegetation,"A small hand-propelled vehicle with one wheel at the front and two handles at the back, used to transport soil, tools, or other heavy materials.",active,,
agr-wild-rice,3390,wild rice,n,Agriculture and vegetation,A plant of the genus Zizania with edible grains and stem.,active,,
agr-willow,818,willow,n,Agriculture and vegetation,Any of various deciduous trees or shrubs in the genus Salix.,active,,
agr-yam,410,yam,n,Agriculture and vegetation,"It is the common name for a versatile vegetable which is mainly grown in West Africa, Asia and Latin America.",active,,
ani-agouti,313,agouti,n,Animals,A rodent similar in appearance to a guinea pig but having longer legs.,active,,
ani-albatross,3796,albatross,n,Animals,Any seabird of the family Diomedeidae. Some species are among the largest flying birds in the world.,active,,
ani-alligator,1581,alligator,n,Animals,A reptile belonging to the subfamily Alligatorinae in the family Alligatoridae in the order Crocodylia.,active,,
ani-american-black-bear,3611,american black bear,n,Animals,A member of the Urisdae family (Ursus americanus) native to North America.,active,,
ani-anaconda,896,anaconda,n,Animals,"Any of various large non-venomous snakes of the genus Eunectes, found mainly in northern South America.",active,,
ani-animal,619,animal,n,Animals,"Any living organism characterized by voluntary movement, the possession of cells with noncellulose cell walls and specialized sense organs enabling rapid response to stimuli, and the ingestion of complex organic substances such as plants and other animals.",active,,
ani-ant,587,ant,n,Animals,"Any of the black, red, brown, or yellow insects of the family Formicidae characterized by a large head and by living in organized colonies.",active,,
ani-anteater,181,anteater,n,Animals,A mammal of the suborder Vermilingua having elongated snouts and feeding on ants and termites.,active,,
ani-antelope,3674,antelope,n,Animals,"Any of even-toed deer-like mammals of the family Bovidae, indigenous to various parts of Africa and Eurasia.",active,,
ani-anthill,1873,anthill,n,Animals,A mound of earth made by ants as they dig their nest.,active,,
ani-ape-or-monkey,3298,ape or monkey,n,Animals,"Any of the species of Simiiformes, including Hominoidea (but typically excluding humans).",active,,
ani-armadillo,1885,armadillo,n,Animals,(Family Dasypodidae) Burrowing chiefly nocturnal mammal with body covered with strong horny plates.,active,,
ani-baboon,1197,baboon,n,Animals,Large ground based monkey having doglike muzzles.,active,,
ani-badger,3717,badger,n,Animals,A mammal which belong to the family Mustelidae.,active,,
ani-bandicoot,3012,bandicoot,n,Animals,Marsupial of Peramelemorphia order.,active,,
ani-barbel,524,barbel,n,Animals,"European freshwater fish belonging to the family of carps (Cyprinidae), Genus of barbus.",active,,
ani-bark-or-shell,3865,bark or shell,x,Animals,"Cover of the bodies of animals and plants, including the hard exterior part of mollusks, oysters, etc.",active,,
ani-barking,1206,barking,v,Animals,"To produce a loud, short, explosive sound similar to that of a dog.",active,,
ani-bat,1793,bat,n,Animals,"A small, nocturnal, flying mammal of the order Chiroptera, which navigates by means of echolocation. It looks like a mouse with membranous wings extending from the forelimbs to the hind limbs or tail.",active,,
ani-bear,1820,bear,n,Animals,"A large beast of prey of the family Ursidae, related to the dog and raccoon, having shaggy hair, a very small tail, and flat feet.",active,,
ani-beaver,1194,beaver,n,Animals,"A mammal of the genus Castor, having a wide, flat tail and webbed feet.",active,,
ani-bedbug,1949,bedbug,n,Animals,"A small blood-sucking insect that lives in houses, especially beds.",active,,
ani-bee,665,bee,n,Animals,Any of the membranous-winged insects which compose the superfamily Apoidea in the order Hymenoptera characterized by a hairy body and by sucking and chewing mouthparts.,active,,
ani-beehive,88,beehive,n,Animals,A structure that provides a natural habitation for bees; as in a hollow tree.,active,,
ani-beeswax,1931,beeswax,n,Animals,A yellowish or dark brown wax secreted by honeybees for constructing honeycombs.,active,,
ani-beetle,2242,beetle,n,Animals,A group of insects which are biologically classified in the order Coleoptera /koʊliːˈɒptərə/.,active,,
ani-bird,937,bird,n,Animals,"Any of the bipedal, warm-blooded vertebrates that lay eggs having wings which, for most species, enables them to fly.",active,,
ani-bird-nest,3549,bird nest,n,Animals,A nest in which birds lay and hatch their eggs.,active,,
ani-bird-of-paradise,2673,bird of paradise,n,Animals,A bird of the family Paradisaeidae.,active,,
ani-bison,3142,bison,n,Animals,"Large horned wild animal of the Bovidae family. Related to buffalo but differs, for example, in horn shape and form.",active,,
ani-bivalvia,2785,bivalvia,n,Animals,A class of marine and freshwater molluscs that have laterally compressed bodies enclosed by a shell consisting of two hinged parts.,active,,
ani-black-cockatoo,3013,black cockatoo,n,Animals,"Black cockatoo, usually the Palm cockatoo.",active,,
ani-black-duck,3014,black duck,n,Animals,Pacific black duck (Anas superciliosa).,active,,
ani-blackbird,4127,blackbird,n,Animals,"A medium-sized passerine bird of the thrush family, typically characterized by dark, often black plumage.",active,,
ani-blue-and-yellow-macaw,3927,blue-and-yellow macaw,n,Animals,Type of bird commonly found in South America with blue and yellow feathers,active,,
ani-blue-tongued-skink,3021,blue tongued skink,n,Animals,Australian skins comprising the genus Tiliqua.,active,,
ani-boar,1348,boar,n,Animals,An adult male pig.,active,,
ani-body-louse,311,body louse,n,Animals,A parasitic insect that infests the body and clothes of humans and feeds on blood.,active,,
ani-bovine,3044,bovine,n,Animals,"Member of the Bovinae subfamily, mostly pointing to bulls, cows and oxes.",active,,
ani-brood,2075,brood,v,Animals,To keep an egg warm to make it hatch.,active,,
ani-budgerigar,3720,budgerigar,n,Animals,A bird which is often kept as a pet and belongs to the species of Melopsittacus undulatus.,active,,
ani-buffalo,934,buffalo,n,Animals,"A wild heavy bison of the species Bison bison, having a broad massive horned head.",active,,
ani-bug,1027,bug,n,Animals,"Any of the suborder Heteroptera, having piercing and sucking mouthparts, specialized as a beak. (Source: CED)",active,,
ani-bull,1008,bull,n,Animals,Male bovine animal.,active,,
ani-butterfly,1791,butterfly,n,Animals,A lepidopteran that is active at day.,active,,
ani-buzzard,1865,buzzard,n,Animals,Diurnal bird of prey belonging to the Accipitridae family.,active,,
ani-cackle,3683,cackle,v,Animals,"To produce an unpleasant, sharp sound, characteristic of a hen, especially after laying an egg.",active,,
ani-cage,3283,cage,n,Animals,"A structure, usually made with bars or wire, for confining animals.",active,,
ani-caiman,2438,caiman,n,Animals,A reptile belonging to the subfamily Caimaniae in the family Alligatoridae in the order Crocodylia.,active,,
ani-calf,1989,calf,n,Animals,Young cattle.,active,,
ani-camel,1871,camel,n,Animals,"A beast of burden, much used in desert areas, of the genus Camelus.",active,,
ani-canary,4129,canary,n,Animals,"A small songbird of the finch family, known for its bright plumage and melodic vocalizations.",active,,
ani-capon,2567,capon,n,Animals,A castrated rooster.,active,,
ani-caprine,2684,caprine,n,Animals,"Member of the caprinae family, mostly pointing to sheep and goat.",active,,
ani-capybara,314,capybara,n,Animals,"The largest living rodent native to South America, living partly on land and partly in water.",active,,
ani-carabao,2515,carabao,n,Animals,A swamp-type domestic water buffalo found in the Philippines.,active,,
ani-carp,2685,carp,n,Animals,Oily freshwater fish from the family Cyprinidae.,active,,
ani-cassowary,466,cassowary,n,Animals,"A big flightless bird native to tropical forests of New Guinea, nearby islands and northeastern Australia.",active,,
ani-cat,1208,cat,n,Animals,A common four-legged animal (Felis silvestris) that is often kept as a household pet.,active,,
ani-caterpillar,2247,caterpillar,n,Animals,The larvae of members of the order Lepidoptera (the insect order comprising butterflies and moths).,active,,
ani-catfish,3777,catfish,n,Animals,"Any of ray-finned fish with long stiff barbels, resembling a cat's whiskers. There are diverse types of catfish, ranging in size and appearance and inhabiting mostly freshwater environments.",active,,
ani-cattle,1153,cattle,n,Animals,"Domesticated bovine animals, including cows, steers and bulls, raised and bred on a ranch or farm.",active,,
ani-cebus-monkey,439,cebus monkey,n,Animals,"A Central and South American monkey, Cebus capucinus, having a prehensile tail and hair on the head resembling a cowl.",active,,
ani-centipede,1974,centipede,n,Animals,"Any of various flattened, wormlike arthropods of the class Chilopoda, whose bodies are divided into many segments, each with one pair of legs.",active,,
ani-chameleon,1555,chameleon,n,Animals,(Chamaeleonidae) A squamate that belong to one of the best-known lizard families.,active,,
ani-cheetah,3146,cheetah,n,Animals,Wild Animal of the cat family with characteristic dark spots.,active,,
ani-chick,2512,chick,n,Animals,A young bird that has not yet reached adulthood.,active,,
ani-chicken,1318,chicken,n,Animals,A type of domesticated bird from the order of Galliformes which is often raised as a type of poultry (Gallus gallus domesticus).,active,,
ani-chicken-chick,2513,chicken chick,n,Animals,A young chicken that has not yet reached adulthood.,active,,
ani-chicken-nest,2764,chicken nest,n,Animals,The nest of a chicken.,active,,
ani-chiggoe,438,chiggoe,n,Animals,"A flea, Tunga penetrans, of tropical America and Africa, the impregnated female of which embeds itself in the skin, especially of the feet, of humans and animals and becomes greatly distended with eggs.",active,,
ani-chimpanzee,3734,chimpanzee,n,Animals,A great ape which is native to Africa and is suggested to be the closest extant relative to humans.,active,,
ani-chipmunk,4131,chipmunk,n,Animals,"A small striped rodent of the squirrel family, native to North America, known for storing food in its cheek pouches.",active,,
ani-cicada,2353,cicada,n,Animals,"Insects in the order Hemiptera, suborder Auchenorrhyncha.",active,,
ani-civet,3157,civet,n,Animals,"A carnivorous mammal of the Viverridae family, found across South East Asia.",active,,
ani-claw,72,claw,n,Animals,"The hard, keratin part growing at the feet of animals.",active,,
ani-coati,2389,coati,n,Animals,"Coatis, genera Nasua and Nasuella, also known as the coatimundi, Mexican tejón, cholugo, or moncún, Costa Rican pizote, hog-nosed coon,[3] Colombian cusumbo, and other names, are members of the raccoon family (Procyonidae).",active,,
ani-cockroach,1575,cockroach,n,Animals,The most primitive of the living winged insects.,active,,
ani-cod,4132,cod,n,Animals,"A large marine fish of the genus Gadus, commonly found in cold ocean waters and widely used as food.",active,,
ani-collared-peccary,435,collared peccary,n,Animals,"Piglike hoofed mammal of the genus Tayassu,  of North and South America,  having a dark gray coat with a white collar.",active,,
ani-comb-of-bird,188,comb of bird,n,Animals,A fleshy growth on the top of the head of some birds.,active,,
ani-coral-snake,2240,coral snake,n,Animals,"A large group of elapid snakes that can be subdivided into two distinct groups, Old World coral snakes and New World coral snakes.",active,,
ani-cormorant,840,cormorant,n,Animals,"Medium sized, black water bird from the family of the cormorants (Phalacrocoracidae), scientific name: Phalacrocorax carbo",active,,
ani-cow,1007,cow,n,Animals,Female bovine animal (Bos taurus) of the subfamily Bovinae of the family Bovidae.,active,,
ani-cow-dung,3435,cow dung,n,Animals,The faeces of a cow.,active,,
ani-cowshed,3400,cowshed,n,Animals,A barn for cows.,active,,
ani-coyote,912,coyote,n,Animals,(Canis latrans) A member of the Canidae family native to North America.,active,,
ani-crab,2348,crab,n,Animals,"Decapod crustaceans of the infraorder Brachyura, which typically have a very short projecting tail (abdomen) (Greek: βραχύς / brachys = short, οὐρά / οura = tail), usually entirely hidden under the thorax.",active,,
ani-crab-claw,2812,crab claw,n,Animals,Curved pointed appendage of crabs.,active,,
ani-crane,1830,crane,n,Animals,A large bird of the order Gruiformes and the family Gruidae having long legs and a long neck which it extends when flying.,active,,
ani-crayfish,467,crayfish,n,Animals,A freshwater crustacean resembling a small lobster.,active,,
ani-crested-myna,2346,crested myna,n,Animals,A species of starling native to southeastern China and Indochina.,active,,
ani-cricket,2354,cricket,n,Animals,Insects related to grasshoppers.,active,,
ani-crocodile,1857,crocodile,n,Animals,"Any large tropical reptile of the family Crocodylidae: order Crocodylia. They have a broad head, tapering snout, massive jaws, and a thick outer covering of bony plates. (Source: CED)",active,,
ani-crow,913,crow,n,Animals,"A bird, usually black, of the genus Corvus, having a strong conical beak, with projecting bristles; it has a harsh, croaking call.",active,,
ani-crucian-carp,2784,crucian carp,n,Animals,A medium-sized member of the common carp family.,active,,
ani-crustaceans,2686,crustaceans,n,Animals,Small crustaceans with an exosceleton and ten legs.,active,,
ani-cuckoo,2934,cuckoo,n,Animals,"The cuckoos are a family of birds, Cuculidae, the sole taxon in the order Cuculiformes.",active,,
ani-curassow,315,curassow,n,Animals,"A bird, the crested curassow or royal pheasant.",active,,
ani-cuttlefish,2814,cuttlefish,n,Animals,Marine animals with unique internal shell.,active,,
ani-deer,1936,deer,n,Animals,The common name for 41 species of even-toed ungulates that compose the family Cervidae in the order Artiodactyla; males have antlers.,active,,
ani-dingo,2460,dingo,n,Animals,The dingo (Canis lupus dingo) is a free-ranging dog found mainly in Australia.,active,,
ani-dinosaur,4021,dinosaur,n,Animals,"A diverse group of reptiles, now extinct, in many species reaching an enormous size.",active,,
ani-dog,2009,dog,n,Animals,"A common four-legged animal, especially kept by people as a pet or to hunt or guard things.",active,,
ani-dolphin,1479,dolphin,n,Animals,A carnivorous cetacean aquatic mammal of the family Delphinidae within the superfamily Delphinoidea (along porpoises or belugas) inhabiting mostly in the shallower seas of the continental shelves.,active,,
ani-dolphin-like-whale,4074,dolphin-like whale,n,Animals,"Any of the related aquatic mammals within the superfamily Delphinoidea, such as dolphins or porpoises.",active,,
ani-donkey,1862,donkey,n,Animals,"A domesticated animal, Equus asinus.",active,,
ani-dove,1853,dove,n,Animals,One of several birds of the family Columbidae.,active,,
ani-dragon,2038,dragon,n,Animals,"A mythical creature typically depicted as a large horned serpent (Asia) or a winged, fire-breathing reptile (Europe), with magical or spiritual qualities.",active,,
ani-dragonfly,2352,dragonfly,n,Animals,Predatory insect of the order Odonata.,active,,
ani-drive,2868,drive,v,Animals,Cause animals to move while following them.,active,,
ani-duck,1360,duck,n,Animals,"An aquatic bird of the family Anatidae, having a flat bill and webbed feet.",active,,
ani-duiker,1872,duiker,n,Animals,"Any of several ruminants of the family Bovidae, chiefly of Africa and Asia, having permanent, hollow, unbranched horns.",active,,
ani-dung,2057,dung,n,Animals,Animal faeces.,active,,
ani-eagle,1905,eagle,n,Animals,"Any of several large carnivorous birds in the family Accipitridae, having a powerful hooked bill and keen vision.",active,,
ani-eagle-or-hawk,2683,eagle or hawk,n,Animals,Large carnivorous bird with a hooked bill and good vision.,active,,
ani-earthworm,2350,earthworm,n,Animals,"A tube-shaped, segmented worm found in the phylum Annelida.",active,,
ani-echidna,3008,echidna,n,Animals,Egg-laying mammal of the Tachyglossidae family.,active,,
ani-eggshell,3857,eggshell,n,Animals,The calcareous covering protecting the inside of an egg.,active,,
ani-electric-eel,2443,electric eel,n,Animals,"An electric fish, and the only species in that genus. They are capable of generating powerful electric shocks of up to 600 volts, which they use for hunting, self-defense, and communicating with fellow eels.",active,,
ani-elephant,1290,elephant,n,Animals,"A mammal of the order Proboscidea, having a trunk, and two large ivory tusks jutting from the upper jaw. Elephants are the largest land animals now existing.",active,,
ani-elephant-trunk,3678,elephant trunk,n,Animals,"A long, tube-shaped nose of an elephant.",active,,
ani-elephant-tusk,2495,elephant tusk,n,Animals,The tusks (incisors) of an elephant.,active,,
ani-elk,1772,elk,n,Animals,"The largest member of the deer family (Alces alces), of which the male has very large, palmate antlers.",active,,
ani-emu,2817,emu,n,Animals,Second-largest living bird by height.,active,,
ani-ewe,1345,ewe,n,Animals,A female sheep.,active,,
ani-falcon,3258,falcon,n,Animals,"A bird of prey of genus Falco, which kill preys with its beak (unlike Accipitridae as eagles and hawks, which kill with its feet).",active,,
ani-fawn,4134,fawn,n,Animals,"A young deer, typically in its first year, often characterized by a spotted coat.",active,,
ani-female,1551,female,adj,Animals,"Of, relating to, or denoting the sex which is generally characterized as the one associated with the larger gametes (for species which have two sexes and for which this distinction can be made).",active,,
ani-female-animal,3923,female animal,n,Animals,A female animal (Noun),active,,
ani-female-dog,2481,female dog,n,Animals,A female dog.,active,,
ani-female-goat,2476,female goat,n,Animals,A female goat.,active,,
ani-female-of-animal,2262,female,adj,Animals,Relating to the female sex of animals (adjective).,active,,
ani-female-pig,2488,female pig,n,Animals,A female pig.,active,,
ani-female-yak,2479,female yak,n,Animals,A female yak.,active,,
ani-fin,213,fin,n,Animals,An appendage of a fish used for swimming.,active,,
ani-finch,3721,finch,n,Animals,A bird with a conical beak of the family Fringillidae.,active,,
ani-firefly,206,firefly,n,Animals,"A nocturnal, bioluminescent beetle of the family Lampyridae.",active,,
ani-fish,227,fish,n,Animals,A cold-blooded vertebrate animal that lives in water that moves with the help of fins and breathes using gills (Pisces).,active,,
ani-flamingo,3722,flamingo,n,Animals,A bird with deep pink colored feathers of the family Phoenicopteridae.,active,,
ani-flea,232,flea,n,Animals,Any of the wingless insects composing the order Siphonaptera; most are ectoparasites of mammals and birds. (Source: MGH),active,,
ani-flock,2939,flock,n,Animals,"A large number of animals, especially birds, sheep or goats.",active,,
ani-fly,1504,fly,n,Animals,A common insect; any species of insect of the order Diptera.,active,,
ani-flying-fox,235,flying fox,n,Animals,A large bat of the genus Pteropus of the family Pteropodidae.,active,,
ani-flying-squirrel,3271,flying squirrel,n,Animals,A squirrel of the sub-family Pteromyinae of the family Sciuridae.,active,,
ani-foal,1647,foal,n,Animals,"A juvenile horse, especially one which is not yet weaned.",active,,
ani-fowl,265,fowl,n,Animals,A bird that is kept for its meat and eggs.,active,,
ani-fox,1312,fox,n,Animals,A carnivorous relatively small canine of the species Vulpes Vulpes.,active,,
ani-freshwater-eel,1013,freshwater eel,n,Animals,"A snake-like edible fish, which lives in freshwater.",active,,
ani-frog,503,frog,n,Animals,"Any insectivorous anuran amphibian of the family Ranidae, such as Rana temporaria of Europe, having a short squat tailless body with a moist smooth skin and very long hind legs specialized for hopping.",active,,
ani-frog-small,3245,frog,n,Animals,A small kind of frog (as opposed to big ones).,active,,
ani-gazelle,5,gazelle,n,Animals,An antelope of the genus Gazella mostly native to Africa and capable of running at high speeds for long periods.,active,,
ani-gecko,2355,gecko,n,Animals,"Lizards belonging to the infraorder Gekkota, found in warm climates throughout the world.",active,,
ani-geld,29,geld,v,Animals,To remove the testicles (and sometimes penis) of a male animal or to render the testicles nonfunctional.,active,,
ani-gelding,2566,gelding,n,Animals,A castrated stallion.,active,,
ani-gibbon,2511,gibbon,n,Animals,Apes in the family Hylobatidae.,active,,
ani-gill,1916,gill,n,Animals,The breathing organ of fish and other aquatic animals.,active,,
ani-giraffe,3089,giraffe,n,Animals,"A quadruped animal native to Africa, remarkable for the length of its legs and neck.",active,,
ani-goat,1502,goat,n,Animals,A common four-legged animal (Capra) that is related to sheep and bred by humans for its coat and milk.,active,,
ani-goose,1187,goose,n,Animals,Waterfowl of the Anatidae family.,active,,
ani-goral,3259,goral,n,Animals,A small ungulate with goat-like and antelope-like appearance.,active,,
ani-gorilla,3144,gorilla,n,Animals,"Large, African ape covered in dark hair.",active,,
ani-grasshopper,607,grasshopper,n,Animals,A plant-eating insect with long back legs that can jump very high and makes a sharp high noise using its back legs or wings.,active,,
ani-graze,3058,graze,v,Animals,To feed on grasses and herbage in a field or on pastureland.,active,,
ani-grizzly-bear,3738,grizzly bear,n,Animals,"A large and ferocious subspecies of the brown bear, inhabiting North America.",active,,
ani-growl,3679,growl,v,Animals,"To make a low sound in the throat, usually as a sign of anger.",active,,
ani-grub,3011,grub,n,Animals,Larva of Coleoptera order.,active,,
ani-guan,437,guan,n,Animals,"A large game bird of the curassow family, common in dense woodlands of Central and South America.",active,,
ani-guinea-fowl,456,guinea fowl,n,Animals,Bird of the family Phasianidae native to Africa.,active,,
ani-guinea-pig,3718,guinea pig,n,Animals,A tailless rodent which is larger than a hamster and often kept as a pet. It belongs to the family Caviidae.,active,,
ani-hamster,3147,hamster,n,Animals,"Mouse-sized animal with large cheeks for storing food, often kept as a pet.",active,,
ani-hare,1190,hare,n,Animals,"Mammal of the family hares and rabbits (Leporidae) with long ears, short tail and hindlegs which are shorter than the forelegs and permit running quickly.",active,,
ani-hatch,3116,hatch,v,Animals,Emergence from an egg.,active,,
ani-hawk,307,hawk,n,Animals,A predatory bird of the family Accipitridae.,active,,
ani-he-goat,264,he-goat,n,Animals,A male goat.,merged,2475,
ani-head-louse,310,head louse,n,Animals,A parasitic insect which lives among the hairs on the head of a human and feeds on blood.,active,,
ani-hedgehog,1797,hedgehog,n,Animals,Small mammal characterized by its spiny back and by its habit of rolling itself into a ball when attacked.,active,,
ani-hen,1514,hen,n,Animals,A female chicken.,active,,
ani-henhouse,3401,henhouse,n,Animals,A barn for chickens.,active,,
ani-herdsman,263,herdsman,n,Animals,A man who looks after a herd of animals.,active,,
ani-heron,758,heron,n,Animals,"A long-legged, long-necked wading bird of the family Ardeidae.",active,,
ani-hinny,3824,hinny,n,Animals,The offspring of a stallion (male horse) and a female donkey (jenny).,active,,
ani-hippopotamus,3145,hippopotamus,n,Animals,"Heavy, African animal living in rivers and lakes.",active,,
ani-honeycomb,3947,honeycomb,n,Animals,A wax structure consisting of multiple small holes made by bees to store their honey.,active,,
ani-hornbill,3260,hornbill,n,Animals,"A bird characterized by a long, down-curved, and frequently colored beak.",active,,
ani-hornet,3261,hornet,n,Animals,"A large wasp that can inflict a severe sting, characteristically building large papery nests.",active,,
ani-horse,615,horse,n,Animals,A large animal with four legs of the Equus caballus species which people ride on or use for carrying things or pulling vehicles.,active,,
ani-horse-barn,3403,horse barn,n,Animals,A barn for horses.,active,,
ani-horse-dung,3378,horse dung,n,Animals,The faeces of a horse.,active,,
ani-horsefly,3262,horsefly,n,Animals,"A fly of the family Tabanidae, known for biting humans.",active,,
ani-horsetail,2196,horsetail,n,Animals,Tail of a horse.,active,,
ani-howler-monkey,433,howler monkey,n,Animals,"Large, prehensile-tailed tropical American monkey of the genus Alouatta, the males of which make a howling noise.",active,,
ani-hummingbird,1589,hummingbird,n,Animals,A small bird in the family Trochilidae.,active,,
ani-hyena,1799,hyena,n,Animals,"A large carnivore of the family Hyaenidae, similar in appearance to a dog and native to Africa and Asia, best known for the sound resembling laughter that it makes when excited.",active,,
ani-iguana,1578,iguana,n,Animals,(Iguanidae) A lizard family.,active,,
ani-insect,620,insect,n,Animals,"A class of the Arthropoda typically having a segmented body with an external chitinous covering, a pair of compound eyes, a pair of antennae, three pairs of mouthparts, and two pairs of wings.",active,,
ani-intestinal-worm,3623,intestinal worm,n,Animals,"An organism, also known as the parasitic worm, that infects and breeds in the gastrointestinal tract of humans and animals.",active,,
ani-jackal,3313,jackal,n,Animals,A wild dog-like animal of the Canis genus home to parts of Asia and Africa.,active,,
ani-jaguar,1250,jaguar,n,Animals,A carnivorous spotted large cat native to South and Central America.,active,,
ani-jellyfish,4017,jellyfish,n,Animals,"A marine animal, free-swimming, also known as medusa, with a jellylike saucer-shaped and nearly transparent body, and tentacles with stinging cells.",active,,
ani-kangaroo,164,kangaroo,n,Animals,A marsupial from the family Macropodidae having powerful hind legs and large feet for leaping.,active,,
ani-kangaroo-rat,2822,kangaroo rat,n,Animals,Small rodents native to North America.,active,,
ani-kangaroo-skin,2823,kangaroo skin,n,Animals,The skin of a kangaroo.,active,,
ani-kingfisher,2444,kingfisher,n,Animals,A group of small to medium-sized brightly colored birds in the order Coraciiformes.,active,,
ani-lair,2949,lair,n,Animals,The resting or living place of a wild animal.,active,,
ani-lamb,820,lamb,n,Animals,Young sheep.,active,,
ani-large-wild-herbivore,2456,large wild herbivore,n,Animals,"Wild herbivores, like deer or kangaroo, wo are traditionally hunted for their meat.",active,,
ani-larva,2640,larva,n,Animals,A distinct juvenile form many animals undergo before metamorphosis into adults.,active,,
ani-leech,2273,leech,n,Animals,Segmented worms that belong to the phylum Annelida and comprise the subclass Hirudinea.,active,,
ani-leopard,1139,leopard,n,Animals,"A large wild cat with a spotted coat, Panthera pardus, indigenous to Africa and Asia.",active,,
ani-leporid,2345,leporid,n,Animals,"Mammal of the family hares and rabbits (Leporidae) with long ears, short tail and hindlegs which are shorter than the forelegs and permit running quickly.",active,,
ani-lion,1386,lion,n,Animals,"A large cat (Panthera leo) that is native to Africa, Asia and formerly much of Europe.",active,,
ani-livestock,631,livestock,n,Animals,"Cattle, horses, and similar animals kept for domestic use especially on a farm.",active,,
ani-lizard,632,lizard,n,Animals,"Any reptile of the suborder Lacertilia, especially those of the family Lacertidae, typically having an elongated body, four limbs, and a small tail: includes the gechos, iguanas, chameleons, monitors, and slow worms.",active,,
ani-lobster,2397,lobster,n,Animals,"Clawed lobsters comprise a family (Nephropidae, sometimes also Homaridae) of large marine crustaceans.",active,,
ani-locust,810,locust,n,Animals,Migratory grasshoppers of the order Orthoptera of warm regions having short antennae.,active,,
ani-louse,1392,louse,n,Animals,"A small wingless parasitic insect of the order Phthiraptera that lives on humans, other mammals and birds.",active,,
ani-lynx,3314,lynx,n,Animals,"A wild animal of the Lynx genus, with characteristic spots on its fur and a short tail.",active,,
ani-macaw,1630,macaw,n,Animals,"Large colorful parrots of the Americas, classified into six of the many Psittacidae genera: Ara, Anodorhynchus, Cyanopsitta, Primolius, Orthopsittaca, and Diopsittaca.",active,,
ani-magpie,2039,magpie,n,Animals,"One of several kinds of bird in the family Corvidae, especially Pica pica.",active,,
ani-male,2263,male,adj,Animals,Relating to the male sex of animals.,active,,
ani-male-dog,2480,male dog,n,Animals,A male dog.,active,,
ani-male-goat,2475,male goat,n,Animals,A male goat.,active,,
ani-male-pig,2487,male pig,n,Animals,A male pig.,active,,
ani-mallard,3610,mallard,n,Animals,"A member of the Anatidae family, common in large parts of the world and native to the northern hemisphere.",active,,
ani-mantis,3279,mantis,n,Animals,A predatory insect of the order Mantodea; mantid; praying mantis.,active,,
ani-mare,938,mare,n,Animals,An adult female horse.,active,,
ani-marmot,3719,marmot,n,Animals,A rodent of the genera Marmota.,active,,
ani-marten,3739,marten,n,Animals,"A mammal of the family Mustelidae in the genus Martes, inhabiting the forests of the Northern Hemisphere, having a long, slender body, a bushy tail and short legs and also known for its thick, valuable fur.",active,,
ani-meerkat,3148,meerkat,n,Animals,Southern African animal known for its long tail and often seen standing up on its back legs.,active,,
ani-mole,1907,mole,n,Animals,"Small insectivorous mammal, especially of the family Talpidae, living chiefly underground, and having velvety fur, very small eyes, and strong forefeet.",active,,
ani-mongoose,3677,mongoose,n,Animals,"A common name for several species of tropical ferret-like carnivorous mammals, distinguished by a long body and tail.",active,,
ani-monitor-lizard,3017,monitor lizard,n,Animals,"Monitor lizard of the genus Varanus, such as the goanna and the Komodo dragon.",active,,
ani-monkey,1350,monkey,n,Animals,"A primate from the group *New World monkeys* or *Old World monkeys* (Simiiformes, excluding the superfamily Hominoidea or apes) that lives mainly in rainforests and is distinguished from an Ape by its smaller size and its tail.",active,,
ani-mosquito,1509,mosquito,n,Animals,A small flying insect (of the family Culicidae) known for biting and sucking blood.,active,,
ani-moth,2828,moth,n,Animals,Group of insects related to butterflies.,active,,
ani-mouse,1491,mouse,n,Animals,"Any of numerous small rodents of the genus ''mus'' or various related genera of the ''Muridæ'' family characterised by a long hairless tail, rounded ears, and a pointed nose.",active,,
ani-mule,890,mule,n,Animals,The offspring of a male donkey and a female horse.,active,,
ani-muntjacs,3152,muntjacs,n,Animals,"Also known as barking deer, a kind of small deer of the genus Muntiacus.",active,,
ani-muroid,2139,muroid,n,Animals,"A large superfamily of rodents, including hamsters, gerbils, true mice and rats, and many other relatives.",active,,
ani-mussels,2829,mussels,n,Animals,Bivalve moluscs with an elongated and asymmetric shell.,active,,
ani-native-cat,3018,native cat,n,Animals,"Small mammal predator with long and slender bodyshape, usually referred to as native cat by European colonizers (but not a true Felidae).",active,,
ani-nest,539,nest,n,Animals,"A nest is a structure built by vertebrates to hold its eggs, its offspring, or occasionally the animal itself and may be composed of organic material such as twigs, grass, and leaves, or may be a simple depression in the ground, or a hole in a rock, tree, or building.",active,,
ani-nightingale,3723,nightingale,n,Animals,A bird which is famous for its singing of the family Muscicapidae.,active,,
ani-nit,267,nit,n,Animals,An egg of a louse that is sometimes found in people's hair.,active,,
ani-octopus,2581,octopus,n,Animals,A cephalopod mollusct of the order Octopoda.,active,,
ani-opossum,309,opossum,n,Animals,A mammal being a member of the family Didelphidae.,active,,
ani-ostrich,3797,ostrich,n,Animals,"Any of two species of large, flightless birds in the family Struthionidae, native to Africa.",active,,
ani-otter,15,otter,n,Animals,"Any of several aquatic, furbearing, weasellike mammals of the genus Lutra, having webbed feet and a long, slightly flattened tail.",active,,
ani-owl,735,owl,n,Animals,"A solitary, mainly nocturnal bird of prey, belonging to the order Strigiformes; it has large forward-facing eyes and ears and a hawk-like beak, and it can turn its head 180 degrees around.",active,,
ani-ox,1169,ox,n,Animals,A castrated bull.,active,,
ani-oysters,2830,oysters,n,Animals,Name for different families of inhabitans of marine or brackish habitats.,active,,
ani-paca,316,paca,n,Animals,"A large rodent, with dark brown or black fur, a white or yellowish underbelly and rows of white spots along its sides, native to Central America and South America.",active,,
ani-pacu,3922,pacu,n,Animals,A freshwater species of fish belonging to the family Serrasalmidae and related to piranha.,active,,
ani-panda,3951,panda,n,Animals,"Also *giant panda*, a white-and-black mammal of the *Ailuropoda* family, native to eastern Asia, commonly referred to as a type of bear.",active,,
ani-pangolin,2508,pangolin,n,Animals,"Mammals of the order Pholidota. The one extant family, Manidae, has three genera: Manis which comprises four species living in Asia, Phataginus which comprises two species living in Africa, and Smutsia which comprises two species also living in Africa.",active,,
ani-parakeet,886,parakeet,n,Animals,Any of several slender species of parrot.,active,,
ani-parrot,882,parrot,n,Animals,"Any bird of the order Psittaciformes, many species of which are colourful and able to mimic human speech.",active,,
ani-partridge,3681,partridge,n,Animals,"Any of medium-sized non-migratory birds of the Phasianidae family, smaller than the pheasant but bigger than the quail.",active,,
ani-pasture,649,pasture,n,Animals,Land covered with grass or herbage and grazed by or suitable for grazing by livestock.,active,,
ani-paw,2965,paw,n,Animals,"A paw is the soft foot of a mammal, generally a quadruped, that has claws.",active,,
ani-peacock,3382,peacock,n,Animals,"A male peafowl, a species of the family Phasianidae, which is known for displaying its massive tail as part of mate-selection ritual.",active,,
ani-peccary,2390,peccary,n,Animals,"The collared peccary (Pecari tajacu) is a species of mammal in the family Tayassuidae found in North, Central, and South America.",active,,
ani-peck,3684,peck,v,Animals,"(Of a bird) to move the beak forward quickly to strike, bite, or pick up something.",active,,
ani-pelican,472,pelican,n,Animals,Large water birds comprising the family Pelecanidae. They are characterised by a long beak and large throat pouch used for catching prey and draining water from the scooped up contents before swallowing.,active,,
ani-penguin,2831,penguin,n,Animals,"Aquatic, flightless birds.",active,,
ani-perch-fish,2966,perch,n,Animals,"Perch is a common name for fish of the genus Perca, freshwater gamefish belonging to the family Percidae.",active,,
ani-perch-of-bird,3682,perch,v,Animals,"To land and rest on a perch, branch, fence, etc.",active,,
ani-pet,3780,pet,n,Animals,An animal or a bird that is kept at home for companionship rather than for practical use.,active,,
ani-pheasant,3060,pheasant,n,Animals,Bird of the family Phasianidae.,active,,
ani-pig,1337,pig,n,Animals,"A common, four-legged animal (Sus scrofa) that has cloven hooves, bristles and a nose adapted for digging and is farmed by humans for its meat.",active,,
ani-pig-dung,3379,pig dung,n,Animals,The faeces of a pig.,active,,
ani-piglet,2564,piglet,n,Animals,A young pig.,active,,
ani-pigsty,3369,pigsty,n,Animals,A barn for pigs.,active,,
ani-pike,2967,pike,n,Animals,The northern pike is a species of carnivorous fish of the genus Esox (the pikes).,active,,
ani-piranha,317,piranha,n,Animals,Any of the carnivorous freshwater fish living in South American rivers and belonging to the subfamily Serrasalminae.,active,,
ani-pium,3937,pium,n,Animals,Hematophagous black fly found in tropical countries,active,,
ani-polar-bear,3143,polar bear,n,Animals,White bear living in the northern pole regions.,active,,
ani-porcupine,2510,porcupine,n,Animals,"Rodents with a coat of sharp spines, or quills, that protect against predators.",active,,
ani-porpoise,114,porpoise,n,Animals,"Short-snouted cetacean aquatic mammals of the Phocoenidae family within the superfamily Delphinoidea (along dolphins or belugas), characterized by a compact, robust body ranging from 1.2 to 2.5 metres (4 to 8 feet) in length, gregarious in habits, historically rendered for oil or used for leather.",active,,
ani-possum,470,possum,n,Animals,"Small to medium-sized arboreal marsupial species native to Australia, New Guinea, and Sulawesi.",active,,
ani-prawns,238,prawns,n,Animals,A decapod crustacean of the suborder Dendrobranchiata.,active,,
ani-pregnant,3827,pregnant,adj,Animals,Describing an animal that is pregnant.,active,,
ani-puma,1891,puma,n,Animals,Species of feline (Puma concolor) tawny-colored with black-tipped ears and tail.,active,,
ani-puppy,74,puppy,n,Animals,A young dog.,active,,
ani-python,1563,python,n,Animals,(Pythonidae)The common name for a group of non-venomous constricting snakes.,active,,
ani-quail,1893,quail,n,Animals,(Coturnix coturnix) Small (17 cm) rotund bird from the pheasant family (Phasianidae),active,,
ani-rabbit,1136,rabbit,n,Animals,"One of several small mammals of the family Leporidae, with long ears, long hind legs and a short, fluffy tail.",active,,
ani-raccoon,828,raccoon,n,Animals,(Procyon lotor) An omnivorous nocturnal mammal native to North America and Central America.,active,,
ani-ram,1344,ram,n,Animals,A male sheep.,active,,
ani-rat,1490,rat,n,Animals,"A nearly omnivorous rodent of the genus ''rattus'' characterised by a long hairless tail, rounded ears, and a pointed nose.",active,,
ani-rattlesnake,871,rattlesnake,n,Animals,"Poisonous snake of the genus Crotalus, known by the rattling tail.",active,,
ani-raven,2543,raven,n,Animals,"One of several larger-bodied members of the genus Corvus. These species do not form a single taxonomic group within the genus, but share similar characteristics and appearances that generally separate them from other crows.",active,,
ani-red-deer,3983,red deer,n,Animals,"The red deer (Cervus elaphus) is one of the largest deer species. A male red deer is called a stag or hart, and a female is called a hind. Red deer are ruminants, characterized by a four-chambered stomach. Genetic evidence indicates that the red deer, as traditionally defined, is a species group, rather than a single species, though exactly how many species the group includes remains disputed.",active,,
ani-red-footed-tortoise,3949,red-footed tortoise,n,Animals,"A medium-sized species of tortoise (Chelonoidis Carbonarius), found in northern parts of South America.",active,,
ani-reindeer,1876,reindeer,n,Animals,"An Arctic and Subarctic-dwelling deer (Rangifer tarandus), a number of subspecies exist.",active,,
ani-rhinoceros,2591,rhinoceros,n,Animals,A group of different species of odd-toed ungulates in the family Rhinocerotidae.,active,,
ani-robin,2402,robin,n,Animals,"The European robin (Erithacus rubecula), most commonly known in Anglophone Europe simply as the robin, is a small insectivorous passerine bird, specifically a chat, that was formerly classed as a member of the thrush family (Turdidae), but is now considered to be an Old World flycatcher.",active,,
ani-rodent,669,rodent,n,Animals,"Any of the relatively small placental mammals that constitute the order Rodentia, having constantly growing incisor teeth specialized for gnawing.",active,,
ani-roe-deer,3826,roe deer,n,Animals,Member of the species Capreolus capreolus widespread in Europe. Smaller than other deer and characterised by its red and grey-brown colour.,active,,
ani-rooster,1511,rooster,n,Animals,"A male chicken (Gallus gallus domesticus), a domestic bird.",active,,
ani-roundworm,3397,roundworm,n,Animals,A worm that belongs to Nematode species; parasitic types of roundworms infest the digestive tract of humans and other mammals.,active,,
ani-ruminate,3680,ruminate,v,Animals,(Of an animal) to chew the food brought back from the stomach and partially digested.,active,,
ani-sago-grub,2802,sago grub,n,Animals,"A type of snout beetle of species Rhynchophorus ferrugineus commonly known as red palm weevil, Asian palm weevil or sago palm weevil.",active,,
ani-salmon,944,salmon,n,Animals,One of several species of fish of the Salmonidae family.,active,,
ani-sandfly,95,sandfly,n,Animals,"A tiny flying insect from one of several species in the Nematocera suborder, including the families Mycetophilidae, Anisopodidae and Sciaridae.",active,,
ani-sardine,3992,sardine,n,Animals,A pilchard or other fish in the herring family.,active,,
ani-scale,266,scale,n,Animals,One of the small flat pieces of skin that cover the bodies of fish.,active,,
ani-scorpion,1538,scorpion,n,Animals,"An arthropod with eight legs, belonging to the order Scorpiones in the class Arachnida.",active,,
ani-seagull,950,seagull,n,Animals,A seabird of the genus Larus or of the family Laridae.,active,,
ani-seal,651,seal,n,Animals,"A mammal belonging to the Pinnipedia, an order of aquatic placental mammals having a streamlined body and limbs specialized as flippers: includes seals, sea lions, and the walrus.",active,,
ani-serow,3270,serow,n,Animals,"A short-horned, dark-coated goat antelope of southeast Asia mountain areas.",active,,
ani-shark,1110,shark,n,Animals,A scaleless fish with a cartilaginous skeleton that has 5 to 7 gill slits on each side of its head.,active,,
ani-shear,1532,shear,v,Animals,To remove the fleece from a sheep etc. by clipping.,active,,
ani-sheep,1331,sheep,n,Animals,"A common, four-legged animal (Ovis) that is commonly kept by humans for its wool.",active,,
ani-sheep-dung,3381,sheep dung,n,Animals,The faeces of a sheep.,active,,
ani-sheepfold,3402,sheepfold,n,Animals,A barn for sheep.,active,,
ani-shell,598,shell,n,Animals,"A hard outer covering of an animal, as the hard case of a mollusk.",active,,
ani-shrew,3676,shrew,n,Animals,"Any of small, mole-like mammals with a long pointed snout from the family Soricidae of the order Eulipotyphla.",active,,
ani-shrimp,2349,shrimp,n,Animals,"Refers to some decapod crustaceans, although the exact animals covered can vary. Used broadly, it may cover any of the groups with elongated bodies and a primarily swimming mode of locomotion – chiefly Caridea and Dendrobranchiata.",active,,
ani-silkworm,2351,silkworm,n,Animals,The larva or caterpillar of the domesticated silkmoth (Bombyx mori).,active,,
ani-skin,2614,skin,n,Animals,The outer tissue covering animals.,active,,
ani-sloth,2446,sloth,n,Animals,"Medium-sized mammals belonging to the families Megalonychidae (two-toed sloth) and Bradypodidae (three-toed sloth), classified into six species.",active,,
ani-snail,1543,snail,n,Animals,"(Gastropoda) Ventral footed mollusk, including land snails, terrestrial pulmonate gastropod mollusks.",active,,
ani-snake,730,snake,n,Animals,"Any reptile of the suborder Serpentes, typically having a scaly cylindrical limbless body, fused eyelids, and a jaw modified for swallowing large prey.",active,,
ani-snout,2200,snout,n,Animals,"The protruding portion of an animal's face, consisting of its nose, mouth, and jaw.",active,,
ani-sow,1351,sow,n,Animals,An adult female pig.,active,,
ani-sparrow,1854,sparrow,n,Animals,"A small song bird, in the family Passeridae.",active,,
ani-spawn,2227,spawn,v,Animals,The process by which aquatic animals produce eggs.,active,,
ani-spider,843,spider,n,Animals,"Any predatory silk-producing arachnid of the order Araneae, having four pairs of legs and a rounded unsegmented body consisting of abdomen and cephalothorax.",active,,
ani-spider-monkey,434,spider monkey,n,Animals,"Tropical American monkey of the genus Ateles,  having a slender body, long, slender limbs, and a long, prehensile tail.",active,,
ani-spider-web,1065,spider web,n,Animals,A fine net of threads woven by a spider to catch insects.,active,,
ani-squid,4142,squid,n,Animals,"A marine cephalopod with a soft elongated body, eight arms, and two longer feeding tentacles, capable of jet propulsion and ink release.",active,,
ani-squirrel,1628,squirrel,n,Animals,A small or medium-sized rodent of the family Sciuridae.,active,,
ani-stable,851,stable,n,Animals,"A building or structure usually with stalls that is used to house and feed horses, cattle or other animals.",active,,
ani-stallion,936,stallion,n,Animals,An uncastrated male horse.,active,,
ani-starfish,3032,starfish,n,Animals,"Star-shaped echinoderm of class Asteroidea, occuring in all the world's oceans.",active,,
ani-stingray,1910,stingray,n,Animals,"Any of various large, venomous rays, of the orders Rajiformes and Myliobatiformes, having a barbed, whiplike tail.",active,,
ani-stork,3724,stork,n,Animals,"A bird with long legs, a long beak and often black and with feathers of the family Ciconiidae.",active,,
ani-sturgeon,3606,sturgeon,n,Animals,A common name denoting a fish of the Acipenseridae family.,active,,
ani-swallow,3077,swallow,n,Animals,Any of the various passerine birds of the family Hirundinidae; martin.,active,,
ani-swan,2837,swan,n,Animals,Bird of the family Anatidae.,active,,
ani-swarm,2974,swarm,n,Animals,"Swarm behaviour, or swarming, is a collective behaviour exhibited by entities, particularly animals, of similar size which aggregate together, perhaps milling about the same spot or perhaps moving en masse or migrating in some direction.",active,,
ani-tadpole,3979,tadpole,n,Animals,Larval stage of amphibians.,active,,
ani-takin,3272,takin,n,Animals,"A large goat antelope of eastern Himalayan area, Budorcas taxicolor.",active,,
ani-tame,2838,tame,adj,Animals,Not or no longer wild (of animals).,active,,
ani-tapir,312,tapir,n,Animals,Any one the species of large odd-toed ungulates of the family Tapiridae with a long prehensile upper lip.,active,,
ani-termite,883,termite,n,Animals,"A soft-bodied insect of the order Isoptera; individuals feed on cellulose and live in colonies with a caste system comprising three types of functional individuals: sterile workers and soldiers, and the reproductives.",active,,
ani-tick,1527,tick,n,Animals,A small arachnid which lives on and sucks the blood of other animals including man.,active,,
ani-tiger,846,tiger,n,Animals,A large carnivorous animal (Panthera tigris) of the cat family indigenous to Asia.,active,,
ani-tinamou,3921,tinamou,n,Animals,"Any of the 47 sedentary, ground-dwelling bird species of the order Tinamiformes found in Central and South America. It bears a strong resemblance to patridges but has limited flight capability.",active,,
ani-toad,894,toad,n,Animals,"Any anuran amphibian of the family Bufonidae, such as Bufo bufo of Europe. They are similar to frogs but are more terrestrial, having a drier warty skin.",active,,
ani-tortoise,895,tortoise,n,Animals,"Any herbivorous terrestrial chelonian reptile of the family Testudinidae, of most warm regions, having a heavy dome-shaped shell and clawed limbs.",active,,
ani-toucan,308,toucan,n,Animals,"A bird with a large colorful beak, living in the tropics and belonging to the family Ramphastidae.",active,,
ani-trout,795,trout,n,Animals,Fresh water salmon.,active,,
ani-turkey,2386,turkey,n,Animals,A large bird from the family of Phasanidae.,active,,
ani-turtle,112,turtle,n,Animals,"A reptile of the order Testudines (the crown group of the superorder Chelonia), characterised by a special bony or cartilaginous shell developed from their ribs that acts as a shield.",active,,
ani-tusk,3280,tusk,n,Animals,"A pointed elongated tooth, usually one of a pair, extending outside the mouth of a mammal.",active,,
ani-untamed-or-wild,2230,untamed or wild,adj,Animals,"Not cultivated, domesticated or controlled by humans.",active,,
ani-vermin,929,vermin,n,Animals,Small animals and insects that can be harmful and which are difficult to control when they appear in large numbers. (Source: CAMB),active,,
ani-viper,2654,viper,n,Animals,A family of venomous snakes found in most parts of the world.,active,,
ani-vulture,1185,vulture,n,Animals,Any of several carrion-eating birds of the families Accipitridae and Cathartidae.,active,,
ani-wagtail,3010,wagtail,n,Animals,Passerine bird of genus Motacilla.,active,,
ani-wallaby,165,wallaby,n,Animals,Any of several species of marsupial; usually smaller and stockier than kangaroos.,active,,
ani-walrus,4007,walrus,n,Animals,"A very large, seal-like mammal found in Arctic seas.",active,,
ani-wasp,1517,wasp,n,Animals,"A flying stinging insect related to the bee, which is usually coloured yellow and black.",active,,
ani-wasp-nest,3412,wasp nest,n,Animals,The nest of wasps.,active,,
ani-water-buffalo,2516,water buffalo,n,Animals,"A large bovid originating in South Asia, Southeast Asia, and China.",active,,
ani-water-leech,949,water leech,n,Animals,A worm-like creature that lives in water and sucks blood from animals.,active,,
ani-wax,3942,wax,n,Animals,Organic solid compounds of animals or vegetal origin,active,,
ani-weasel,3384,weasel,n,Animals,A small predator of the genus Mustela characterized by a slender body that lets it hunt burrowing animals.,active,,
ani-whale,957,whale,n,Animals,"Large marine mammals of the order Cetacea; the body is streamlined, the broad flat tail is used for propulsion, and the limbs are balancing structures.",active,,
ani-white-cockatoo,3009,white cockatoo,n,Animals,"Large white cockatoo, species C. galerita.",active,,
ani-white-lipped-peccary,436,white-lipped peccary,n,Animals,"Piglike hoofed mammal, of North and South America, having a black gray coat with whitish cheeks; larger than the collared peccary.",active,,
ani-wild-animal,958,wild animal,n,Animals,A non-domesticated animal living independently of man.,active,,
ani-wild-boar,3154,wild boar,n,Animals,"Also known as wild pig, an undomestic four-legged animal (Sus scrofa) living in the wild.",active,,
ani-wild-cat,2241,wild cat,n,Animals,"A small cat found throughout most of Africa, Europe, and southwest and central Asia into India, China, and Mongolia.",active,,
ani-wild-dog,2448,wild dog,n,Animals,Any of several wild canine species that are commonly called 'dogs' or 'wild dogs' but are not true dogs.,active,,
ani-wild-goose,2776,wild goose,n,Animals,A wild goose.,active,,
ani-wolf,522,wolf,n,Animals,"A large wild canid (Canidae), closely related to the dog.",active,,
ani-wolf-like-animal,2461,wolf-like animal,n,Animals,"Refers to *genus canis*, a genus containing seven to ten extant species, including wolves, domestic dogs, coyotes, and jackals.",active,,
ani-wombat,2841,wombat,n,Animals,Short-legged muscular quadrupedal marsupials native to Australia.,active,,
ani-woodpecker,2447,woodpecker,n,Animals,"Part of the Picidae family, a group of near-passerine birds that also consist of piculets, wrynecks, and sapsuckers.",active,,
ani-worm,1219,worm,n,Animals,A generally tubular invertebrate of the annelid phylum.,active,,
ani-yak,2477,yak,n,Animals,"A long-haired bovid found throughout the Himalaya region of southern Central Asia, the Tibetan Plateau and as far north as Mongolia and Russia.",active,,
ani-yearling,3329,yearling,n,Animals,A young horse between one and two years old.,active,,
ani-yellow-croaker,2347,yellow croaker,n,Animals,"A species of croaker native to the western Pacific, generally in temperate waters such as the East China Sea and the Yellow Sea.",active,,
ani-young-animal,3254,young animal,n,Animals,"Like a puppy of a dog, a general term for naming younger animals.",active,,
ani-young-goat,1972,young goat,n,Animals,A young goat.,active,,
ani-zebra,3675,zebra,n,Animals,"Any of several species of genus Equus with distinctive black-and-white striped coats, native to Africa.",active,,
bod-abortion,3866,abortion,n,The body,An intervention in a pregnancy by removal or expulsion of an embryo or fetus resulting in termination of the pregnancy.,active,,
bod-ache,1815,ache,v,The body,To be in continuous pain.,active,,
bod-adam-s-apple,802,adam's apple,n,The body,A lump at the front of the neck.,active,,
bod-allergy,3868,allergy,n,The body,"A bodily reaction due to a hypersensitivity to an antigen or a pathological immunological reaction to substances, situations, or physical states.",active,,
bod-ankle,803,ankle,n,The body,A joint formed where the foot and the leg meet.,active,,
bod-anus,1935,anus,n,The body,"The lower opening of the digestive tract, through which faeces pass.",active,,
bod-appearance,1017,appearance,n,The body,The outward or visible aspect of a person or thing.,active,,
bod-apply,3650,apply,v,The body,To put and spread some substance on the skin.,active,,
bod-arm,1673,arm,n,The body,"The upper limb, extending from the shoulder to the wrist and sometimes including the hand.",active,,
bod-arm-or-hand,2121,arm or hand,n,The body,Extremities emerging from the upper part of the human body.,active,,
bod-armpit,1886,armpit,n,The body,The hollow under the upper part of the arm at the shoulder.,active,,
bod-artery,1925,artery,n,The body,A blood vessel transporting blood away from the heart.,active,,
bod-awake,825,awake,adj,The body,Not sleeping.,active,,
bod-back,1291,back,n,The body,"The rear of body, especially the part between the neck and the end of the spine and opposite the chest and belly.",active,,
bod-back-of-head,523,back of head,n,The body,The back part of the head.,active,,
bod-bald,1125,bald,adj,The body,Without hair on the head.,active,,
bod-bark-or-skin,2127,bark or skin,n,The body,Cover of the bodies of animals and plants.,active,,
bod-bathe,138,bathe,v,The body,To clean oneself by immersion in water.,active,,
bod-bathe-someone,3170,bathe,v,The body,Clean someone else with water.,active,,
bod-be-alive,1422,be alive,v,The body,To be alive; to have a life.,active,,
bod-be-alive-or-life,3184,be alive or life,x,The body,The act of being alive or the life itself.,active,,
bod-be-born,1090,be born,v,The body,To start living.,active,,
bod-be-dead-or-death-or-die,3186,be dead or death or die,x,The body,To be not alive or the end of a life or to cease to live.,active,,
bod-beak,73,beak,n,The body,External anatomical structure of birds which is used for taking food and for eating.,active,,
bod-beard,678,beard,n,The body,"Facial hair of humans on the chin, cheeks and jaw.",active,,
bod-beget,1152,beget,v,The body,(Especially of a male parent) to procreate or generate.,active,,
bod-belly,1251,belly,n,The body,"The lower part of the front of the torso (or a comparable part of an animal), confined by the upper side by the midriff and the lowerside by the pelvis. Contains the intestines.",active,,
bod-belly-or-stomach,2114,belly or stomach,n,The body,"The lower part of the front of the torso, including the interior part below.",active,,
bod-bellybutton,3715,bellybutton,n,The body,The middle of the belly where the umbilical cord has grown in the womb during pregnancy.,merged,1838,
bod-bile,1780,bile,n,The body,"A bitter brownish-yellow or greenish-yellow secretion produced by the liver, stored in the gallbladder, and discharged into the duodenum where it aids the process of digestion.",active,,
bod-birthmark,1751,birthmark,n,The body,"A birthmark is a benign irregularity on the skin which is present at birth or appears shortly after birth, usually in the first month. Birthmarks are caused by overgrowth of blood vessels, melanocytes, smooth muscle, fat, fibroblasts, or keratinocytes.",active,,
bod-bite,1403,bite,v,The body,Clamping the teeth hard on something.,active,,
bod-bladder,1746,bladder,n,The body,A hollow muscular balloon-shaped organ that stores urine until it is excreted from the body.,active,,
bod-bleed,3615,bleed,v,The body,To lose blood because of a disease or an injury.,active,,
bod-blind,1653,blind,adj,The body,Unable to see.,active,,
bod-blink,1655,blink,v,The body,"To make a quick wink of one or both eyelids, often repeatedly.",active,,
bod-blister,1584,blister,n,The body,"A small bubble on the skin, that contains watery fluid and is caused by heat, pressure or infection.",active,,
bod-blond,3872,blond,adj,The body,A pale yellowish-brown color usually of hair.,active,,
bod-blood,946,blood,n,The body,A fluid connective tissue consisting of the plasma and cells that circulate in the blood vessels.,active,,
bod-blood-vessel,525,blood vessel,n,The body,The blood vessels are the part of the circulatory system that transports blood throughout the human body or an animal body.,active,,
bod-body,1480,body,n,The body,The physical structure of a human or animal.,active,,
bod-body-part,2213,body part,n,The body,Part of a human body or an animal body.,active,,
bod-boil,793,boil,n,The body,"A painful, local inflammation of the skin, caused by infection of a hair follicle. Usually, a hard core and pus are present.",active,,
bod-bone,1394,bone,n,The body,"Any of the components of an endoskeleton, consisting mainly of calcium phosphate, collagen and cells.",active,,
bod-brain,1583,brain,n,The body,The organ of the central nervous system of an animal or human located in the skull that controls the actions and thoughts of the animal or human.,active,,
bod-breast,1402,breast,n,The body,The fleshy organ on the chest of a sexually mature human female containing mammary glands.,active,,
bod-breast-milk,3912,breast milk,n,The body,The milk of humans.,active,,
bod-breast-or-milk,2129,breast or milk,n,The body,"Either the organ of females which gives nourishing substance for newborns, or the substance itself.",active,,
bod-breastbone,2810,breastbone,n,The body,Long flat bone located in the center of the chest.,active,,
bod-breath,870,breath,n,The body,The air inhaled and exhaled through the lungs.,active,,
bod-breath-or-breathe,3183,breath or breathe,x,The body,The air that goes into one's lungs or the act of breathing.,active,,
bod-breathe,1407,breathe,v,The body,"To repeatedly draw air into, and expel it from, the lungs, in order to extract oxygen from it and excrete waste products.",active,,
bod-bruise,1148,bruise,n,The body,A collection of blood in the body tissue outside the blood vessels,active,,
bod-burn,3622,burn,n,The body,"An injury caused by exposure to heat, fire or chemical agents.",active,,
bod-buttocks,834,buttocks,n,The body,The fleshy part of the human body that one sits on.,active,,
bod-calf-of-leg,498,calf of leg,n,The body,The fleshy backside of the lower part of the leg.,active,,
bod-carcass,1770,carcass,n,The body,"The body of a dead animal, on which other animals have begun to feed.",active,,
bod-castrate,2563,castrate,v,The body,"Any action, surgical, chemical, or otherwise, by which a biological male loses use of the testicles.",merged,29,
bod-catch-a-cold,2184,catch a cold,v,The body,To become sick with a cold.,active,,
bod-cheek,1730,cheek,n,The body,"The soft skin on each side of the face, between the eyes and the chin; the outer surface of the sides of the oral cavity.",active,,
bod-chest,1592,chest,n,The body,The portion of the body from the base of the neck to the top of the abdomen; the thorax.,active,,
bod-chin,1510,chin,n,The body,"The bottom of the face, below the mouth.",active,,
bod-claw-or-nail,2128,claw or nail,n,The body,"The hard, keratin part growing at the feet of animals or the hands and legs of humans.",active,,
bod-clitoris,3257,clitoris,n,The body,"A part of the female genitalia located at the front of the vulva, consisting of a sensitive erectile body.",active,,
bod-close,3547,close,v,The body,To close one's mouth.,active,,
bod-coffin,2011,coffin,n,The body,The box in which the body of a dead person is placed for burial.,active,,
bod-collarbone,1994,collarbone,n,The body,Bone linking the scapula and sternum.,active,,
bod-common-cold,102,common cold,n,The body,"A contagious, viral infectious disease of the upper respiratory system; common symptoms include cough, sore throat, runny nose, nasal congestion and sneezing.",active,,
bod-conceive,1087,conceive,v,The body,To become pregnant.,active,,
bod-congeal,2395,congeal,v,The body,The process by which frech blood gets dry and hard.,active,,
bod-conjunctivitis,3026,conjunctivitis,n,The body,An inflammation of the eye conjunctiva.,active,,
bod-copulate,549,copulate,v,The body,To engage in sexual intercourse.,active,,
bod-corpse,767,corpse,n,The body,A dead body.,active,,
bod-cough,879,cough,v,The body,"To force air from the lungs out the mouth, sometimes involuntarily, accompanied by a rough sound.",active,,
bod-crown,1943,crown,n,The body,"A royal, imperial or princely headdress; a diadem.",active,,
bod-cure,499,cure,v,The body,To remedy an illness using medical or medicamentous treatment; to provide a cure for.,active,,
bod-dandruff,576,dandruff,n,The body,Small portion of dead skin cells shedding from the scalp.,active,,
bod-dead,1625,dead,adj,The body,Not alive; lacking life.,active,,
bod-deaf,996,deaf,adj,The body,"Not having the faculty of hearing, or only having a restricted capability to hear.",active,,
bod-death,910,death,n,The body,The end of life.,active,,
bod-dentist,3876,dentist,n,The body,"A person who is medically trained and licensed to practice the prevention, diagnosis, and treatment of diseases, injuries, and malformations of the teeth, jaws, and mouth.",active,,
bod-diarrhea,1177,diarrhea,n,The body,A condition in which the sufferer has frequent and watery bowel movements.,active,,
bod-die,1494,die,v,The body,To cease to live.,active,,
bod-disabled-person,3621,disabled person,n,The body,"A person with a physical condition or mental disorder that is characterized by physical, sensory, cognitive or intellectual impairment.",active,,
bod-disease,1986,disease,n,The body,A definite pathological process having a characteristic set of signs and symptoms which are detrimental to the well-being of the individual.,active,,
bod-dislocate,551,dislocate,v,The body,To (accidentally) dislodge a skeletal bone from its joint.,active,,
bod-dream,2374,dream,n,The body,"Successions of images, ideas, emotions, and sensations that occur usually involuntarily in the mind during certain stages of sleep.",active,,
bod-dream-something,1920,dream,v,The body,To experience while sleeping.,active,,
bod-dreaming-or-dream,2455,dreaming or dream,x,The body,"Either the act of seeing images when sleeping, or the result of this act, the dream itself.",active,,
bod-dribble,268,dribble,v,The body,To let saliva flow out of one’s mouth onto one’s chin.,active,,
bod-drown,1904,drown,v,The body,To be suffocated in water or other fluid; to perish by suffocation in water.,active,,
bod-drowned,3187,drowned,adj,The body,To have perished by suffocation in water.,active,,
bod-drunk,1463,drunk,adj,The body,Being in a temporary state in which one's physical and mental faculties are impaired due to excessive consumption of alcohol.,active,,
bod-dumb,1492,dumb,adj,The body,Unable to speak; lacking power of speech.,active,,
bod-ear,1247,ear,n,The body,"The organ of hearing, consisting of the pinna, auditory canal, eardrum, malleus, incus, stapes and cochlea.",active,,
bod-earhole,3891,earhole,n,The body,The outer opening of the ear.,active,,
bod-earlobe,18,earlobe,n,The body,The lower fleshy part of the human ear.,active,,
bod-earwax,32,earwax,n,The body,"A yellowish, waxlike secretion from certain glands in the external auditory canal.",active,,
bod-elbow,981,elbow,n,The body,The joint between arm and forearm.,active,,
bod-excreta,47,excreta,n,The body,"Waste matter, such as sweat, urine, or faeces, discharged from the body.",active,,
bod-eye,1248,eye,n,The body,"The organ that is sensitive to light, which it converts to electrical signals passed to the brain, by which means animals and humans see.",active,,
bod-eyeball,3807,eyeball,n,The body,"The partly visible orb nesting in the eye socket which contains for example pupil, retina and iris and is connected to the brain via the optic nerve.",active,,
bod-eyebrow,1173,eyebrow,n,The body,The hair that grows over the bone ridge above the eye socket.,active,,
bod-eyelash,1540,eyelash,n,The body,"One of the hairs that grows on the eyelid, around the eyes.",active,,
bod-eyelid,17,eyelid,n,The body,A skin flap that can be closed over an eye.,active,,
bod-face,1560,face,n,The body,"The front part of the head, featuring the eyes, nose, and mouth and the surrounding area.",active,,
bod-faeces,675,faeces,n,The body,"Substance that human and animal bodies release from time to time as a little pile of waste remaining from digestion, after it has been collected in the colon.",active,,
bod-faint,3616,faint,v,The body,To become unconscious as a result of a temporary decrease in the blood supply to the brain.,active,,
bod-fall-asleep,1106,fall asleep,v,The body,To go to sleep; to change from waking state to sleeping state.,active,,
bod-fart,1159,fart,v,The body,To emit digestive gases through the anus.,active,,
bod-fat,323,fat,n,The body,Esters of three fatty acid chains and the alcohol glycerol which form a semi-solid substance in room temperature and occur in animals and plants.,active,,
bod-fatigue,1140,fatigue,n,The body,A state of physical and/or mental weakness and a lack of vigor.,active,,
bod-feather,1201,feather,n,The body,"A branching, hair-like structure that grows on the skin of birds and protects them against coldness and water and allows their wings to create lift.",active,,
bod-feather-or-fur-or-hair,2381,feather or fur or hair,n,The body,The cover of a mammal or a bird.,active,,
bod-fever,1534,fever,n,The body,A higher than normal temperature of a person (or generally a mammal).,active,,
bod-finger,1303,finger,n,The body,One of the long extremities of the hand that is used for gripping objects.,active,,
bod-fingernail,1258,fingernail,n,The body,"The hard, flat, translucent covering near the tip of a human finger, useful for scratching and fine manipulation.",active,,
bod-fingernail-or-toenail,1896,fingernail or toenail,n,The body,Hard keratin part growing at the end of a human's finger or toe.,active,,
bod-fingertip,2773,fingertip,n,The body,The top of the finger.,active,,
bod-fishbone,3799,fishbone,n,The body,"Any of the bones forming the skeleton of a fish, especially one of the sharp slender bones attached to the backbone.",active,,
bod-fist,1473,fist,n,The body,The closed hand with the fingers on the palm.,active,,
bod-flesh,2259,flesh,n,The body,The soft substance in the body of living things.,active,,
bod-flesh-or-meat,2615,flesh or meat,n,The body,"Either referring to the soft substance of the body of living things (flesh), or to the soft substance in animals as an important source of food for humans.",active,,
bod-foot,1301,foot,n,The body,The part of a human’s body below the ankle that is used in order to stand and walk.,active,,
bod-foot-or-leg,2098,foot or leg,n,The body,Lower part of the human body which is used for walking.,active,,
bod-footprint,318,footprint,n,The body,The impression of the foot in a soft substance such as sand or snow.,active,,
bod-forefinger,577,forefinger,n,The body,The finger between thumb and long finger.,active,,
bod-forehead,123,forehead,n,The body,The part of the face between the hairline and the eyebrows.,active,,
bod-fornicate,103,fornicate,v,The body,"To have sexual intercourse outside of marriage, especially with varying partners.",active,,
bod-freckle,530,freckle,n,The body,A small brownish or reddish pigmentation spot on the surface of the skin.,active,,
bod-front-tooth,442,front tooth,n,The body,Aeveral teeth located above and below in the mouth of mammals (including humans) to bite food off.,active,,
bod-fur,580,fur,n,The body,The body-hair of an animal (excluding humans) or a piece of clothing made thereof.,active,,
bod-gall-bladder,3372,gall bladder,n,The body,A pear-shaped organ located beneath the liver that serves as a storage sac for bile until it is released into the small intestine.,active,,
bod-genitalia,198,genitalia,n,The body,"The sexual organs: the testicles and penis of a male; or the labia, clitoris, and vagina of a female.",active,,
bod-get-tired,1996,get tired,v,The body,To become tired through overuse or great strain or stress.,active,,
bod-goiter,1957,goiter,n,The body,Enlargement of the thyroid gland.,active,,
bod-grave,1773,grave,n,The body,A place (commonly marked with a headstone) where one or more people are buried (usually in a coffin underneath the ground).,active,,
bod-graveyard,3284,graveyard,n,The body,A tract of land used for burials; burial ground; cemetery.,active,,
bod-gums,139,gums,n,The body,The mucosal tissue that partly lies over the teeth in the mouth.,active,,
bod-guts,1334,guts,n,The body,The internal organs of an animal or human.,active,,
bod-guts-or-heart,2436,guts or heart,n,The body,Either the human heart or the human guts.,active,,
bod-hair,1040,hair,n,The body,"The hair on humans, usually on the head but also including the hair on the body.",active,,
bod-hair-body,189,hair,n,The body,The terminal hair that develops on the human body during and after puberty.,active,,
bod-hair-head,2648,hair,n,The body,The hair on the head of humans (rather than the hair in general or the hair on the body).,active,,
bod-hair-or-fur,2678,hair or fur,n,The body,"The hair covering the body of a mammal, including the body hair of humans.",active,,
bod-hand,1277,hand,n,The body,That part of the fore limb below the forearm or wrist in primates (including humans).,active,,
bod-handspan,3838,handspan,n,The body,The distance between splayed out thumb and little finger or index finger of a human hand. Formerly used as a unit of measurement or for roughly gauging small lengths around 20 centimeters.,active,,
bod-have-sex,1785,have sex,v,The body,To take part in sexual activity (most commonly sexual intercourse) with another person for the purposes of sexual pleasure.,merged,549,
bod-head,1256,head,n,The body,"The part of the body of an animal or human which contains the brain, mouth and main sense organs.",active,,
bod-headache,3625,headache,n,The body,A pain in the head.,active,,
bod-healthy,1364,healthy,adj,The body,In good physical and mental condition; free from disease.,active,,
bod-heart,1223,heart,n,The body,A muscular organ that pumps blood through the body.,active,,
bod-heel,980,heel,n,The body,The part of the human foot on the backside where it becomes the leg.,active,,
bod-hiccough,162,hiccough,v,The body,To have spasms of the diaphragm.,active,,
bod-hip,1745,hip,n,The body,The outward-projecting parts of the pelvis and top of the femur and the overlying tissue.,active,,
bod-hip-bone,2820,hip bone,n,The body,"Large, flat bone in the center.",active,,
bod-hoof,152,hoof,n,The body,Natural horn covering of an animal's foot.,active,,
bod-horn,1393,horn,n,The body,A hard growth of keratin that protrudes from the top of the head of certain animals.,active,,
bod-hump,534,hump,n,The body,A hump may refer to a camel's hump containing its fat reservoir or alternatively to the curve on an upper spine that causes a hunchback.,active,,
bod-hunchback,99,hunchback,n,The body,A person whose back is hunched because of abnormal curvature of the upper spine.,active,,
bod-hurt-or-pain,3864,hurt or pain,x,The body,"To experience an unpleasant physical sensation that is often the result of an injury, disease or other ailment; an unpleasant physical sensation itself.",active,,
bod-infected,548,infected,adj,The body,Referring to something that has received an infection.,active,,
bod-injure,44,injure,v,The body,To cause physical harm to a living creature.,active,,
bod-instep,3736,instep,n,The body,The arched part of the human foot between the ankle and the toes.,active,,
bod-intestines,1991,intestines,n,The body,The alimentary canal of an animal or human through which food passes after having passed all stomachs.,active,,
bod-itch,148,itch,n,The body,An unpleasant sensation on the skin that provokes the desire to scratch.,active,,
bod-itch-cause-itching-or-feel-itchy,3855,itch,v,The body,To have an unpleasant sensation on the skin that provokes the need to scratch; to be the cause of this sensation.,active,,
bod-itch-or-itchy-or-itching,3856,itch or itchy or itching,x,The body,"To have an unpleasant sensation on the skin that provokes the need to scratch or to be the cause of this sensation; the result of itching, i.e. an unpleasant sensation on the skin, or the property of having or producing such a sensation.",active,,
bod-jaw,798,jaw,n,The body,"Either of the two opposable structures forming, or near the entrance to, the mouth.",active,,
bod-joint,999,joint,n,The body,Any part of the body where two bones join.,active,,
bod-kidney,489,kidney,n,The body,An organ in the body that produces urine.,active,,
bod-kill,1417,kill,v,The body,To put to death; to end a life.,active,,
bod-knee,1371,knee,n,The body,"In man, the joint in the middle part of the leg.",active,,
bod-knuckle,2824,knuckle,n,The body,Joints of the fingers brought to prominence when hand is clenched.,active,,
bod-lame,320,lame,adj,The body,"Moving with pain or difficulty on account of injury, defect or temporary obstruction of a function.",active,,
bod-lap,3263,lap,n,The body,"The front area from waist to knees, especially when sitting.",active,,
bod-larynx,3714,larynx,n,The body,Organ on the upper end of the trachea.,active,,
bod-lazy,1564,lazy,adj,The body,Unwilling to do work or make an effort.,active,,
bod-lean,2219,lean,adj,The body,Carry little fat (of meat).,active,,
bod-left-hand,2182,left hand,n,The body,The left hand of a human.,active,,
bod-leg,1297,leg,n,The body,The limb of an animal (including humans) that extends from the groin to the ankle.,active,,
bod-leprosy,3624,leprosy,n,The body,An infectious disease caused by the bacteria Mycobacterium leprae that affects the skin as well as the peripheral nerves.,active,,
bod-lick,319,lick,v,The body,To stroke with the tongue.,active,,
bod-life,210,life,n,The body,The time between birth or conception and death.,active,,
bod-lip,478,lip,n,The body,Either of the two fleshy protrusions around the opening of the mouth.,active,,
bod-little-finger,2774,little finger,n,The body,The smallest of the five fingers.,active,,
bod-live,2309,live,v,The body,To be alive; to have a life.,merged,1422,
bod-liver,1224,liver,n,The body,"A large organ in the body that stores and metabolizes nutrients, destroys toxins and produces bile. Responsible for thousands of biochemical reactions.",active,,
bod-living,3000,living,adj,The body,Being alive.,merged,1422,
bod-loin,187,loin,n,The body,The part of the body (of humans and quadrupeds) each side of the backbone between the ribs and hips.,active,,
bod-long-hair,444,long hair,n,The body,Hair that is not cut.,active,,
bod-lower-arm,446,lower arm,n,The body,The part of the arm between the elbow and the hand.,active,,
bod-lower-back,3613,lower back,n,The body,"The lower part of the spine, also known as the lumbar region, which is situated between the rib cage and the pelvis.",active,,
bod-lower-leg,447,lower leg,n,The body,Part of the leg between the knee and the foot.,active,,
bod-lower-lip,3944,lower lip,n,The body,The lower fleshy protrusion around the opening of the mouth.,active,,
bod-lung,688,lung,n,The body,A biological organ that extracts oxygen from the air.,active,,
bod-mad-person,2321,mad person,n,The body,A person that has mental problems.,active,,
bod-malaria,3059,malaria,n,The body,"Infectious disease characterized by chills, fevers, and sweating, caused by a protozoan of the genus Plasmodium and transmitted by infected Anopheles mosquitoes.",active,,
bod-mane,1918,mane,n,The body,The long hair in the neck of horses and lions.,active,,
bod-marrow,1835,marrow,n,The body,The spongy tissue in the hollow parts of bones.,active,,
bod-measles,3389,measles,n,The body,"A contagious airborne disease caused by Measles morbillivirus and characterized by red rash, Koplik's spots, and fever.",active,,
bod-medicine,1372,medicine,n,The body,A substance which specifically promotes healing.,active,,
bod-menstruation,766,menstruation,n,The body,The period in the menstrual cycle when the endometrium is shed when conception did not take place.,active,,
bod-middle-finger,3387,middle finger,n,The body,The third and longest finger on the human hand.,active,,
bod-molar-tooth,1049,molar tooth,n,The body,A tooth located in the back of the mouth used for crushing and grinding food.,active,,
bod-moustache,1165,moustache,n,The body,A growth of facial hair between the nose and the upper lip.,active,,
bod-mouth,674,mouth,n,The body,Opening in the lower half of a human face which is used for food ingestion and articulation.,active,,
bod-muscle,1004,muscle,n,The body,An organ formed by contractile tissue that moves other organs.,active,,
bod-mute,1666,mute,adj,The body,Not making a sound.,active,,
bod-mute-person,2320,mute person,n,The body,A person that is not able to speak.,active,,
bod-naked,590,naked,adj,The body,Without clothing.,active,,
bod-nape,1347,nape,n,The body,The back part of the neck.,active,,
bod-nasal-mucus,208,nasal mucus,n,The body,Mucus from the nose.,active,,
bod-navel,1838,navel,n,The body,A scar where the umbilical cord was attached.,active,,
bod-neck,1333,neck,n,The body,"The part of the body (found in some animals, including humans) that connects the head and the trunk.",active,,
bod-nerve,2626,nerve,n,The body,"An enclosed, cable-like bundle of axons (nerve fibers, the long and slender projections of neurons) in the peripheral nervous system.",active,,
bod-nipple,796,nipple,n,The body,"The projection of a mammary gland from which, on female mammals, milk can be secreted.",active,,
bod-nose,1221,nose,n,The body,The organ of the face used to breath and smell.,active,,
bod-nostril,1178,nostril,n,The body,Either of the two orifices located on the nose (or on the beak of a bird); used as a passage for air and other gases to travel the nasal passages.,active,,
bod-oral-cavity,2674,oral cavity,n,The body,"Cavity that is limited by the lips in front, the cheeks on the side, the soft and hard palate at the top and the floor of the mouth below.",active,,
bod-ovary,3716,ovary,n,The body,The female sex organ which is often paired and produces eggs for procreation.,active,,
bod-palate,540,palate,n,The body,The palate is the roof of the mouth in humans and other mammals.,active,,
bod-palm-of-hand,1183,palm of hand,n,The body,The inner and somewhat concave part of the human hand that extends from the wrist to the bases of the fingers.,active,,
bod-pancreas,3252,pancreas,n,The body,An organ of the digestive system of vertebrates.,active,,
bod-pant,3614,pant,v,The body,To breathe quickly and loudly as a result of running or exercising.,active,,
bod-patient,3375,patient,n,The body,A person registered as a recipient of medical services.,active,,
bod-penis,1222,penis,n,The body,The male sexual organ for copulation and urination; the tubular portion of the male genitalia (excluding the scrotum).,active,,
bod-perspire-or-sweat,2458,perspire or sweat,x,The body,Either the action of sweating or the product.,active,,
bod-pharynx,3713,pharynx,n,The body,The inner part of the neck which starts after the oral and nasal cavity.,active,,
bod-phlegm,3061,phlegm,n,The body,"Mucus secreted by the respiratory tract, particularly during respiratory infections, usually thick and sticky.",active,,
bod-physician,597,physician,n,The body,"A person who has completed a study of medicine, and as such tries to diagnose and cure diseases in patients.",active,,
bod-pig-liver,2778,pig liver,n,The body,The liver of a pig.,active,,
bod-pig-tongue,2777,pig tongue,n,The body,The tongue of a pig.,active,,
bod-pimple,1809,pimple,n,The body,A result of a blockage of the skin's pore.,active,,
bod-piss,592,piss,v,The body,To allow urine to flow from the bladder out of the body.,active,,
bod-placenta,3388,placenta,n,The body,A vascular organ that is formed inside the womb to ensure the transfer of vital nutrients and regulation of metabolic exchange between mother and the foetus.,active,,
bod-point,2669,point,n,The body,To use the finger to show something to somebody.,active,,
bod-poison,655,poison,n,The body,"A substance which, when ingested, inhaled, or absorbed, or when applied to, injected into, or developed within the body, in relatively small amounts, may cause injury, harm, or destruction to organs, tissue, or life.",active,,
bod-poisonous,888,poisonous,adj,The body,That acts like a poison.,active,,
bod-pregnant,1123,pregnant,adj,The body,Carrying developing offspring within the body.,active,,
bod-pubic-hair,36,pubic hair,n,The body,"Dense, coarse hair that grows on the male and female genital area beginning in puberty.",active,,
bod-pulse,3267,pulse,n,The body,"The rhytmic contraction and expansion of arteries at each heart beat, often discernible at points such the wrists and the neck.",active,,
bod-pupil,1658,pupil,n,The body,Contractile aperture in iris.,active,,
bod-pus,1808,pus,n,The body,A whitish-yellow or yellow substance produced during inflammatory responses of the body that can be found in regions of pyogenic bacterial infections.,active,,
bod-rabid,2203,rabid,adj,The body,Suffering from rabies.,active,,
bod-rabies,2206,rabies,n,The body,A viral disease that causes acute inflammation of the brain in humans and other warm-blooded animals.,active,,
bod-recover,1978,recover,v,The body,To return to health and strength after illness.,active,,
bod-rest,168,rest,v,The body,"To cease working, moving or thinking for some time in order to relieve fatigue.",active,,
bod-rib,801,rib,n,The body,One of the long curved bones which form the rib cage.,active,,
bod-right-hand,2183,right hand,n,The body,The right hand of a human.,active,,
bod-ringworm,3171,ringworm,n,The body,"Dermatophytosis, fungal skin infection making round patches on the skin.",active,,
bod-saliva,1503,saliva,n,The body,A secretion from the salivary glands (found in the mouth) that can be spat out.,active,,
bod-scab,2664,scab,n,The body,A hard coating on the skin formed during the wound healing reconstruction phase.,active,,
bod-scabies,3172,scabies,n,The body,A contagious skin rash caused by the mite Sarcoptes scabiei.,active,,
bod-scald,3383,scald,v,The body,To cause an injury by contact with steam or hot liquid.,active,,
bod-scar,497,scar,n,The body,A permanent mark on the skin resulting from a wound.,active,,
bod-scratch,1436,scratch,v,The body,To rub or scrape (a part of the body) with a sharp object (e.g. to relieve an itching).,active,,
bod-scrotum,2834,scrotum,n,The body,Anatomical male reproductive structure.,active,,
bod-semen,2283,semen,n,The body,An organic fluid that may contain spermatozoa. It is secreted by the gonads (sexual glands) and other sexual organs of male or hermaphroditic animals and can fertilize female ova.,active,,
bod-shin,186,shin,n,The body,The front part of the leg below the knee.,active,,
bod-shit,676,shit,v,The body,To excrete faeces from one's body through the anus.,active,,
bod-shiver,52,shiver,v,The body,"To shake nervously, as if from fear.",active,,
bod-shoulder,1482,shoulder,n,The body,"One side of the top of the torso, where an arm attaches or joins.",active,,
bod-shoulderblade,172,shoulderblade,n,The body,A large flat bone located at the back of each shoulder.,active,,
bod-sick,1847,sick,adj,The body,Whose health is altered.,active,,
bod-side,3344,side,n,The body,The side of the body.,active,,
bod-skeleton,2668,skeleton,n,The body,The body part that forms the supporting structure inside of the human body or the body of animals.,active,,
bod-skin,763,skin,n,The body,"The tissue forming the outer covering of the vertebrate body: it consists of two layers, the outermost of which may be covered with hair, scales, feathers, etc. It is mainly protective and sensory in function.",active,,
bod-skin-human,2613,skin,n,The body,The outer tissue of human beings.,active,,
bod-skull,1605,skull,n,The body,The main bone of the head; the cranium.,active,,
bod-sleep,1585,sleep,v,The body,To rest in a state of decreased consciousness and reduced metabolism.,active,,
bod-sleepy,3620,sleepy,adj,The body,Feeling tired and willing to go to sleep.,active,,
bod-smallpox,1054,smallpox,n,The body,A highly contagious viral disease characterized by fever and weakness and skin eruption with pustules that form scabs that slough off leaving scars.,active,,
bod-sneeze,1621,sneeze,v,The body,"To expel air rapidly as a reflex, usually induced by an irritation in the nose.",active,,
bod-snore,1983,snore,v,The body,"To make a noise during sleep by vibration of soft respiratory tissues (soft palate, base of the tongue and pharyngeal walls), particularly during inhalation.",active,,
bod-sole,2666,sole,n,The body,The bottom of the foot.,active,,
bod-sore,51,sore,n,The body,"An injured, infected, inflamed or diseased patch of skin.",active,,
bod-sperm,1505,sperm,n,The body,Men's semen.,active,,
bod-spine,805,spine,n,The body,"The body part that consists of a row of vertebrae, that support the head and torso and that forms a canal for nerves.",active,,
bod-spit,1440,spit,v,The body,To forcefully evacuate saliva from the mouth.,active,,
bod-spleen,1744,spleen,n,The body,"A ductless vascular gland, located in the left upper abdomen near the stomach.",active,,
bod-squint-eyed,87,squint-eyed,adj,The body,Directed to one side with or as if with doubt or suspicion (used especially of glances).,active,,
bod-stab-to-death,3189,stab to death,v,The body,To kill by stabbing with a knife.,active,,
bod-sting,571,sting,v,The body,"To hurt, usually by introducing poison or a sharp point, or both.",active,,
bod-stinger,3798,stinger,n,The body,"The pointed stinging organ of an animal, usually an insect, which is able to penetrate skin. Sometimes used to inject poison.",active,,
bod-stomach,819,stomach,n,The body,"An organ in the body, involved in digestion of food.",active,,
bod-strength,202,strength,n,The body,"Muscular capacity to modify the speed of an external physical object, to deform it or to oppose another force.",active,,
bod-strong,785,strong,adj,The body,Capable of producing great physical force.,active,,
bod-suffer,1101,suffer,v,The body,"To physically feel a damage, a pain, a disease or a punishment.",active,,
bod-sunbathe,3131,sunbathe,v,The body,Sit or lie in the sun in order to tan the skin.,active,,
bod-sweat-perspire,126,sweat,v,The body,To secrete sweat.,active,,
bod-sweat-substance,125,sweat,n,The body,A fluid that is secreted by sweat glands in the skin in order to regulate body temperature.,active,,
bod-swelling,1903,swelling,n,The body,Abnormal protuberance or localized enlargement.,active,,
bod-tail,1220,tail,n,The body,The appendage of an animal that is attached to its posterior and near the anus.,active,,
bod-temples,1604,temples,n,The body,The region of the skull on either side of the forehead.,active,,
bod-tendon,1137,tendon,n,The body,Tissue that connects muscle to bone.,active,,
bod-testicles,797,testicles,n,The body,"The male sex gland that produces sperm and male hormones, found in some types of animals and humans.",active,,
bod-thigh,800,thigh,n,The body,The area between the pelvis and buttocks and the knee.,merged,471,
bod-throat,1346,throat,n,The body,The front part of the neck.,active,,
bod-thumb,1781,thumb,n,The body,The shortest and thickest of the fingers that can be placed against the others in order to create a firm grip.,active,,
bod-tickle,3647,tickle,v,The body,To move your fingers lightly on a sensitive part of somebody's body to make them feel uncomfortable and cause them to laugh.,active,,
bod-tinea,3173,tinea,n,The body,"Dermatophytosis, fungal skin infection making white spots/non-symmetrical white patches on the skin.",merged,3171,
bod-tip,443,tip,n,The body,The front part of the tongue.,active,,
bod-tired,1757,tired,adj,The body,"In need of some rest or sleep, due to lack of sleep or as a result of hard work or physical activity.",active,,
bod-toe,1389,toe,n,The body,One of the extremities of the foot.,active,,
bod-toenail,2662,toenail,n,The body,The hard keratin substance covering the tips of the feet of human beings.,active,,
bod-tongue,1205,tongue,n,The body,"The flexible muscular organ in the mouth that is used to move food around, for tasting and that is moved into various positions to modify the flow of air from the lungs in order to produce different sounds.",active,,
bod-tooth,1380,tooth,n,The body,"A hard, calcareous structure present in the mouth of many vertebrate animals (including humans), generally used for eating.",active,,
bod-torso,2667,torso,n,The body,"The central part of the human body, from which neck and limbs extend.",active,,
bod-udder,154,udder,n,The body,An organ in female quadruped mammals which consists of mammary glands and has several teats.,active,,
bod-ulcer,1189,ulcer,n,The body,"An open sore of the skin, eyes or mucous membrane, often caused by an initial abrasion and generally maintained by an inflammation and/or an infection.",active,,
bod-umbilical-cord,2663,umbilical cord,n,The body,A conduit between the developing embryo or fetus and the placenta.,active,,
bod-upper-arm,431,upper arm,n,The body,The part of the arm between the shoulder and the elbow.,active,,
bod-upper-back,445,upper back,n,The body,The upper part of the back.,active,,
bod-upper-leg,471,upper leg,n,The body,The part of the leg between the pelvis and the knee.,active,,
bod-urine,1142,urine,n,The body,"Liquid excrement consisting of water, salts and urea, which is made in the kidneys, stored in the bladder, then released through the urethra.",active,,
bod-uvula,2293,uvula,n,The body,A conic projection from the posterior edge of the middle of the soft palate.,active,,
bod-vagina,1836,vagina,n,The body,The lower part of the female reproductive tract; a moist canal in female mammals (including humans) extending from the labia minora to the uterus.,active,,
bod-vein,1924,vein,n,The body,A blood vessel that transports blood from the capillaries back to the heart.,active,,
bod-vomit,1278,vomit,v,The body,To regurgitate the contents of the stomach.,active,,
bod-vulva,1837,vulva,n,The body,"The external parts of the female genitalia, in human beings this consists of the labia, clitoris, opening of the urethra (meatus), and the opening of the vagina.",active,,
bod-waist,1681,waist,n,The body,"In human beings, the part between the thorax and hips.",active,,
bod-wake-up,1602,wake up,v,The body,To stop sleeping.,active,,
bod-wake-up-someone,3174,wake up,v,The body,Rouse from sleep.,active,,
bod-wart,2665,wart,n,The body,"Typically small, rough, and hard growths that are similar in color to the rest of the skin.",active,,
bod-weak,1601,weak,adj,The body,Lacking in force or ability.,active,,
bod-wing,1257,wing,n,The body,"The appendage of an animal's (bird, bat, insect) body that enables it to fly in the air.",active,,
bod-womb,804,womb,n,The body,"The major female reproductive organ of most mammals, including humans. It is a large muscle enveloping the phoetus during pregnancy.",active,,
bod-wound,1109,wound,n,The body,"A type of injury in which in skin or tisue is torn, cut,  punctured or otherwise hurt.",active,,
bod-wrinkle,2294,wrinkle,n,The body,"A fold, ridge or crease in the skin.",active,,
bod-wrist,799,wrist,n,The body,The flexible and narrower connection between the forearm and the hand.,active,,
bod-yawn,1028,yawn,v,The body,"To open the mouth widely and take a long, deep breath because of tiredness or boredom.",active,,
clo-adornment,1822,adornment,n,Clothing and grooming,Something that beautifies or adorns.,merged,917,
clo-apron,2046,apron,n,Clothing and grooming,"A piece of cloth or plastic, worn over the front of the clothes for protection against dirt.",active,,
clo-armlet,3149,armlet,n,Clothing and grooming,A band or bracelet worn round the upper part of a person's arm.,active,,
clo-awl,278,awl,n,Clothing and grooming,Pointed tool for marking or piercing wood or leather.,active,,
clo-bamboo-hat,2160,bamboo hat,n,Clothing and grooming,A hat made of bamboo (斗笠 dǒulì).,active,,
clo-barefoot,3737,barefoot,adj,Clothing and grooming,Not wearing anything on the feet.,active,,
clo-bead,1860,bead,n,Clothing and grooming,"A hard, rounded object produced within the soft tissue (specifically the mantle) of a living shelled mollusk.",active,,
clo-belt,772,belt,n,Clothing and grooming,"A clothing accessory, usually made of leather or heavy cloth, worn around the waist and used to support trousers or other articles of clothing.",active,,
clo-blouse,4018,blouse,n,Clothing and grooming,"An upper garment, which resembles a shirt, worn usually by women and girls.",active,,
clo-boot,585,boot,n,Clothing and grooming,A shoe that covers part of the leg.,active,,
clo-boubou,461,boubou,n,Clothing and grooming,"A flowing wide sleeved robe worn by men in much of West Africa, and to a lesser extent in North Africa.",active,,
clo-bra,4128,bra,n,Clothing and grooming,"Garment worn on the upper body, designed to support and cover female breasts.",active,,
clo-bracelet,1754,bracelet,n,Clothing and grooming,Piece of jewellery worn around the wrist.,active,,
clo-braid,1043,braid,n,Clothing and grooming,A hair style formed by interweaving three or more strands of hair.,active,,
clo-brush,1821,brush,n,Clothing and grooming,"An implement with a handle, and a head with multiple more or less flexible bristles, used for arranging hair.",active,,
clo-button,757,button,n,Clothing and grooming,A fastener consisting of a knob or disc that is passed through a slit in the adjacent material.,active,,
clo-cap,1288,cap,n,Clothing and grooming,"A usually soft and close-fitting head covering, either having no brim or with a visor.",active,,
clo-cloak,326,cloak,n,Clothing and grooming,"A long outer garment worn over the shoulders covering the back; a cape, often with a hood.",active,,
clo-cloth,1616,cloth,n,Clothing and grooming,"A woven fabric such as used in dressing, decorating, cleaning or other practical use.",active,,
clo-clothes,1895,clothes,n,Clothing and grooming,All coverings designed to be worn on a person's body.,active,,
clo-coat,603,coat,n,Clothing and grooming,An outer garment covering the upper torso and arms.,active,,
clo-collar,2012,collar,n,Clothing and grooming,The part of a garment that encircles the neck.,active,,
clo-comb,1475,comb,n,Clothing and grooming,A toothed implement for grooming the hair.,active,,
clo-comb-verb,2070,comb,v,Clothing and grooming,To groom the hair with a comb or a similar object.,active,,
clo-cotton,1850,cotton,n,Clothing and grooming,"Fiber obtained from plants of the genus Gossypium, used in making fabrics, cordage, and padding and for producing artificial fibers and cellulose.",active,,
clo-cushma,450,cushma,n,Clothing and grooming,A one-piece dress used by the Ashaninka Indians.,active,,
clo-decorate,1739,decorate,v,Clothing and grooming,"To make more attractive by adding ornament, colour, etc.",active,,
clo-dress,474,dress,n,Clothing and grooming,A one-piece garment for a woman that has a skirt and a body section.,active,,
clo-dress-up,814,dress up,v,Clothing and grooming,To clothe oneself; to put on clothes.,active,,
clo-dye,157,dye,v,Clothing and grooming,To modify the color of something by applying dye.,active,,
clo-earring,770,earring,n,Clothing and grooming,A piece of jewelry worn on the ear.,active,,
clo-fabric,4105,fabric,n,Clothing and grooming,"Material made by weaving, knitting, or otherwise producing cloth from fibers.",active,,
clo-felt,325,felt,n,Clothing and grooming,"A cloth or stuff made of matted fibres of wool, or wool and fur, fulled or wrought into a compact substance by rolling and pressure, with lees or size, without spinning or weaving.",active,,
clo-g-string,468,g-string,n,Clothing and grooming,"A thong underwear or swimsuit, a narrow piece of cloth, leather, or plastic, that covers or holds the genitals, passes between the buttocks, and is attached to a band around the hips.",active,,
clo-glove,867,glove,n,Clothing and grooming,"A garment for a hand, often extending to the wrist and sometimes up to the elbow, which either covers each finger individually, or separates the thumb from the other fingers.",active,,
clo-grass-skirt,328,grass-skirt,n,Clothing and grooming,"A skirt made from long dried grass, or synthetic material resembling it.",active,,
clo-handkerchief,1020,handkerchief,n,Clothing and grooming,"A piece of cloth, usually square and often fine and elegant, carried for wiping the face, nose or hands.",active,,
clo-hat,771,hat,n,Clothing and grooming,"An item of clothing intended to cover the head made from material hard enough to have a shape independant of the skull, and most commonly with a rim.",active,,
clo-headband,330,headband,n,Clothing and grooming,"A strip of fabric worn around the head, or a hair-accessory made of a flexible material and curved like a horseshoe, for holding one's hair back.",active,,
clo-headband-or-headdress,3457,headband or headdress,n,Clothing and grooming,An cloth or strip of cloth worn on or around the head.,active,,
clo-headdress,331,headdress,n,Clothing and grooming,A decorative covering or ornament worn on the head.,active,,
clo-headgear,2130,headgear,n,Clothing and grooming,Any element of clothing which is worn on one's head.,active,,
clo-hemp-cloth,2161,hemp cloth,n,Clothing and grooming,"A woven fabric such as used in dressing, decorating, cleaning or other practical use which is made from hemp.",active,,
clo-iron,3118,iron,v,Clothing and grooming,To make clothes smooth by brushing over them with a heated tool.,active,,
clo-jacket,2770,jacket,n,Clothing and grooming,A mid-stomach–length garment for the upper body.,active,,
clo-jewel,1029,jewel,n,Clothing and grooming,"A precious stone such as a diamond, a sapphire or an agate.",active,,
clo-leather,629,leather,n,Clothing and grooming,"The dressed or tanned hide of an animal, usually with the hair removed.",active,,
clo-linen,916,linen,n,Clothing and grooming,A material made from the fibers of the flax plant.,active,,
clo-lipstick,3093,lipstick,n,Clothing and grooming,"Stick containing wax, oil, or pigments used to apply colour to one's lips.",active,,
clo-loincloth,1965,loincloth,n,Clothing and grooming,A cloth worn to cover the loins.,active,,
clo-loom,1787,loom,n,Clothing and grooming,A frame or machine (made of wood or other material) in which a weaver forms cloth out of thread; a machine for interweaving yarn or threads into a fabric.,active,,
clo-mask,2005,mask,n,Clothing and grooming,"A cover, or partial cover, for the face, used for disguise or protection.",active,,
clo-mirror,1171,mirror,n,Clothing and grooming,"A smooth surface, usually made of glass with reflective material painted on the underside, that reflects light so as to give an image of what is in front of it.",active,,
clo-moccasin,3607,moccasin,n,Clothing and grooming,A shoe with a soft sole made from animal skin or leather.,active,,
clo-necklace,1961,necklace,n,Clothing and grooming,An article of jewelry that is worn around the neck.,active,,
clo-needle,1382,needle,n,Clothing and grooming,"A thin, sharp implement used in sewing, knitting and acupuncture.",active,,
clo-ointment,1926,ointment,n,Clothing and grooming,A semisolid preparation intended for external application to the skin or mucous membranes. (source: UMLS),active,,
clo-ornament,917,ornament,n,Clothing and grooming,An element of decoration.,active,,
clo-pacifier,3087,pacifier,n,Clothing and grooming,"An artificial teat made of rubber, plastic, or silicone put into an infant's mouth to calm it.",active,,
clo-pelt,3232,pelt,n,Clothing and grooming,"The hair-covered, dressed pelt of a mammal, used in the making of garments and as trimming or decoration.",active,,
clo-penis-sheath,2671,penis sheath,n,Clothing and grooming,Sheath to cover a penis.,active,,
clo-pin,64,pin,n,Clothing and grooming,"A small device, made (usually) of drawn-out steel wire with one end sharpened and the other flattened or rounded into a head, used for fastening.",active,,
clo-plait,333,plait,n,Clothing and grooming,"A flat fold; a doubling, as of cloth; a pleat.",active,,
clo-pocket,1851,pocket,n,Clothing and grooming,"A kind of pouch, which is accessible by an opening in an article of clothing and serves for storage; usually large enough in order to accommodate at least one hand.",active,,
clo-poncho,327,poncho,n,Clothing and grooming,"A simple garment, made from a rectangle of cloth, with a slit in the middle for the head.",active,,
clo-put-on,158,put on,v,Clothing and grooming,To put clothes onto ones body to wear them.,active,,
clo-quilt,2048,quilt,v,Clothing and grooming,To stitch or sew together.,active,,
clo-rag,332,rag,n,Clothing and grooming,"A piece of old cloth; a tattered piece of cloth; a shred, a tatter.",active,,
clo-raincoat,3712,raincoat,n,Clothing and grooming,A long jacket which is waterproof.,active,,
clo-razor,151,razor,n,Clothing and grooming,A bladed tool used for the removal of body hair through the act of shaving.,active,,
clo-ring,1374,ring,n,Clothing and grooming,A round piece of (precious) metal worn around the finger.,active,,
clo-robe,4141,robe,n,Clothing and grooming,"A loose-fitting outer garment, often long and flowing, typically worn for ceremonial, religious, or formal purposes.",active,,
clo-sarong,2413,sarong,n,Clothing and grooming,"A sarong or sarung is a large tube or length of fabric, often wrapped around the waist and worn by men and women throughout much of South Asia.",active,,
clo-scarf-or-turban,3066,scarf or turban,n,Clothing and grooming,"A garment, usually consisting of a long piece of cloth, wound around the head or neck or shoulders.",active,,
clo-sew,1457,sew,v,Clothing and grooming,"To pass thread repeatedly through fabric or a material, using a needle, in order to join two or more parts or to make a pattern or motif.",active,,
clo-shave,231,shave,v,Clothing and grooming,To cut the hair close to the skin with a razor.,active,,
clo-shawl,2771,shawl,n,Clothing and grooming,A garment which is wrapped around the neck to prevent from cold.,active,,
clo-shirt,1622,shirt,n,Clothing and grooming,"An article of clothing that is worn on the upper part of the body, and often has sleeves, either long or short, that cover the arms.",active,,
clo-shoe,1381,shoe,n,Clothing and grooming,"A protective covering for the foot, with a bottom part composed of thick leather or plastic sole and often a thicker heel, and a softer upper part made of leather or synthetic material. Shoes generally do not extend above the ankle, as opposed to boots, which do.",active,,
clo-shoemaker,875,shoemaker,n,Clothing and grooming,A person whose profession is making and repairing footwear.,active,,
clo-shuttle,543,shuttle,n,Clothing and grooming,"Device used in weaving to carry the weft, moving continuously to-and-fro.",active,,
clo-silk,1641,silk,n,Clothing and grooming,"One of the finest textiles, obtained from cocoons of certain species of caterpillars; it is soft, very strong and absorbent and has a brilliant sheen.",active,,
clo-skirt,1600,skirt,n,Clothing and grooming,"An article of clothing, usually worn by women and girls, that hangs from the waist and covers the lower part of the body.",active,,
clo-sleeve,2953,sleeve,n,Clothing and grooming,Part of a garment covering the arm.,active,,
clo-snowshoe,233,snowshoe,n,Clothing and grooming,Footwear for walking over the snow.,active,,
clo-soap,788,soap,n,Clothing and grooming,"A cleansing agent, manufactured in bars, granules, flakes, or liquid form, made from a mixture of the sodium salts of various fatty acids of natural oils and fats.",active,,
clo-sock,1522,sock,n,Clothing and grooming,"A knitted or woven covering for the foot, reaching no higher than just above the ankle.",active,,
clo-spin,121,spin,v,Clothing and grooming,"To make (yarn) by drawing out, twisting, and winding fibers.",active,,
clo-spindle,277,spindle,n,Clothing and grooming,A stick used in spinning fiber into thread.,active,,
clo-stocking,329,stocking,n,Clothing and grooming,"A soft garment worn on the foot and lower leg, usually knit or woven, worn under shoes or other footwear.",active,,
clo-straw-raincoat,3540,straw raincoat,n,Clothing and grooming,"A traditional East Asian garment made out of straw, worn against the rain. In Japanese it's called mino.",active,,
clo-straw-sandal,2047,straw sandal,n,Clothing and grooming,"An open type of outdoor footwear leaving most of the upper part of the foot exposed, particularly the toes.",active,,
clo-suit,764,suit,v,Clothing and grooming,(Of an object) To be of the right size and shape so as to match another object.,active,,
clo-sunglasses,3100,sunglasses,n,Clothing and grooming,Form of glasses with tinted lenses to protect one's eyes from sunlight.,active,,
clo-sweater,4035,sweater,n,Clothing and grooming,"A knitted jacket or pullover, usually warm and long-sleeved.",active,,
clo-tailor,881,tailor,n,Clothing and grooming,Someone who professionally manufactures clothing.,active,,
clo-tattoo,68,tattoo,n,Clothing and grooming,A marking made by inserting ink into the layers of skin to change the pigment permanently for decorative or other reasons.,active,,
clo-thimble,4143,thimble,n,Clothing and grooming,"A small protective cap, typically made of metal, plastic, or leather, worn on the finger to push a needle while sewing.",active,,
clo-thread,1161,thread,n,Clothing and grooming,"A long, thin and flexible form of material, generally with a round cross-section, used in sewing, weaving or in the construction of string.",active,,
clo-towel,1021,towel,n,Clothing and grooming,Piece of absorbent fabric or paper used for drying or wiping.,active,,
clo-trousers,809,trousers,n,Clothing and grooming,An item of clothing worn on the lower part of the body and covering both legs separately.,active,,
clo-umbrella,3105,umbrella,n,Clothing and grooming,Portable folding canopy used for protection against weather influences.,active,,
clo-undress,1755,undress,v,Clothing and grooming,"To take off all of one's clothes, or to take off a piece of clothing or similar.",active,,
clo-veil,1151,veil,n,Clothing and grooming,A head covering.,active,,
clo-vest,3140,vest,n,Clothing and grooming,A piece of clothing for the upper body without sleeves and usually worn over a shirt.,active,,
clo-wear,976,wear,v,Clothing and grooming,Fix clothes on your body and carry them.,active,,
clo-wear-on-head,3428,wear,v,Clothing and grooming,Wear an object for shelter on the head.,active,,
clo-weave,133,weave,v,Clothing and grooming,To create a fabric by interlacing threads.,active,,
clo-wool,964,wool,n,Clothing and grooming,"The soft, curly hair that forms the fleece of sheep, lamas and other animals and which is used to produce clothing.",active,,
clo-wrapper,462,wrapper,n,Clothing and grooming,A colorful women's garment widely worn in West Africa.,active,,
clo-wristband,3943,wristband,n,Clothing and grooming,An article used as an adornment around the wrist,active,,
clo-yarn,3445,yarn,n,Clothing and grooming,Consists of multiple strings of natural or synthetic fibre twisted together in a continuous bulky thread; used in textile production.,active,,
cog-agreement,3644,agreement,n,Cognition,The state of sharing the same feeling or opinion.,active,,
cog-and,1577,and,x,Cognition,Used to connect two homogeneous words or phrases.,active,,
cog-attentive,1908,attentive,adj,Cognition,Giving attention.,active,,
cog-be-ignorant,2651,be ignorant,v,Cognition,Be in a state of not knowing something.,active,,
cog-because,1157,because,x,Cognition,Conjunction initiating a causal phrase.,active,,
cog-believe,1890,believe,v,Cognition,To be confident about something.,active,,
cog-betray,1902,betray,v,Cognition,To harm someone or hurt their feelings by violating their trust or being disloyal to them.,active,,
cog-by-heart,71,by heart,x,Cognition,"Completely and faithfully, refering to something that has been learnt and memorized.",active,,
cog-cause,860,cause,n,Cognition,That which brings about any condition or produces any effect.,active,,
cog-certain,509,certain,adj,Cognition,Without any doubt or possibility of deviation.,active,,
cog-check,1975,check,v,Cognition,To see if something is correct.,active,,
cog-clear,989,clear,adj,Cognition,Free of ambiguity or doubt.,active,,
cog-clever,1310,clever,adj,Cognition,Mentally agile.,active,,
cog-competence,4123,competence,n,Cognition,The ability or skill to perform a task effectively and successfully.,active,,
cog-concept,3966,concept,n,Cognition,A particular object of thought formulated as an abstract or general idea.,active,,
cog-confused,3858,confused,adj,Cognition,Being in a state of not exactly knowing or understanding what is happening; bewildered; perplexed.,active,,
cog-content,3967,content,n,Cognition,"In its physical sense, substance held by a recipient. In its cognitive sense, information or substance matter of a given subject.",active,,
cog-cunning,2335,cunning,adj,Cognition,To be smart and witty.,active,,
cog-deceive,3230,deceive,v,Cognition,"To trick someone by making them believe something that is not true or by acting in a dishonest way, usually in order to take advantage of it.",active,,
cog-decide,685,decide,v,Cognition,"To reach, make, or come to a decision about something.",active,,
cog-detect,3895,detect,v,Cognition,To notice or recognize something that is not particularly obvious.,active,,
cog-development,4076,development,n,Cognition,"The process of growth, progress, or change in various domains, including technical, physical, emotional, cognitive, social, cultural, economic, or biological aspects.",active,,
cog-difficult,584,difficult,adj,Cognition,"Not easy, which needs hard work, patience and effort of either the physical or mental kind.",active,,
cog-doubt,1308,doubt,n,Cognition,Uncertainty about the truth or accuracy of a matter.,active,,
cog-doubt-something,3536,doubt,v,Cognition,Be unsure about the truth or accuracy of a matter.,active,,
cog-easy,686,easy,adj,Cognition,Requiring little skill or effort; posing no difficulty.,active,,
cog-effect,3968,effect,n,Cognition,The manifestation of the particular influence of a given action on something.,active,,
cog-err,839,err,v,Cognition,To make a mistake.,active,,
cog-experienced,2218,experienced,adj,Cognition,"To have apprehended objects, thoughts, or emotions through senses and mind.",active,,
cog-explain,1626,explain,v,Cognition,"To inform about the reason for something, how something works, or how to do something.",active,,
cog-few-pieces,3451,few pieces,x,Cognition,"More than one, but not as many as usual or as expected. (for countable nouns)",active,,
cog-find-out,2237,find out,v,Cognition,To apprehend something involuntarily.,active,,
cog-foreign,109,foreign,adj,Cognition,Not belonging to that in which it is contained; introduced from an outside source.,active,,
cog-forget,1523,forget,v,Cognition,To lose memory of something.,active,,
cog-grow-up,552,grow up,v,Cognition,To mature and become an adult.,active,,
cog-guess,1932,guess,v,Cognition,"To suppose, to estimate or to make a surmise.",active,,
cog-hesitate,3629,hesitate,v,Cognition,To hold back from saying or doing something because of doubt or uncertainty.,active,,
cog-how,1239,how,x,Cognition,In what way?,active,,
cog-how-many,822,how many,x,Cognition,Which quantity?,active,,
cog-how-many-pieces,3450,how many pieces,x,Cognition,Which quantity? (for countable nouns),active,,
cog-how-much,531,how much,x,Cognition,Which quantity? (for mass nouns),active,,
cog-idea,1609,idea,n,Cognition,A plan or notion that is formed and exists in the mind as a result of mental activity.,active,,
cog-identity,3960,identity,n,Cognition,"A persisting state of being the same for an entity or someone, from an objective or a subjective standpoint. Commonly referring to an individual's self-sense of being as a distinct person.",active,,
cog-if,1459,if,x,Cognition,[The introduction of a condition or decision.],active,,
cog-ignore,41,ignore,v,Cognition,To be ignorant of or in the dark about.,active,,
cog-imagine,3879,imagine,v,Cognition,To form a mental image of (something not present).,active,,
cog-imitate,117,imitate,v,Cognition,To follow as a model or a pattern.,active,,
cog-induce,61,induce,v,Cognition,To encourage into action; to cause to act in a specified manner.,active,,
cog-intelligence,4087,intelligence,n,Cognition,"The ability to learn, understand, and apply knowledge, solve problems, and reason effectively.",active,,
cog-intend,22,intend,v,Cognition,"To assign for a specific end, use, or purpose; to design or destine.",active,,
cog-intention,1162,intention,n,Cognition,An anticipated outcome that is intended to obtain or that guides your planned actions.,active,,
cog-investigate,2010,investigate,v,Cognition,To look into carefully in order to uncover (find) facts or information.,active,,
cog-kind,844,kind,n,Cognition,A category of things distinguished by a common characteristic or quality.,active,,
cog-know,3626,know,v,Cognition,To have met and recognize somebody or to be certain or sure about something.,active,,
cog-know-how,2238,know how,v,Cognition,To be able to do something which requires or could require that one would learn it before.,active,,
cog-know-somebody,2248,know,v,Cognition,To have met and recognize somebody.,active,,
cog-know-something,1410,know,v,Cognition,To be sure about something or be acquainted with something.,active,,
cog-knowledge,3874,knowledge,n,Cognition,The fact or state of knowing something or being familiar with a certain type of technique.,active,,
cog-learn,504,learn,v,Cognition,"To acquire, or attempt to acquire knowledge or an ability to do something.",active,,
cog-mad,1899,mad,adj,Cognition,Mentally ill.,active,,
cog-main,1078,main,x,Cognition,The most important element.,active,,
cog-manner,488,manner,n,Cognition,Way of performing or effecting anything.,active,,
cog-many-pieces,3453,many pieces,x,Cognition,An indefinite large number of. (for countable nouns),active,,
cog-memory,1018,memory,n,Cognition,The ability of an organism to record information combined with the facility of recall.,active,,
cog-mind,1562,mind,n,Cognition,The ability for rational thought.,active,,
cog-much,3452,much,x,Cognition,An indefinite large number of. (for mass nouns),active,,
cog-necessary,1030,necessary,x,Cognition,Needed for a purpose or a reason.,active,,
cog-necessity,422,necessity,n,Cognition,Something that needs to be done.,active,,
cog-need-noun,643,need,n,Cognition,The fact or an instance of feeling the lack of something.,active,,
cog-need-something,2339,need,x,Cognition,Feeling the desire or the urge for something.,active,,
cog-no,1269,no,x,Cognition,A word used to show disagreement of something.,active,,
cog-no-or-not,2279,no or not,x,Cognition,A word used to show disagreement with something or to negate something.,active,,
cog-obscure,1764,obscure,adj,Cognition,"Known vaguely or incompletely, if at all.",active,,
cog-obstinate,1842,obstinate,adj,Cognition,Persisting in a reactionary stand.,active,,
cog-opinion,4113,opinion,n,Cognition,"A personal belief, judgment, or view about a particular matter, which may or may not be based on fact.",active,,
cog-or,1014,or,x,Cognition,[Conjunction that indicates an alternative.],active,,
cog-plan,3630,plan,n,Cognition,"A method or a set of arrangements, needed to achieve a specific goal.",active,,
cog-pretend,3631,pretend,v,Cognition,To behave in such a way that makes someone believe something that is not true.,active,,
cog-pupil,753,pupil,n,Cognition,A student under the supervision of a teacher or professor.,active,,
cog-quality,4078,quality,n,Cognition,"A property or characteristic of a person, object, or substance that can be judged, measured, or perceived.",active,,
cog-reality,4119,reality,n,Cognition,"The state of things as they actually exist, rather than as they may appear or be imagined.",active,,
cog-relationship,3959,relationship,n,Cognition,"The way in which two elements or individuals are connected, usually in a social or affective sense.",active,,
cog-remember,707,remember,v,Cognition,To recall from memory.,active,,
cog-result-in,1723,result in,v,Cognition,"Having a specific result, a logical consequence.",active,,
cog-school,673,school,n,Cognition,An institution or building at which children and young people receive education.,active,,
cog-science,4095,science,n,Cognition,"The systematic study of natural, social, or formal phenomena through observation, experimentation, reasoning, and theorizing to understand patterns and establish reliable principles.",active,,
cog-secret,1121,secret,adj,Cognition,Being or kept hidden from public perception.,active,,
cog-seem,1521,seem,v,Cognition,To have a given outward appearance.,active,,
cog-smart,2530,smart,adj,Cognition,To be of high intelligence.,active,,
cog-strange,600,strange,adj,Cognition,Out of the ordinary.,active,,
cog-study,1929,study,v,Cognition,To follow a course of study; to be enrolled at an institute of learning.,active,,
cog-stupid,1518,stupid,adj,Cognition,Lacking in intelligence.,active,,
cog-succeed,1112,succeed,v,Cognition,To attain a desired goal.,active,,
cog-suspect,1841,suspect,v,Cognition,To assume something to be true without direct evidence.,active,,
cog-suspicion,3197,suspicion,n,Cognition,An assumption without direct evidence.,active,,
cog-system,3957,system,n,Cognition,A set of connected elements that form a whole by virtue of their interrelatedness and function.,active,,
cog-talent,4084,talent,n,Cognition,"A natural ability or skill that someone can use to perform tasks well. Examples can include playing music, solving problems, or creating art.",active,,
cog-teach,709,teach,v,Cognition,To pass on knowledge and skills.,active,,
cog-teacher,1038,teacher,n,Cognition,"A person who passes on knowledge, especially one employed in a school.",active,,
cog-think,2271,think,v,Cognition,Use ones mental power to form ideas or having used ones mental power to form ideas of conviction or belief.,active,,
cog-think-believe,1513,think,v,Cognition,"To have as opinion, belief, or idea.",active,,
cog-think-reflect,1415,think,v,Cognition,"To actively and consciously use one's mental powers, usually to form ideas.",active,,
cog-thought,2975,thought,n,Cognition,Thought refers to ideas or arrangements of ideas that are the result of the process of thinking.,active,,
cog-try,1812,try,v,Cognition,To attempt to do something.,active,,
cog-understand,1536,understand,v,Cognition,To be aware of the meaning of.,active,,
cog-what,1236,what,x,Cognition,Which thing.,active,,
cog-when,1238,when,x,Cognition,At what time?,active,,
cog-where,1237,where,x,Cognition,At what place?,active,,
cog-which,727,which,x,Cognition,What one or ones (of those mentioned or implied).,active,,
cog-who,1235,who,x,Cognition,What person or people; which person or people.,active,,
cog-who-or-what,2147,who or what,x,Cognition,What person or which thing.,active,,
cog-why,1270,why,x,Cognition,For what reason.,active,,
cog-wisdom,4040,wisdom,n,Cognition,"The ability to make sound decisions and judgments based on knowledge, experience, and understanding, often developed over time and with age, and incorporating insight into complex situations.",active,,
cog-wise,698,wise,adj,Cognition,Showing good judgement or the benefit of experience.,active,,
cog-yes,1268,yes,x,Cognition,A word used to show agreement or affirmation of something.,active,,
emo-affection,4093,affection,n,Emotions and values,"A gentle feeling of fondness, care, or attachment toward someone or something, often expressed in small gestures or attention, not necessarily, but possibly, romantic.",active,,
emo-agony,4122,agony,n,Emotions and values,Intense physical or mental pain and suffering.,active,,
emo-amazing,1863,amazing,adj,Emotions and values,Causing great surprise or sudden wonder.,active,,
emo-amusement,3850,amusement,n,Emotions and values,A feeling caused by doing or watching something entertaining or funny.,active,,
emo-anger,82,anger,n,Emotions and values,Belligerence aroused by a real or supposed wrong (personified as one of the deadly sins).,active,,
emo-angry,1826,angry,adj,Emotions and values,"Irritated, in a temper, feeling or displaying anger.",active,,
emo-anxiety,1000,anxiety,n,Emotions and values,"An unpleasant complex combination of emotions that includes fear, apprehension and worry, and is often accompanied by physical sensations such as palpitations, nausea, chest pain and/or shortness of breath.",active,,
emo-anxious,3869,anxious,adj,Emotions and values,To feel uneasiness of mind caused by anxiety.,active,,
emo-arrogant,4067,arrogant,adj,Emotions and values,Having an exaggerated sense of one’s own importance or abilities; displaying overbearing pride or self-confidence.,active,,
emo-ashamed,1894,ashamed,adj,Emotions and values,Feeling shame or guilt.,active,,
emo-astonished,1900,astonished,adj,Emotions and values,Filled with the emotional impact of overwhelming surprise or shock.,merged,1572,
emo-awe,3851,awe,n,Emotions and values,A feeling of deep respect mixed with slight fear or wonder.,active,,
emo-bad,1292,bad,adj,Emotions and values,Not good; unfavorable; negative.,active,,
emo-bad-luck,56,bad luck,n,Emotions and values,An undesirable event such as an accident.,active,,
emo-bad-or-evil,3764,bad or evil,adj,Emotions and values,"Not good; unfavorable; negative, or intending to harm or being/acting ethically wrong.",active,,
emo-be-angry,2223,be angry,v,Emotions and values,Be in an angry state.,active,,
emo-beautiful,1427,beautiful,adj,Emotions and values,"Having nice or positive properties (specifically with regard to the senses, and most commonly, that of sight).",active,,
emo-beauty,4051,beauty,n,Emotions and values,"A quality or combination of qualities that pleases the senses or the mind, especially through harmony, balance, or appearance",active,,
emo-become-angry,2215,become angry,v,Emotions and values,To turn into an angry mental state.,active,,
emo-blame,381,blame,n,Emotions and values,Accusation for something negative or undesirable.,active,,
emo-blame-somebody,2716,blame,v,Emotions and values,To hold somebody responsible for something.,active,,
emo-boring,905,boring,adj,Emotions and values,Causing boredom.,active,,
emo-bother,2869,bother,v,Emotions and values,To annoy persistently.,active,,
emo-brave,3,brave,adj,Emotions and values,Having or characterized by courage.,active,,
emo-brutal,4104,brutal,adj,Emotions and values,"Extremely harsh, violent, or cruel in nature or behavior.",active,,
emo-calm,258,calm,adj,Emotions and values,Having a peaceful feeling or not being upset.,active,,
emo-chaos,4056,chaos,n,Emotions and values,"A state of complete disorder, confusion, or unpredictability, often lacking any clear pattern or organization.",active,,
emo-cheerful,4037,cheerful,adj,Emotions and values,"Having a feeling of happiness, positivity or being in good spirits.",active,,
emo-choose,1750,choose,v,Emotions and values,To make a choice from a number of alternatives.,active,,
emo-comfort,4112,comfort,n,Emotions and values,"A state of physical or emotional ease; relief from pain, distress, or worry.",active,,
emo-comfortable,4111,comfortable,adj,Emotions and values,Feeling physically or mentally at ease; free from discomfort or distress.,active,,
emo-commend,3455,commend,v,Emotions and values,To express approval or admiration.,active,,
emo-concentration,3852,concentration,n,Emotions and values,The ability to direct all the attention to one thing or activity.,active,,
emo-confidence,4118,confidence,n,Emotions and values,"A feeling of trust or assurance in oneself, one’s abilities, or the reliability of someone or something.",active,,
emo-confusion,3853,confusion,n,Emotions and values,A feeling of uncertainty about what to do or what is happening.,active,,
emo-contempt,3844,contempt,n,Emotions and values,A feeling of ultimate disgust and a complete lack of respect towards somebody.,active,,
emo-contemptible,1,contemptible,adj,Emotions and values,Deserving of contempt or scorn.,active,,
emo-correct,1725,correct,adj,Emotions and values,To be in accordance with expectations.,active,,
emo-courage,3049,courage,n,Emotions and values,A state or quality of mind that enables to face danger and fear; bravery.,active,,
emo-coward,1319,coward,n,Emotions and values,A person who lacks courage.,active,,
emo-cowardly,3812,cowardly,adj,Emotions and values,Not being brave or courageous; an attribute describing someone who is easily frightened or disheartened in the face of difficulty or danger.,active,,
emo-cruel,500,cruel,adj,Emotions and values,Indifference towards the suffering of another and even deriving a positive feeling from it.,active,,
emo-cry,1839,cry,v,Emotions and values,To shed tears due to the impact of an emotion.,active,,
emo-curious,3633,curious,adj,Emotions and values,Having a strong desire to learn about things and people around.,active,,
emo-danger,1810,danger,n,Emotions and values,A situation that constitutes an immediate risk for injury on a person or property.,active,,
emo-dangerous,3466,dangerous,adj,Emotions and values,Capable of injuring or harming someone.,active,,
emo-dare,1779,dare,v,Emotions and values,To have enough courage (to do something).,active,,
emo-dear,2470,dear,adj,Emotions and values,Beloved or loved.,active,,
emo-deceit,13,deceit,n,Emotions and values,The act or practice of deceiving.,active,,
emo-delight,1271,delight,v,Emotions and values,To give pleasure to; to make happy or satisfied.,active,,
emo-depressed,3973,depressed,adj,Emotions and values,"A mental state of despondency, unhappinness, or hopelessness.",active,,
emo-depression,3877,depression,n,Emotions and values,A state of feeling sad that can become a chronic illness.,active,,
emo-desire,2117,desire,v,Emotions and values,"To want to do something, to wish for something to happen, or to have affection for someone.",active,,
emo-diligent,2077,diligent,adj,Emotions and values,Being busy-working.,active,,
emo-disappointment,3845,disappointment,n,Emotions and values,A feeling of sadness because something did not happen the way it was expected or did not happen at all.,active,,
emo-discipline,3962,discipline,n,Emotions and values,"The ability and training of self-control and diligence, usually in abiding by a set of rules.",active,,
emo-disgust,2465,disgust,n,Emotions and values,The feeling that one gets when seeing something rotten.,active,,
emo-disgusting,2507,disgusting,adj,Emotions and values,Creating disgust in somebody.,active,,
emo-disobedient,3813,disobedient,adj,Emotions and values,Refusing to obey what someone in authority is requesting.,active,,
emo-disturb,2883,disturb,v,Emotions and values,Interfere with somebody.,active,,
emo-dreadful,528,dreadful,adj,Emotions and values,Causing dread; very bad.,active,,
emo-elegant,4099,elegant,adj,Emotions and values,"Displaying refined grace, style, or beauty in appearance, manner, or design.",active,,
emo-embrace,928,embrace,v,Emotions and values,To squeeze someone in one's arms.,active,,
emo-emotional,3761,emotional,adj,Emotions and values,"Having any strong feeling, as of joy, sorrow, or fear.",active,,
emo-envy,40,envy,n,Emotions and values,"A feeling of discontent or covetousness with regard to another's advantages, success, possessions, etc.",active,,
emo-evil,45,evil,adj,Emotions and values,Intending to harm or being/acting ethically wrong.,active,,
emo-exact,1466,exact,adj,Emotions and values,Without diversion from the desired or agreed specification; neither exceeding nor failling short in any way.,active,,
emo-excited,3972,excited,adj,Emotions and values,"Having a feeling of enthusiasm or full of energy, often arising when something good is happening or about to happen.",active,,
emo-excitement,3846,excitement,n,Emotions and values,A feeling of extreme but short-term happiness.,active,,
emo-faithful,100,faithful,adj,Emotions and values,Steadfast in affection.,active,,
emo-false,3069,false,adj,Emotions and values,Not concurring with a given set of facts; fake; unreal.,active,,
emo-familiar,3005,familiar,adj,Emotions and values,Knowing somebody or something well.,active,,
emo-fault,134,fault,n,Emotions and values,Responsibility for a wrong act done deliberately or a good act omitted deliberately.,active,,
emo-fear-be-afraid,1419,fear,v,Emotions and values,To be scared of; to have an uncontrollable emotion of anxiety about something that causes a scared reaction or frightening impression.,active,,
emo-fear-fright,781,fear,n,Emotions and values,An emotion experienced in anticipation of some specific pain or danger.,active,,
emo-fear-or-frighten,2109,fear or frighten,v,Emotions and values,To be scared or to scare someone.,active,,
emo-flirt,494,flirt,v,Emotions and values,"To talk or behave amorously, without serious intentions.",active,,
emo-forgive,1528,forgive,v,Emotions and values,To stop blaming someone for an offense.,active,,
emo-fun,4062,fun,n,Emotions and values,"A feeling or experience of enjoyment, amusement, or lighthearted pleasure, often arising from engaging activities or social interactions.",active,,
emo-funny,4038,funny,adj,Emotions and values,"Causing laughter and amusement caused by jokes, humor or unexpected situations.",active,,
emo-generous,3632,generous,adj,Emotions and values,"Willing to give more than expected, especially money.",active,,
emo-gentle,1954,gentle,adj,Emotions and values,Tender and amiable; of a considerate or kindly disposition.,active,,
emo-gloomy,1552,gloomy,adj,Emotions and values,A bit sad.,active,,
emo-good,1035,good,adj,Emotions and values,Having desired or positive qualities.,active,,
emo-good-luck,720,good luck,n,Emotions and values,Something positive that happens to someone by chance.,active,,
emo-greedy,2018,greedy,adj,Emotions and values,"Excessively desirous of money, wealth or possessions.",active,,
emo-grief,1668,grief,n,Emotions and values,"Mental suffering or pain caused by injury, loss, or despair.",active,,
emo-grieve,1955,grieve,v,Emotions and values,To express deep sorrow for.,active,,
emo-groan,716,groan,v,Emotions and values,"To utter a low, guttural sound of frustration.",active,,
emo-guilt,4125,guilt,n,Emotions and values,A negative emotional state arising from the belief or awareness that one has committed a wrong or violated a moral or social standard.,active,,
emo-handsome,3814,handsome,adj,Emotions and values,Used to describe a person that is attractive and pleasing in appearance.,active,,
emo-happiness,2941,happiness,n,Emotions and values,"In philosophy, happiness translates the Greek concept of eudaimonia, and refers to the good life, or flourishing, rather than simply an emotion.",active,,
emo-happy,1495,happy,adj,Emotions and values,"Having a feeling of satisfaction, enjoyment or well-being, often arising from a positive situation or set of circumstances.",active,,
emo-hate,1607,hate,v,Emotions and values,To dislike intensely; to feel strong hostility towards.,active,,
emo-hate-loathing,3749,hate,n,Emotions and values,A strong feeling of dislike for something or somebody.,active,,
emo-honest,1120,honest,adj,Emotions and values,Not disposed to cheat or defraud.,active,,
emo-hope,1092,hope,v,Emotions and values,To want something to happen or the belief in the possibility that something one wants will happen.,active,,
emo-hope-faith,3211,hope,n,Emotions and values,The belief in the possibility that something one wants will happen.,active,,
emo-hope-something,3212,hope,v,Emotions and values,To want something to happen.,active,,
emo-hostility,3955,hostility,n,Emotions and values,"An aversion, feeling of rivalry, or aggressiveness experienced by an individual or group towards another.",active,,
emo-humble,4069,humble,adj,Emotions and values,Having or showing a modest or low view of one’s own importance; not proud or arrogant.,active,,
emo-impatient,3885,impatient,adj,Emotions and values,Becoming irritable in difficult situations or during long waiting times.,active,,
emo-important,1285,important,adj,Emotions and values,Having relevant and crucial value.,active,,
emo-inclination,918,inclination,n,Emotions and values,A likelihood of behaving in a particular way or going in a particular direction.,active,,
emo-indifferent,4052,indifferent,adj,Emotions and values,"Lacking interest, concern, or sympathy toward something; showing no strong positive or negative reaction.",active,,
emo-insolent,91,insolent,adj,Emotions and values,Unrestrained by convention or propriety.,active,,
emo-jealous,2821,jealous,adj,Emotions and values,Feeling insecure over an anticipated loss of status or affection in a human connection.,active,,
emo-jealousy,2016,jealousy,n,Emotions and values,"A jealous feeling, disposition, state, or mood.",active,,
emo-joy,2524,joy,n,Emotions and values,Mental happiness.,active,,
emo-keen,39,keen,adj,Emotions and values,Full of or characterized by enthusiasm.,active,,
emo-kind,3299,kind,adj,Emotions and values,Being nice and giving off the impression of benevolence.,active,,
emo-kind-or-polite,583,kind or polite,adj,Emotions and values,Being nice and giving off the impression of benevolence or keeping to a given society's standards of social manners in order to show respect.,active,,
emo-kindness,3468,kindness,n,Emotions and values,"The quality of being caring, generous and helpful towards other people.",active,,
emo-kiss,578,kiss,v,Emotions and values,To touch with the lips to express love or affection.,active,,
emo-kiss-noun,3454,kiss,n,Emotions and values,The action of touching with the lips to express love or affection.,active,,
emo-laugh,1355,laugh,v,Emotions and values,"To express pleasure, mirth or derision by peculiar movement of the muscles of the face, particularly of the mouth, causing a lighting up of the face and eyes, and usually accompanied by the emission of explosive or chuckling sounds from the chest and throat.",active,,
emo-laughter,2958,laughter,n,Emotions and values,"Laughter is a physical reaction in humans and some other species of primate, consisting typically of rhythmical, often audible contractions of the diaphragm and other parts of the respiratory system.",active,,
emo-lie-falsehood,2826,lie,n,Emotions and values,Intentionally false statement for the purpose of deception.,active,,
emo-lie-mislead,601,lie,v,Emotions and values,To knowingly say something that is untrue.,active,,
emo-like,1117,like,v,Emotions and values,"To enjoy, be in favor/favour of.",active,,
emo-lively,4107,lively,adj,Emotions and values,"Full of energy, activity, or spirited movement; animated or vibrant.",active,,
emo-lonely,4096,lonely,adj,Emotions and values,"Experiencing a state of being alone or isolated, often accompanied by a desire for company or connection.",active,,
emo-longing,2960,longing,n,Emotions and values,The strong desire for something.,active,,
emo-love,923,love,v,Emotions and values,To have an intense feeling of affection and care towards another person.,active,,
emo-love-affection,3834,love,n,Emotions and values,A feeling of affection and fondness for someone.,active,,
emo-lovely,2233,lovely,adj,Emotions and values,Beautiful especially in a pleasing or charming way.,active,,
emo-make-angry,2892,make angry,v,Emotions and values,To cause somebody to be annoyed.,active,,
emo-merry,1976,merry,adj,Emotions and values,"Full of cheerfulness and joy, often associated with festivities and celebration.",active,,
emo-mighty-or-powerful-or-strong,3188,mighty or powerful or strong,adj,Emotions and values,"Holding much (political, social, ...) power or being done using a huge amount of energy or having great physical strength.",active,,
emo-misery,2553,misery,n,Emotions and values,The state of being poor or emotionally suffering.,active,,
emo-mistake,1293,mistake,n,Emotions and values,"A mistake, an oversight, a slight; usually apologetic, referring to one's own failures.",active,,
emo-modest,4053,modest,adj,Emotions and values,"Having a humble opinion of one’s own abilities or achievements, or showing simplicity and restraint in behavior, appearance, or lifestyle.",active,,
emo-mourning,3673,mourning,n,Emotions and values,The feeling of great sadness because someone has died.,active,,
emo-nervous,3975,nervous,adj,Emotions and values,"A mental state of nervousness or agitation. Also, being easily excited or irritated.",active,,
emo-obedient,4102,obedient,adj,Emotions and values,"Behaving in accordance with rules, commands, or authority.",active,,
emo-on-purpose,1031,on purpose,x,Emotions and values,(Doing or feeling something) in a deliberate or controlled way.,active,,
emo-pain,1783,pain,n,Emotions and values,"An unpleasant, usually localised physical sensation that is often the result of an injury, disease or other ailment.",active,,
emo-painful-or-sick,2103,painful or sick,adj,Emotions and values,To cause pain or to be ill.,active,,
emo-passion,4060,passion,n,Emotions and values,"A powerful and overwhelming emotional state characterized by intense feelings such as love, desire, or enthusiasm that strongly motivates behavior or thought.",active,,
emo-passionate,1880,passionate,adj,Emotions and values,Characterized by intense emotion.,active,,
emo-patient,3884,patient,adj,Emotions and values,Enduring difficult situations or a long waiting time with an even temper.,active,,
emo-pity,1141,pity,n,Emotions and values,"Deep awareness of the suffering of another, coupled with the wish to relieve it.",active,,
emo-play,1413,play,v,Emotions and values,To act in a manner such that one has fun; to engage in playful activities expressly for the purpose of recreation.,active,,
emo-pleasure,3916,pleasure,n,Emotions and values,An emotional state of sensual gratification or frivolous amusement.,active,,
emo-polite,3300,polite,adj,Emotions and values,Keeping to a given society's standards of social manners in order to show respect.,active,,
emo-praise,1687,praise,n,Emotions and values,The act of expressing approval or admiration; commendation; laudation.,active,,
emo-precious,3002,precious,adj,Emotions and values,Being dear or important to somebody.,active,,
emo-pride,3915,pride,n,Emotions and values,An emotional state of being proud.,active,,
emo-proud,174,proud,adj,Emotions and values,"Feeling greatly pleased, or satisfied by something or someone that is highly honorable or creditable to oneself.",active,,
emo-reason,2968,reason,n,Emotions and values,"Reason is the capacity for consciously making sense of things, applying logic, establishing and verifying facts, and changing or justifying practices, institutions, and beliefs based on new or existing information.",active,,
emo-regret,1875,regret,v,Emotions and values,To wish that a past event had not happened.,active,,
emo-rejoice,2192,rejoice,v,Emotions and values,To feel joyful; be delighted.,active,,
emo-revenge,495,revenge,v,Emotions and values,To take revenge for a perceived wrong.,active,,
emo-riddle,2970,riddle,n,Emotions and values,"A riddle is a statement or question or phrase having a double or veiled meaning, put forth as a puzzle to be solved.",active,,
emo-rude,1412,rude,adj,Emotions and values,Bad mannered.,active,,
emo-sad,699,sad,adj,Emotions and values,Feeling mentally uncomfortable because something is missing or wrong.,active,,
emo-sadness,3854,sadness,n,Emotions and values,A feeling of being unhappy because something is missing or wrong.,active,,
emo-safe,3762,safe,adj,Emotions and values,Having a feeling of security or protection from harm.,active,,
emo-scared,3033,scared,adj,Emotions and values,"Property of being scared of something or someone, having an uncontrollable emotion of anxiety.",active,,
emo-shame,1776,shame,n,Emotions and values,"The consciousness or awareness of dishonor, disgrace, or condemnation.",active,,
emo-shy,487,shy,adj,Emotions and values,"(For a personality) characterized by being uncomfortable with having attention drawn to them, for example when introducing oneself or when speaking in front of an audience.",active,,
emo-shy-or-ashamed,3805,shy or ashamed,adj,Emotions and values,The feeling of being uncomfortable with attracting attention or feeling shame or guilt.,active,,
emo-smile,1451,smile,v,Emotions and values,"To make an upwards movement of the sides of the mouth, that indicates happiness or satisfaction.",active,,
emo-sorrowful,145,sorrowful,adj,Emotions and values,"Filled with grief, sorrow, woe.",active,,
emo-splendor,3964,splendor,n,Emotions and values,"The aesthetic and moral quality of being splendid, magnificent, or grand.",active,,
emo-stubborn,3634,stubborn,adj,Emotions and values,Unyielding; unlikely to change one's mind and determined not to be influenced by someone else's opinion.,active,,
emo-success,4089,success,n,Emotions and values,"The achievement of a desired aim, goal, or favorable outcome.",active,,
emo-surprised,1572,surprised,adj,Emotions and values,Feeling that something unexpected has happened.,active,,
emo-tear,1651,tear,n,Emotions and values,A drop of liquid produced from the eyes by crying or irritation.,active,,
emo-tense,4148,tense,adj,Emotions and values,"Characterized by mental or muscular strain, stress, or heightened alertness; can describe emotions, physical states, or situations.",active,,
emo-trauma,3965,trauma,n,Emotions and values,"A physical wound and, in particular, a psychological state of pain, ensued from a harmful experience of set of events.",active,,
emo-triumph,3849,triumph,n,Emotions and values,A feeling of extreme pleasure and excitement as a result of success or a victory.,active,,
emo-true,1657,true,adj,Emotions and values,Concurring with a given set of facts.,active,,
emo-truth,1638,truth,n,Emotions and values,That which conforms to reality.,active,,
emo-ugly,1548,ugly,adj,Emotions and values,Not good looking.,active,,
emo-unhappy,3974,unhappy,adj,Emotions and values,"Feeling not cheerful or glad, sometimes due to a misfortune.",active,,
emo-unpleasant,26,unpleasant,adj,Emotions and values,Not to one's liking.,active,,
emo-untruth,475,untruth,n,Emotions and values,A false statement made with the intention to deceive.,merged,2826,
emo-urge,2881,urge,v,Emotions and values,To encourage someone to do something.,active,,
emo-violence,2976,violence,n,Emotions and values,"Violence is defined by the World Health Organization as *the intentional use of physical force or power, threatened or actual, against oneself, another person, or against a group or community, which either results in or has a high likelihood of resulting in injury, death, psychological harm, maldevelopment, or deprivation*, although the group acknowledges that the inclusion of *the use of power* in its definition expands on the conventional understanding of the word.",active,,
emo-vulgar,1080,vulgar,adj,Emotions and values,"Rude and likely to offend, using allusions on the sexual level.",active,,
emo-want,1784,want,v,Emotions and values,To want to do something or to wish for something to happen.,active,,
emo-worry,150,worry,v,Emotions and values,To be anxious about something.,active,,
emo-wrong,1390,wrong,adj,Emotions and values,Not correct.,active,,
foo-alcohol,404,alcohol,n,Food and drink,"A fermented drink is a beverage containing alcohol because of a metabolic process that converts sugar to acids, gases and/or alcohol (e.g. beer or wine).",active,,
foo-animal-or-meat,2096,animal or meat,n,Food and drink,"Any living organism that is characterized by voluntary movement, be it alive or ready prepared to be eaten.",active,,
foo-apricot,3730,apricot,n,Food and drink,"A fruit of orange color with a fuzzy peel and a black seed inside, similar to a peach or plum of a tree from the family Prunus armeniaca.",active,,
foo-astringent,3837,astringent,adj,Food and drink,"A property describing a substance which causes the skin, membranes, or other tissue to contract. Tannins in unripe fruit are known to function as astringents.",active,,
foo-aubergine,1146,aubergine,n,Food and drink,"An Asian plant, Solanum melongena, cultivated for its edible purple, green, or white ovoid fruit.",active,,
foo-avocado,3725,avocado,n,Food and drink,"A fruit with a soft, greenish peel and a brown round seed in the middle of a tree from the family Persea americana.",active,,
foo-bake,183,bake,v,Food and drink,"To cook (something) in an oven, but not in fat.",active,,
foo-bamboo-shoot,2494,bamboo shoot,n,Food and drink,The edible shoots (new bamboo culms that come out of the ground) of many bamboo species.,active,,
foo-banisterium,276,banisterium,n,Food and drink,A psychoactive infusion prepared from the Banisteriopsis spp.,active,,
foo-baozi,511,baozi,n,Food and drink,"A baozi or simply known as bao, bau, humbow, nunu, bausak, pow or pau is a type of steamed, filled bun or bread-like (i.e. made with yeast) item in various Chinese cuisines.",active,,
foo-be-hungry,1533,be hungry,v,Food and drink,To be in need of food.,active,,
foo-be-thirsty,3474,be thirsty,v,Food and drink,"To suffer from thirst; to have a craving to drink, which is often accompanied by the feeling of dryness in the mouth and throat.",active,,
foo-bean,832,bean,n,Food and drink,Any of various leguminous plants grown for their edible seeds and pods.,active,,
foo-bean-or-pea,2574,bean or pea,n,Food and drink,Pointing to food like peas or beans in a general sense.,active,,
foo-become-sour,2229,become sour,v,Food and drink,To obtain an acid taste and become no longer edible.,active,,
foo-beef,2570,beef,n,Food and drink,The meat of cows.,active,,
foo-beer,1639,beer,n,Food and drink,"An alcoholic beverage commonly fermented from barley malt, with hops or some other substance to impart a bitter flavor.",active,,
foo-berry,904,berry,n,Food and drink,A soft fruit which develops from a superior ovary and contains seeds not encased in pits.,active,,
foo-betel-nut,2369,betel nut,n,Food and drink,The seed of the areca palm (Mama'an in Meranau common version).,merged,217,
foo-beverage,731,beverage,n,Food and drink,Any one of various liquids for drinking.,active,,
foo-biscuit,4126,biscuit,n,Food and drink,"A small baked food made from flour, typically firm or crisp, and often eaten as a snack or with tea.",active,,
foo-boil,2493,boil,v,Food and drink,To boil some liquid or to be boiling (of some liquid).,active,,
foo-boil-of-liquid,792,boil,v,Food and drink,To be at a temperature (as a liquid) where it moves into the gaseous phase.,active,,
foo-boil-something,2492,boil,v,Food and drink,To bring some liquid into a state of boiling.,active,,
foo-boiled-water,3362,boiled water,n,Food and drink,Water that was boiled and is still hot.,active,,
foo-bowl,1530,bowl,n,Food and drink,"A roughly hemispherical container used to hold, mix or present food, such as salad, fruit or soup, or other items.",active,,
foo-braise,2068,braise,v,Food and drink,A method of cooking using steam that avoids overcooking or burning food.,active,,
foo-bread,1368,bread,n,Food and drink,"A common food made mainly from flour, water and yeast and produced by kneading and baking a dough.",active,,
foo-breadfruit,2371,breadfruit,n,Food and drink,"A species of flowering tree in the mulberry family, Moraceae originating in the South Pacific and that was eventually spread to the rest of Oceania.",active,,
foo-breakfast,1322,breakfast,n,Food and drink,"The first meal of the day, usually eaten in the morning.",active,,
foo-broccoli,3726,broccoli,n,Food and drink,"A plant of the cabbage family, Brassicaceae, which is shaped like a tree.",active,,
foo-brown-sugar,3440,brown sugar,n,Food and drink,Unrefined natural sugar that owes its brown colour and softer consistency to the preservation of molasses.,active,,
foo-bunch,1966,bunch,n,Food and drink,A group of things fastened or growing together.,active,,
foo-butter,1245,butter,n,Food and drink,"A soft, fatty foodstuff that is made by churning the cream of milk (most often cows milk).",active,,
foo-cabbage,774,cabbage,n,Food and drink,"An edible plant, Brassica oleracea, with many varieties.",active,,
foo-cauliflower,2843,cauliflower,n,Food and drink,One of several vegetables in the species Brassica oleracea in the genus Brassica.,active,,
foo-celery,3727,celery,n,Food and drink,A vegetable with a long greenish stalk of the carrot family.,active,,
foo-cheese,1569,cheese,n,Food and drink,A curdled or cultured milk product.,active,,
foo-cherry,2765,cherry,n,Food and drink,Fruit of the Cherry tree.,active,,
foo-chestnut,2318,chestnut,n,Food and drink,Fruit of the chestnut tree.,active,,
foo-chew,321,chew,v,Food and drink,To crush with the teeth by repeated closing and opening of the jaws; done to food to soften it and break it down by the action of saliva before it is swallowed.,active,,
foo-chew-betel,3161,chew betel,v,Food and drink,To consume a mixture of areca nut and betel leaf.,active,,
foo-chicha,441,chicha,n,Food and drink,A beverage made from fermented corn in South and Central America.,active,,
foo-chicken-egg,2779,chicken egg,n,Food and drink,The egg of a chicken.,active,,
foo-chili-pepper,919,chili pepper,n,Food and drink,"Any fruit of a plant of the botanical genus Capsicum, noted for their spicy and burning flavour due to presence of capsaicin.",active,,
foo-chocolate,3873,chocolate,n,Food and drink,"A food prepared from ground, roasted cocoa beans and often used to make candy.",active,,
foo-choke,129,choke,v,Food and drink,"To squeeze the neck in order to compress the carotide and/or trachea, possibly leading to unconsciousness or death.",active,,
foo-chopstick,2054,chopstick,n,Food and drink,"A utensil in the form of a narrow stick used in pairs in China, Japan, Korea, and Vietnam to eat food.",merged,1987,
foo-chopsticks,1987,chopsticks,n,Food and drink,"A pair of small equal-length tapered sticks, which are generally believed to have originated in ancient China, and are the traditional eating utensils of China, Japan, Korea, Taiwan, and Vietnam.",active,,
foo-clay-pot,2055,clay pot,n,Food and drink,A container for food and other things made from clay.,active,,
foo-cleaver,3067,cleaver,n,Food and drink,"A knife with a large and square blade used for cutting and mincing meat, especially by butchers.",active,,
foo-coffee,1299,coffee,n,Food and drink,A beverage made by infusing the beans of the coffee plant in hot water.,active,,
foo-congee,2049,congee,n,Food and drink,A type of rice porridge or gruel popular in many Asian countries,active,,
foo-consume,2787,consume,v,Food and drink,To consume food or drink.,active,,
foo-cook-person,2315,cook,n,Food and drink,The person who prepares food.,active,,
foo-cook-something,1100,cook,v,Food and drink,To prepare a meal or a single dish.,active,,
foo-cooked,269,cooked,adj,Food and drink,Contrasting with 'raw'.,active,,
foo-cooked-corn,3027,cooked corn,n,Food and drink,Boiled corn.,active,,
foo-cooked-rice,1191,cooked rice,n,Food and drink,Boiled rice.,active,,
foo-cooking-pot,3653,cooking pot,n,Food and drink,"A vessel, usually with a rounded body, used to cook food.",active,,
foo-courgette,3728,courgette,n,Food and drink,A long green marrow of Cucurbita pepo.,active,,
foo-cow-milk,3911,cow milk,n,Food and drink,The milk of cows.,active,,
foo-crush,1520,crush,v,Food and drink,To tighten (something) so strongly that it loses the form and the original consistency.,active,,
foo-cup,476,cup,n,Food and drink,"A concave vessel for holding liquid, generally adorned with either a handle or a stem.",active,,
foo-cut-nut,2370,cut nut,n,Food and drink,A fruit from an evergreen fruit-bearing tropical tree. [L: http://fruitandnuttrees.com/],active,,
foo-dinner,1833,dinner,n,Food and drink,A meal that is eaten in the late afternoon or evening daily.,active,,
foo-dish,481,dish,n,Food and drink,Any kind of vessel for holding or serving meals.,active,,
foo-dough,273,dough,n,Food and drink,"A mixture of flour and water ready to be baked into bread, pastry etc.",active,,
foo-draw-milk,93,draw milk,v,Food and drink,"To draw milk from (a mammal, especially a cow).",active,,
foo-drink,1401,drink,v,Food and drink,To consume a liquid through the mouth.,active,,
foo-earthen-jug,3409,earthen jug,n,Food and drink,A liquid container made of baked clay.,active,,
foo-eat,1336,eat,v,Food and drink,To consume something solid or semi-solid (usually food) by putting it into the mouth and eventually swallowing it.,active,,
foo-egg,744,egg,n,Food and drink,"Egg (either fertilized or not) from domesticated birds, most commonly hens, seen as food.",active,,
foo-fat-for-nourishment,2095,fat,n,Food and drink,Soft liquid retrieved from animals or plant and used for cooking.,active,,
foo-fat-from-animals,1282,fat,n,Food and drink,The semisolid substance from animals which is used for cooking and as food.,active,,
foo-fat-meat,3436,fat meat,n,Food and drink,Any animal meat with a higher fat content.,active,,
foo-fat-of-meat-and-food,2449,fat,adj,Food and drink,"The property of food, especially meat, to contain a large proportion of fat.",active,,
foo-fat-oily,2719,fat,adj,Food and drink,To contain a lot of fat or oil.,active,,
foo-feed,739,feed,v,Food and drink,To give food.,active,,
foo-fig,322,fig,n,Food and drink,"The fruit of the fig tree, pear-shaped and containing many small seeds.",active,,
foo-flour,1594,flour,n,Food and drink,Ground or milled grain or cereal.,active,,
foo-fodder,3046,fodder,n,Food and drink,"Feed for livestock, especially chopped hay or straw.",active,,
foo-food,256,food,n,Food and drink,A substance that can be ingested and utilized by the organism as a source of nutrition and energy.,active,,
foo-fork,1302,fork,n,Food and drink,A utensil with spikes used to put solid food into the mouth.,active,,
foo-fruit,1507,fruit,n,Food and drink,A botanical fruit that can be eaten raw used as food.,active,,
foo-fry,991,fry,v,Food and drink,To cook in hot fat.,active,,
foo-glutton,533,glutton,n,Food and drink,Person who habitually eats and drinks excessively.,active,,
foo-grape,920,grape,n,Food and drink,"A small, round, smooth-skinned edible fruit, usually purple, red, or green, that grows in bunches on certain vines.",active,,
foo-greasy,955,greasy,adj,Food and drink,Smeared or soiled with grease or oil.,active,,
foo-grind,1033,grind,v,Food and drink,"To break something into small pieces by pressing it flat, or grinding it to powder.",active,,
foo-gruel,1167,gruel,n,Food and drink,"A hot breakfast cereal dish made from oatmeal, milk and, or water heated and stirred until thick.",active,,
foo-honey,942,honey,n,Food and drink,"A viscous, sweet substance produced from nectar or honeydew by bees.",active,,
foo-hunger,1864,hunger,n,Food and drink,A need of food.,active,,
foo-jar,4135,jar,n,Food and drink,"A cylindrical container, usually made of glass or pottery, used for storing food, liquids, or other small items.",active,,
foo-jug,270,jug,n,Food and drink,A container for holding and pouring liquids with a handle and a spout.,active,,
foo-juice,1499,juice,n,Food and drink,The liquid that is produced by squeezing or crushing fruits or vegetables.,active,,
foo-kettle,854,kettle,n,Food and drink,A metal container used to boil any kind of liquid.,active,,
foo-kitchen-knife,2772,kitchen knife,n,Food and drink,A knife for cutting vegetables etc. in order to prepare food.,active,,
foo-knead,274,knead,v,Food and drink,To press a dough many times with one's hands.,active,,
foo-knife,1352,knife,n,Food and drink,"A utensil consisting of a sharpened piece of hard material such as steel or other metal, ceramic, glass or stone, usually attached to a handle, that is formed in a manner that allows for cutting softer materials, especially meat or other food.",active,,
foo-knife-for-eating,3210,knife,n,Food and drink,A knife used while eating food.,active,,
foo-ladle,2657,ladle,n,Food and drink,A large spoon used to distribute soup and other kinds of food.,active,,
foo-ladle-water,2788,ladle,v,Food and drink,To use some device or one's hands to fill fluid from one container to another.,active,,
foo-large-bowl,3286,large bowl,n,Food and drink,A large utensil for eating fluid food.,active,,
foo-lean-meat,3393,lean meat,n,Food and drink,Any animal meat with a lower fat content.,active,,
foo-lettuce,3729,lettuce,n,Food and drink,"A often green plant, Lactuca sativa, which is mainly used in salads.",active,,
foo-light,2181,light,adj,Food and drink,Light or watery in taste.,active,,
foo-liquor,842,liquor,n,Food and drink,Alcoholic beverage containing more than 20 percent alcohol.,active,,
foo-litchi,2768,litchi,n,Food and drink,"The sole member of the genus Litchi in the soapberry family, Sapindaceae.",active,,
foo-lunch,768,lunch,n,Food and drink,Meal usually eaten at midday.,active,,
foo-lychee,3731,lychee,n,Food and drink,A tropical fruit with a hard brownish peel with a black seed in the inside and with flesh of a tree from the soapberry family.,active,,
foo-machete,2680,machete,n,Food and drink,"A machete is a broad blade used either as an implement like an axe, or in combat like a short sword.",active,,
foo-manioc-bread,407,manioc bread,n,Food and drink,Bread made of the roots of the cassava plant.,active,,
foo-mantou,1969,mantou,n,Food and drink,"Steamed bun made of flour, water and yeast originating from Chinese cuisine.",active,,
foo-mead,941,mead,n,Food and drink,Wine made of honey.,active,,
foo-meal,1526,meal,n,Food and drink,"The act of eating food, usually at a specific time.",active,,
foo-meat,634,meat,n,Food and drink,"The edible flesh of animals, especially that of mammals.",active,,
foo-meat-dishes,2767,meat dishes,n,Food and drink,Dishes containing meat (as opposed to vegetables).,active,,
foo-milk,635,milk,n,Food and drink,"The whitish fluid secreted by the mammary gland for the nourishment of the young; composed of carbohydrates, proteins, fats, mineral salts, vitamins, and antibodies.",active,,
foo-mill,636,mill,n,Food and drink,"A mill is a device that breaks solid materials into smaller pieces by grinding, crushing, or cutting.",active,,
foo-mix,2017,mix,v,Food and drink,To mix together different elements.,active,,
foo-mortar,224,mortar,n,Food and drink,A bowl used to crush and grind ingredients with a pestle.,active,,
foo-mug,4137,mug,n,Food and drink,"A sturdy cup, typically with a handle, usually made of ceramic or metal used for drinking beverages, mainly hot ones.",active,,
foo-mush,3651,mush,n,Food and drink,A kind of porridge that is prepared by boiling it with water or milk until thick.,active,,
foo-mustard,3181,mustard,n,Food and drink,It can be a yellow sauce with a strong taste or a plant which is used to make mustard sauce.,active,,
foo-noodle,973,noodle,n,Food and drink,"A string or strip of pasta, especially as used in Chinese and Italian cookery.",active,,
foo-nut,191,nut,n,Food and drink,A hard-shelled seed.,active,,
foo-oil-from-plants,2555,oil,n,Food and drink,Liquid hydrophobic substance from plants which is used for cooking.,active,,
foo-oil-organic-substance,1484,oil,n,Food and drink,Fat from animals or plants in a liquid form.,active,,
foo-olive,1154,olive,n,Food and drink,"The small oval fruit of the olive tree, Olea europaea.",active,,
foo-opium,2498,opium,n,Food and drink,The dried latex obtained from the opium poppy.,active,,
foo-organic-fat-or-oil,2551,organic fat or oil,n,Food and drink,Animal or plant fat in a soft or liquid state.,active,,
foo-oven,1143,oven,n,Food and drink,"An enclosed heated compartment usually lined with a refractory material used for baking or drying substances, firing ceramics, heat-treating, etc.",active,,
foo-pan,31,pan,n,Food and drink,"Cooking utensil relatively flat, having a handle, used to cook food such as meat, vegetables or eggs, usually in oil or butter.",active,,
foo-papaya,2445,papaya,n,Food and drink,"The fruit of the plant Carica papaya, and is one of the 22 accepted species in the genus Carica of the plant family Caricaceae.",active,,
foo-pea,2025,pea,n,Food and drink,An annual plant originally from the Mediterranean basin and the Near East.,active,,
foo-peel,275,peel,v,Food and drink,To remove the skin from food or vegetables.,active,,
foo-pepper,1385,pepper,n,Food and drink,"A spice prepared from the fermented, dried, unripe red berries of the pepper plant.",active,,
foo-pestle,225,pestle,n,Food and drink,A heavy cylindrical object with a rounded end used for crushing and grinding.,active,,
foo-pig-fat,2557,pig fat,n,Food and drink,"The fat from a pig, used for cooking.",active,,
foo-pitcher,120,pitcher,n,Food and drink,A container shaped like a vase with a handle and a spout used to serve liquids.,active,,
foo-plate,480,plate,n,Food and drink,A flat dish on which food is served or from which food is eaten.,active,,
foo-pomegranate,3732,pomegranate,n,Food and drink,A fruit with a thick reddish peel and many small red little seeds of a tree from the family Punica granatum.,active,,
foo-pork,2769,pork,n,Food and drink,The edible flesh of pigs.,active,,
foo-pot,1462,pot,n,Food and drink,A vessel used for cooking or storing food or liquids.,active,,
foo-potato,593,potato,n,Food and drink,"A tuberous plant, Solanum tuberosum, often eaten as a starchy vegetable, particularly in the Americas and Europe.",active,,
foo-potion,2268,potion,n,Food and drink,"Either the liquid that is produced by squeezing or crushing fruits or vegetables, or a substance which specifically promotes healing.",active,,
foo-prepared-food,3542,prepared food,n,Food and drink,Food prepared to be eaten during a meal or as a snack.,active,,
foo-pretzel,2583,pretzel,n,Food and drink,A type of baked bread product made from dough most commonly shaped n a twisted knot.,active,,
foo-raisin,4139,raisin,n,Food and drink,"A dried grape, typically sweet in flavor, used as a snack or in cooking and baking.",active,,
foo-raw,1959,raw,adj,Food and drink,That has not been cooked (food).,active,,
foo-rice-steamer,3431,rice steamer,n,Food and drink,A device to steam rice.,active,,
foo-ripe,178,ripe,adj,Food and drink,"(Of fruits, seeds, etc.) Having reached the stage of development suitable for harvesting and eating.",active,,
foo-ripe-or-cooked,3806,ripe or cooked,adj,Food and drink,"Suitable for eating because it is fully grown (of fruit and crops) or because it has been boiled, fried, grilled, etc.",active,,
foo-ripen,179,ripen,v,Food and drink,"(For a fruit, seed, etc.) To become ripe.",active,,
foo-roast,1962,roast,v,Food and drink,"To expose to heat without adding fat or water until it is cooked, has a brown crust and becomes crispy.",active,,
foo-roast-or-fry,2146,roast or fry,v,Food and drink,Preparing food by exposing it to open fire or to hot fat.,active,,
foo-rolling-pin,4002,rolling pin,n,Food and drink,"A tube-shaped object, usually made from wood, metal or silicone, that is used for making dough flat and thin before cooking it.",active,,
foo-rotten,1728,rotten,adj,Food and drink,"Having changed its colour, smell or composition (partially or completely), due to being attacked and decomposed by microorganisms (relating to organic matter).",active,,
foo-rum,2833,rum,n,Food and drink,Distilled alcohol beverage made from sugarcane.,active,,
foo-sago,2270,sago,n,Food and drink,"Starch extracted from the spongy centre, or pith, of various tropical palm stems, especially Metroxylon sagu.",active,,
foo-sago-palm,2372,sago palm,n,Food and drink,Common name for several plants which are used to produce a starchy food known as sago.,active,,
foo-salad,4041,salad,n,Food and drink,"A dish typically composed of a mixture of leafy greens, fresh vegetables, fruits, and sometimes proteins, often served with a dressing or sauce.",active,,
foo-salt,1274,salt,n,Food and drink,A condiment (NaCl - Sodium Chloride) used to add to or enhance the flavour of food (commonly with pepper).,active,,
foo-sandwich,4008,sandwich,n,Food and drink,"A food item consisting of two or more pieces of bread with a filling between them, eaten as a light meal.",active,,
foo-satiated,106,satiated,adj,Food and drink,Having eaten enough.,active,,
foo-sauce,132,sauce,n,Food and drink,A liquid food accompanying a dish.,active,,
foo-saucer,271,saucer,n,Food and drink,A small dish for placing a cup.,active,,
foo-sausage,1874,sausage,n,Food and drink,"A length of intestine, stuffed with ground (organ) meat, and other ingredients. Instead of intestines, a different kind of wrapper can be used.",active,,
foo-sheep-meat,3394,sheep meat,n,Food and drink,"The meat of domestic sheep, such as lamb and mutton.",active,,
foo-sichuan-pepper,3395,sichuan pepper,n,Food and drink,A spice from Sichuan Province that is famous for causing tingling sensation and its unique citrus flavour.,active,,
foo-sieve,86,sieve,v,Food and drink,To separate solids from each other by passing through a sieve or other straining device.,active,,
foo-sieve-or-strain,3448,sieve or strain,v,Food and drink,To separate solids from each other by passing through a sieve or other straining device or to separate or isolate components from a liquid with the help of a filter.,active,,
foo-skin,2373,skin,n,Food and drink,The outer layer of fruits.,active,,
foo-small-bowl,2053,small bowl,n,Food and drink,A small utensil for eating fluid food.,active,,
foo-small-knife,3233,small knife,n,Food and drink,A knife for cutting vegetables and other things in the kitchen.,active,,
foo-soak,2069,soak,v,Food and drink,"To put into water in order to soften something, e.g. seeds.",active,,
foo-sober,69,sober,adj,Food and drink,Not under the influence of alcohol or other drugs.,active,,
foo-soup,1547,soup,n,Food and drink,"A cooked, liquid dish (made from meat or vegetables that are mixed with broth in a pot) that is often sold in tins.",active,,
foo-soya-bean,2028,soya bean,n,Food and drink,The edible seed of the soybean plant which contains a lot of protein.,active,,
foo-soya-sauce,1968,soya sauce,n,Food and drink,"Sauce made from soybeans (soya beans), roasted grain, water and salt and is used as flavoring mainly in Asian cuisine.",active,,
foo-spicy,544,spicy,adj,Food and drink,"Of, pertaining to, or containing spice; or spicy flavour: Provoking a burning sensation due to the presence of chillies or similar hot spices.",active,,
foo-spinach,975,spinach,n,Food and drink,"An important leaf vegetable, grown throughout the temperate regions of the world.",active,,
foo-spoil,569,spoil,v,Food and drink,"Of food, to become bad, sour or rancid; to decay.",active,,
foo-spoon,1378,spoon,n,Food and drink,"An implement for eating or serving, a small bowl with a long straight handle.",active,,
foo-steam,2067,steam,v,Food and drink,A method of cooking using steam.,active,,
foo-stir,696,stir,v,Food and drink,To stir two or more substances together.,active,,
foo-stir-fry,2162,stir fry,v,Food and drink,Stir frying (Chinese: 炒; pinyin: chǎo) is a Chinese cooking technique in which ingredients are fried in a small amount of very hot oil while being stirred in a wok.,active,,
foo-stone,1762,stone,n,Food and drink,"The wooden shell found inside some fruits, particularly drupes, that surrounds the seed.",active,,
foo-storing-pot,3765,storing pot,n,Food and drink,A vessel used for storing food or liquids.,active,,
foo-strain,940,strain,v,Food and drink,To separate or isolate components from a liquid with the help of a filter.,active,,
foo-strong,2718,strong,adj,Food and drink,To have a very intense taste.,active,,
foo-suck,1421,suck,v,Food and drink,"To draw in a substance by creating a practical vacuum in the mouth, and as a result a difference in pressure.",active,,
foo-sugar,862,sugar,n,Food and drink,"A sweet crystalline or powdered substance, white when pure, consisting of sucrose obtained mainly from sugar cane and sugar beets and used in many foods, drinks, and medicines to improve their taste.",active,,
foo-swallow,897,swallow,v,Food and drink,"The reflex in the human body that makes something pass from the mouth to the pharynx and into the esophagus, with the shutting of the epiglottis.",active,,
foo-tapioca,3940,tapioca,n,Food and drink,Starch extracted from the root of manioc,active,,
foo-taste,2190,taste,n,Food and drink,The sensory impression of food or other substances on the tongue.,active,,
foo-tasteless,1771,tasteless,adj,Food and drink,Having no flavour.,active,,
foo-tasty,1813,tasty,adj,Food and drink,Pleasing to the sense of taste.,active,,
foo-thirst,848,thirst,n,Food and drink,A physiological need to drink.,active,,
foo-thirsty,847,thirsty,adj,Food and drink,Feeling the need to drink.,active,,
foo-tofu,3443,tofu,n,Food and drink,Coagulated soy milk that is bland in taste and formed into solid blocks; a popular ingredient in Asian and vegetarian cuisine.,active,,
foo-tomato,986,tomato,n,Food and drink,"The savoury fruit of the Solanum lycopersicum, red when ripe.",active,,
foo-tongs,272,tongs,n,Food and drink,"A tool that consists of two movable bars joined at one end, used to pick up an object.",active,,
foo-tortilla,3991,tortilla,n,Food and drink,"A thin, flat bread made from maize flour, eaten hot or cold, typically with a savoury filling.",active,,
foo-trivet,3264,trivet,n,Food and drink,"A stand, usually metallic, used to support cooking vessels on top of fire.",active,,
foo-uncooked-rice,3289,uncooked rice,n,Food and drink,Rice that has not been boiled or otherwise prepared for eating.,active,,
foo-unripe,1958,unripe,adj,Food and drink,"That is not yet ripe (edible fruit), usually hard and sour.",active,,
foo-vegetables,924,vegetables,n,Food and drink,Any of various herbaceous plants having parts that are used as food.,active,,
foo-vinegar,985,vinegar,n,Food and drink,A sour liquid formed by the fermentation of alcohol with acetic acid bacteria used as a condiment or preservative.,active,,
foo-wanton,1980,wanton,n,Food and drink,Stuffed dough wrap found in Chinese cuisine.,active,,
foo-water-pot,3766,water pot,n,Food and drink,A vessel used for storing water.,active,,
foo-watermelon,2766,watermelon,n,Food and drink,"A large, sprawling annual plant with coarse, hairy pinnately-lobed leaves and white to yellow flowers.",active,,
foo-watery,3545,watery,adj,Food and drink,(Of a liquid or meal) to be thin and watery.,active,,
foo-white,3439,white,n,Food and drink,"The clear, semifluid part of a bird's egg that serves as protection for the yolk.",active,,
foo-white-sugar,3441,white sugar,n,Food and drink,Purified sugar that is separated from molasses in the process of refining.,active,,
foo-wine,1524,wine,n,Food and drink,An alcoholic beverage made by fermenting juice of grapes.,active,,
foo-wok,2056,wok,n,Food and drink,"A versatile round-bottomed cooking vessel, originated from China.",active,,
foo-yeast,967,yeast,n,Food and drink,"Many species of unicellular fungi, most of which belong to the Ascomycetes and reproduce by budding. The genus Saccharomyces is used in brewing and winemaking because in low oxygen concentration it produces zymase, an enzyme system that breaks down sugars to alcohol and carbon dioxide. Saccharomyces is also used in bread-making. Some yeasts are used as a source of protein and of vitamins of the B group. (Source: ALL)",active,,
foo-yolk,1556,yolk,n,Food and drink,"The yellow, spherical part of an egg that is surrounded by the white albumen, and serves as nutriment for the growing young.",active,,
fun-almost,4046,almost,x,Miscellaneous function words,"A word used to describe something that is very close to happening or being true, but not quite.",active,,
fun-although,4045,although,x,Miscellaneous function words,"A conjunction used to introduce a contrast or exception between two ideas or statements, typically showing that one thing is true despite another.",active,,
fun-be,1579,be,v,Miscellaneous function words,To have existence.,active,,
fun-become,1990,become,v,Miscellaneous function words,To begin to be; to come to be; to turn into.,active,,
fun-but,3843,but,x,Miscellaneous function words,"A coordinating expression that signals a contrast to what was previously said, e.g. disagreement or a further point to consider.",active,,
fun-equal,1570,equal,adj,Miscellaneous function words,Having a specified quality that another has.,active,,
fun-every,3416,every,x,Miscellaneous function words,All the members of a referred group individually.,active,,
fun-for,4065,for,x,Miscellaneous function words,"A function word used to express purpose, intended recipient, destination, duration, cause, substitution, or relation, as in actions done with a goal, on behalf of someone, toward a place, over a period of time, or in exchange for something.",active,,
fun-gradually,94,gradually,adj,Miscellaneous function words,"Making progress, but slowly.",active,,
fun-here,136,here,x,Miscellaneous function words,At this place.,active,,
fun-in-vain,1765,in vain,x,Miscellaneous function words,"Without success, without the desired effect.",active,,
fun-next,1354,next,x,Miscellaneous function words,Following in a sequence.,active,,
fun-not,1240,not,x,Miscellaneous function words,Negates the meaning of the modified verb or adjective.,active,,
fun-nothing,687,nothing,x,Miscellaneous function words,Not anything.,active,,
fun-nothing-or-zero,3198,nothing or zero,num,Miscellaneous function words,Not anything or the cardinal number that denotes no quantity or amount at all.,active,,
fun-of-that-kind,2337,of that kind,x,Miscellaneous function words,"In that way, such, etc.",active,,
fun-of-this-kind,2336,of this kind,x,Miscellaneous function words,"In this way, such, etc.",active,,
fun-opposite,885,opposite,adj,Miscellaneous function words,The contrary; being opposed to something.,active,,
fun-other,197,other,x,Miscellaneous function words,The rest of a group of.,active,,
fun-other-or-some,3863,other or some,x,Miscellaneous function words,The rest of a group or an unspecified quantity or number.,active,,
fun-our,780,our,x,Miscellaneous function words,Belonging to us; of us.,active,,
fun-same,200,same,x,Miscellaneous function words,Bearing full likeness by having precisely the same set of characteristics.,active,,
fun-severe,419,severe,adj,Miscellaneous function words,Intensely or extremely bad or unpleasant in degree or quality.,active,,
fun-that,78,that,x,Miscellaneous function words,"The indicated object, item, etc. distant from the speaker.",active,,
fun-there,1937,there,x,Miscellaneous function words,In a not completely determined place which is not here.,active,,
fun-there-is-or-there-are,2152,there is or there are,v,Miscellaneous function words,Existing from the perspective of the speaker.,active,,
fun-these,3984,these,x,Miscellaneous function words,"The indicated objects, items, etc. close to the speaker.",active,,
fun-this,1214,this,x,Miscellaneous function words,"The indicated object, item, etc. close to the speaker.",active,,
fun-those,3985,those,x,Miscellaneous function words,"The indicated objects, items, etc. distant from the speaker.",active,,
fun-through,97,through,x,Miscellaneous function words,From one side of an opening to the other.,active,,
fun-very,1311,very,x,Miscellaneous function words,To a high or large degree.,active,,
fun-with,1340,with,x,Miscellaneous function words,In the company of.,active,,
fun-without,1478,without,x,Miscellaneous function words,"Not having, containing, characteristic of, etc.",active,,
hou-adobe,901,adobe,n,The house,An unburnt brick dried in the sun made of clay and dried grasses.,active,,
hou-arch,876,arch,n,The house,"An arch-shaped arrangement of trapezoidal stones, designed to redistribute downward force outward.",active,,
hou-area-under-house,2632,area under house,n,The house,The area under a house.,active,,
hou-ashtray,4028,ashtray,n,The house,A small container or plate used for tobacco ash and cigarette ends.,active,,
hou-barn-or-shed,3025,barn or shed,n,The house,A building for storing agricultural products or sheltering livestock.,active,,
hou-beam,1132,beam,n,The house,"A structural member loaded on its narrow face, and typically used in a horizontal or sloping position to span between bearing points.",active,,
hou-bed,1663,bed,n,The house,"A piece of furniture, made for a person to sleep on.",active,,
hou-bedroom,2505,bedroom,n,The house,The area where people sleep.,active,,
hou-bench,2584,bench,n,The house,A piece of furniture offering place for many people.,active,,
hou-blackboard,3084,blackboard,n,The house,Reusable surface for writing or drawing.,active,,
hou-blanket,806,blanket,n,The house,A large cloth used for warmth and for sleeping.,active,,
hou-board,1227,board,n,The house,"A piece of wood or similar material that has been sawn into a regular shape, usually in preparation for using it in some sort of construction.",active,,
hou-brick,1006,brick,n,The house,"A building material usually made from clay, molded as a rectangular block, and baked or burned in a kiln.",active,,
hou-building,3396,building,n,The house,A solid construction comprised of walls and a roof.,active,,
hou-camp,1105,camp,n,The house,"Tents, cabins, etc., used as temporary lodgings by a group of travellers, holiday-makers, Scouts, Gypsies, etc.",active,,
hou-candle,1273,candle,n,The house,"A light source consisting of a wick embedded in a solid, flammable substance such as wax, tallow, or paraffin.",active,,
hou-cellar,4108,cellar,n,The house,"An underground room, typically beneath a house or building, used for storage, especially of food, wine, or other supplies.",active,,
hou-chair,1476,chair,n,The house,"An item of furniture comprising a seat, legs, back, and sometimes arm rests, on which or in which one people can sit.",active,,
hou-chimney,1305,chimney,n,The house,"A vertical structure of brick, masonry, or steel that carries smoke or steam away from a fire, engine, etc.",active,,
hou-column,2045,column,n,The house,An upright supporting beam.,active,,
hou-cookhouse,334,cookhouse,n,The house,A small house where cooking takes place; a kitchen house.,active,,
hou-corridor,4117,corridor,n,The house,A long passage in a building that connects rooms or other spaces.,active,,
hou-cottage,4116,cottage,n,The house,"A small house, typically in a rural or semi-rural setting, often used as a dwelling or vacation home.",active,,
hou-courtyard,4,courtyard,n,The house,An area wholly or partly surrounded by walls or buildings.,active,,
hou-cupboard,3357,cupboard,n,The house,Storing space with a door that can be closed.,active,,
hou-door,1567,door,n,The house,"An opening, or passage in a fence or wall; the entrance through which you enter or leave a room or building.",active,,
hou-doorknob,4030,doorknob,n,The house,A handle used to open the door.,active,,
hou-doorpost,80,doorpost,n,The house,The frame that supports a door.,active,,
hou-doorsills,2185,doorsills,n,The house,"(Building) a horizontal member of wood, stone, etc, forming the bottom of a door frame.",active,,
hou-drawer,4072,drawer,n,The house,"A sliding compartment in furniture, such as a desk or cabinet, used for storing items.",active,,
hou-dresser,4055,dresser,n,The house,A piece of furniture with drawers used for storing clothes or other personal items.,active,,
hou-dwell,363,dwell,v,The house,To live; to reside; to remain or continue.,active,,
hou-fireplace,185,fireplace,n,The house,"An open recess in a wall at the base of a chimney where a fire may be built, or a hearth.",active,,
hou-floor,1632,floor,n,The house,The bottom or lower part of any room; the supporting surface of a room.,active,,
hou-garden-house,403,garden-house,n,The house,"A small building in a garden, such as a shed, which is not usually build to be inhabitated for long times.",active,,
hou-gate,2940,gate,n,The house,A gate or gateway is a point of entry to a space which is enclosed by walls.,active,,
hou-hammock,2019,hammock,n,The house,"A swinging couch or bed, usually made of netting or canvas about six feet (1.8 m) wide, suspended by clews or cords at the ends.",active,,
hou-home,2406,home,n,The house,The place where one lives.,active,,
hou-house,1252,house,n,The house,"The abode of a human being, their place of residence.",active,,
hou-hut,1678,hut,n,The house,"A simple roofed shelter, often with one  open side.",active,,
hou-igloo,2592,igloo,n,The house,A snow hut built from snow and serving as a shelter.,active,,
hou-incense,3356,incense,n,The house,An aromatic material that releases fragrant smoke when burned.,active,,
hou-inside-a-house,3305,inside a house,x,The house,Inside a building as opposed to outside in the open air.,active,,
hou-key,1472,key,n,The house,An object designed to be able to open (and usually close) a lock.,active,,
hou-kitchen,1365,kitchen,n,The house,A room equipped for preparing and cooking food.,active,,
hou-ladder,1464,ladder,n,The house,"A frame usually portable, of wood, metal, or rope, for ascent and descent, consisting of two vertical side pieces to which are horizontally fastened cross strips or rounds forming steps.",active,,
hou-lamp,625,lamp,n,The house,"A device that produces light, such as an electric lamp.",active,,
hou-lantern,4025,lantern,n,The house,"A source of light (lamp-like) with a usually transparent case protecting either the flame or the lightbulb inside, commonly with a handle by which it can be carried.",active,,
hou-latch,1012,latch,n,The house,"A fastening for a door that has a bar that fits into a notch or slot, and is lifted by a lever or string from either side.",active,,
hou-light-switch,4001,light switch,n,The house,A switch for turning a light on and off.,active,,
hou-lock,1596,lock,n,The house,"Something used for fastening, which can only be opened with a key or combination.",active,,
hou-mason,877,mason,n,The house,A craftsman who builds in stone or brick otherwise known as masonry.,active,,
hou-meeting-house,335,meeting house,n,The house,A building where people meet for a purpose.,active,,
hou-men-s-house,408,men's house,n,The house,A separate building for male persons.,active,,
hou-mortar-binder,1731,mortar binder,n,The house,"Paste made of a mixture of a binder (cement, plaster or lime), sand and water used in masonry to make bricks, stones, etc. stick together.",active,,
hou-padlock,336,padlock,n,The house,A detachable lock that can be used to secure something by means of a sliding or hinged shackle.,active,,
hou-palace,4059,palace,n,The house,"A large and grand residence, typically the official home of a sovereign, monarch, or high-ranking dignitary.",active,,
hou-pillow,1044,pillow,n,The house,Cushion placed under the head for sleeping.,active,,
hou-pole,282,pole,n,The house,"A strong upright piece of wood, metal etc. that is fixed into the ground, especially to support something.",merged,281,
hou-porch,3269,porch,n,The house,"A structure attached to the exterior of a building, often acting as a roofed entrance; a balcony; a veranda.",active,,
hou-post,281,post,n,The house,"A strong upright piece of wood, metal etc. that is fixed into the ground, especially to support something.",active,,
hou-pyramid,2600,pyramid,n,The house,A structure whose outer surfaces are triangular and converge to a single point at the top.,active,,
hou-rack,3176,rack,n,The house,Bamboo shelves in the kitchen to store food and utensils.,active,,
hou-rafter,829,rafter,n,The house,"One of several parallel sloping beams that extend from the ridge to the wall-plate, to support the roof and its associated loads; the sloping top member of a roof truss, which carries the purlins.",active,,
hou-rattan,2497,rattan,n,The house,Material from rattan palms which is used to create furniture.,active,,
hou-reside,1099,reside,v,The house,To have permanent residence.,merged,363,
hou-ridgepole,280,ridgepole,n,The house,The highest horizontal beam in a roof.,active,,
hou-rocking-chair,3999,rocking chair,n,The house,A chair built on two pieces of curved wood so that it moves forwards and backwards when you are sitting in it.,active,,
hou-roof,769,roof,n,The house,The structure covering a building.,active,,
hou-room,1450,room,n,The house,"A separate part of a building, enclosed by walls, a floor and a ceiling.",active,,
hou-sago-thatch,2616,sago thatch,n,The house,A roof made from the Sago palm.,active,,
hou-seat,4088,seat,n,The house,"An object designed for sitting, typically with a flat surface and sometimes a backrest or armrests.",active,,
hou-shelf,745,shelf,n,The house,"A flat, rigid, rectangular structure, fixed at right angles to a wall, and used to support, store or display objects.",active,,
hou-sofa,3099,sofa,n,The house,Piece of furniture usually stuffed and used for seating two or more persons.,active,,
hou-stairs,34,stairs,n,The house,A contiguous set of steps connecting two floors.,active,,
hou-step,1158,step,n,The house,A flat surface or support that facilitates the ascent or descent of a stairway or step-ladder.,active,,
hou-stool,2058,stool,n,The house,A chair without back and arm rests.,active,,
hou-stove,859,stove,n,The house,"A chamber within which a fuel-air mixture is burned to provide heat, the heat itself being radiated outward from the chamber; used for space heating, process-fluid heating, and steel blast furnaces.",active,,
hou-table,1775,table,n,The house,"A piece of furniture that generally consists of a hard, flat, horizontal surface, which is elevated and stabilised by 3 or more legs (usually 4).",active,,
hou-tan,247,tan,v,The house,To treat skins and hides with tannic acid so as to convert them into leather.,active,,
hou-tent,1316,tent,n,The house,"A portable lodging (usually made from waterproof plastic, animal hide or canvas streched by poles) that is used for sheltering people and objects from the weather when camping or at festivals.",active,,
hou-thatch,279,thatch,n,The house,"Natural roofing material such as straw, reeds, leaves, etc.",active,,
hou-thatch-or-roof,2100,thatch or roof,n,The house,The cover of a house or a hut.,active,,
hou-threshold,1727,threshold,n,The house,The bottom-most part of a doorway that one crosses to enter; a sill.,active,,
hou-tile,3404,tile,n,The house,"The long-lasting material that is manufactured in multiple pieces and used for covering flat surfaces of a building, such as a roof, walls, or floor.",active,,
hou-torch,1919,torch,n,The house,A stick with a flame on one end used as a light source.,active,,
hou-trough,205,trough,n,The house,"A long, narrow container, open on top, for feeding or watering animals.",active,,
hou-wall,933,wall,n,The house,The outer structure which encloses a building.,active,,
hou-wardrobe,3106,wardrobe,n,The house,"Large object, often made out of wood, used for storing clothes or other fabrics.",active,,
hou-window,1375,window,n,The house,"An opening, usually covered by one or more panes of clear glass, to allow light from outside to enter a building or vehicle.",active,,
hou-yard,736,yard,n,The house,"A small, usually uncultivated area adjoining or within the precincts of a house or other building.",active,,
kin-adult,3635,adult,n,Kinship,A fully grown and mature person.,active,,
kin-ancestors,1669,ancestors,n,Kinship,"Person from whom a person is descended, whether on the father's or mother's side, at any number of generations.",active,,
kin-aunt,1272,aunt,n,Kinship,A woman with one or more siblings who have one or more children; a sister of someone's father or mother.,active,,
kin-aunt-or-mother-in-law,2383,aunt or mother-in-law,n,Kinship,Either an aunt or the mother-in-law of a person.,active,,
kin-baby,1289,baby,n,Kinship,"A very young human being, from birth to a year old.",active,,
kin-bastard,1947,bastard,n,Kinship,A child born of parents not married to each other.,active,,
kin-black-man,2806,black man,n,Kinship,Term used to describe men who are perceived to be dark-skinned.,active,,
kin-black-woman,2807,black woman,n,Kinship,Term used to describe women who are perceived to be dark-skinned.,active,,
kin-blind-person,457,blind person,n,Kinship,Person who has a complete lack of form and visual light perception.,active,,
kin-boy,1366,boy,n,Kinship,"A young male person, usually a child or teenager.",active,,
kin-boy-or-son,2391,boy or son,n,Kinship,Either a son or a boy.,active,,
kin-bride,1266,bride,n,Kinship,A woman who is going to get married or has just got married.,active,,
kin-brother,1262,brother,n,Kinship,A male person who has the same parents as another person.,active,,
kin-brother-in-law,2314,brother-in-law,n,Kinship,The brother of one's partner in a marriage.,active,,
kin-brother-in-law-husband-s-older-brother,2698,brother-in-law,n,Kinship,Husband of one's older brother.,active,,
kin-brother-in-law-husband-s-younger-brother,2699,brother-in-law,n,Kinship,Husband of one's younger brother.,active,,
kin-brother-in-law-of-man,2380,brother-in-law,n,Kinship,The brother of a man's partner in a marriage.,active,,
kin-brother-in-law-older-sister-s-husband,2696,brother-in-law,n,Kinship,Husband of one's older sister.,active,,
kin-brother-in-law-younger-sister-s-husband,2697,brother-in-law,n,Kinship,Husband of one's younger sister.,active,,
kin-brother-of-man,559,brother,n,Kinship,The brother of a man.,active,,
kin-brother-of-woman,560,brother,n,Kinship,The brother of a woman.,active,,
kin-child,2099,child,n,Kinship,A young human or the descendant of a human.,active,,
kin-child-descendant,1801,child,n,Kinship,Biological offspring.,active,,
kin-child-in-law,1060,child-in-law,n,Kinship,The spouse of someone's child.,active,,
kin-child-young-human,1304,child,n,Kinship,A person below the age of puberty.,active,,
kin-co-wife,3636,co-wife,n,Kinship,Another female partner in a polygamous marriage.,active,,
kin-cousin,1643,cousin,n,Kinship,The child of the sibling of a parent of a person.,active,,
kin-cross-cousin,3162,cross-cousin,n,Kinship,"The child of a parent’s opposite-sex sibling, for example the father’s sister’s son.",active,,
kin-daughter,1357,daughter,n,Kinship,An animal's female offspring (including that of a human).,active,,
kin-daughter-in-law,1057,daughter-in-law,n,Kinship,The female marital partner of someone's child.,active,,
kin-daughter-in-law-of-man,2265,daughter-in-law,n,Kinship,The daughter-in-law of a man.,active,,
kin-daughter-in-law-of-woman,2264,daughter-in-law,n,Kinship,The daughter-in-law of a woman.,active,,
kin-daughter-of-male-ego,3778,daughter,n,Kinship,"A daughter, as referred to by her father.",active,,
kin-daughter-of-woman,3930,daughter,n,Kinship,Daughter of a mother,active,,
kin-daughter-or-girl,2392,daughter or girl,n,Kinship,Either a daughter or a girl.,active,,
kin-deaf-person,458,deaf person,n,Kinship,Person who is  partial or total unable to hear.,active,,
kin-descendants,490,descendants,n,Kinship,One who is the progeny of someone at any distance of time.,active,,
kin-different-sex-older-sibling,3039,different-sex older sibling,n,Kinship,A person of the different sex who is born before another person who has the same parents.,active,,
kin-different-sex-younger-sibling,3040,different-sex younger sibling,n,Kinship,A person of the different sex who is born after another person who has the same parents.,active,,
kin-divorce,1134,divorce,n,Kinship,Legal dissolution of a marriage.,active,,
kin-divorce-separate,3672,divorce,v,Kinship,To end one's marriage by a legal process.,active,,
kin-family,194,family,n,Kinship,"A group comprising parents, offsprings and others closely related or associated with them.",active,,
kin-father,1217,father,n,Kinship,A male parent.,active,,
kin-father-in-law,1055,father-in-law,n,Kinship,The father of someone's spouse.,active,,
kin-father-in-law-of-man,2255,father-in-law,n,Kinship,The father-in-law of a man.,active,,
kin-father-in-law-of-woman,2254,father-in-law,n,Kinship,The father-in-law of a woman.,active,,
kin-female,2260,female,adj,Kinship,Relating to the female sex of humans.,active,,
kin-female-cousin,3823,female cousin,n,Kinship,The female child of the sibling of a parent of a person.,active,,
kin-female-person,2105,female person,n,Kinship,A human belonging to the female sex.,active,,
kin-girl,1646,girl,n,Kinship,"A young female person, usually a child or teenager.",active,,
kin-give-birth,1195,give birth,v,Kinship,To release an offspring from one's own body; to cause to be born.,active,,
kin-grandchild,1617,grandchild,n,Kinship,A child of someone’s child.,active,,
kin-grandchild-daughter-s-offspring,2703,grandchild,n,Kinship,Offspring of one's daughter.,active,,
kin-grandchild-of-female-ego,3782,grandchild,n,Kinship,The child in the second generation in relation to a female individual.,active,,
kin-granddaughter,1619,granddaughter,n,Kinship,A daughter of someone's child.,active,,
kin-grandfather,1383,grandfather,n,Kinship,The father of one of someone's parents.,active,,
kin-grandmother,1496,grandmother,n,Kinship,The mother of one of someone's parents.,active,,
kin-grandparent,2399,grandparent,n,Kinship,Either the grandfather or the grandmother.,merged,305,
kin-grandparents,305,grandparents,n,Kinship,The parents of someone's parent.,active,,
kin-grandson,1618,grandson,n,Kinship,A son of someone's child.,active,,
kin-grandson-son-s-son,2702,grandson,n,Kinship,Son of one's son.,active,,
kin-groom,3282,groom,n,Kinship,A man who is going to get married or has just married.,active,,
kin-guest-or-stranger,2908,guest or stranger,n,Kinship,Either a guest or a stranger.,active,,
kin-he,1211,he,x,Kinship,A male other; the male previously mentioned; himself.  3rd person singular masculine subject pronoun.,active,,
kin-he-or-she,2642,he or she,x,Kinship,Third person singular addressing living things or persons.,active,,
kin-he-or-she-or-it,262,he or she or it,x,Kinship,"Third person singular pronoun, regardless of gender/sex.",active,,
kin-husband,1200,husband,n,Kinship,The male partner in a marriage.,active,,
kin-i,1209,i,x,Kinship,The speaker or writer referring to himself or herself alone.,active,,
kin-it,169,it,x,Kinship,"An inanimate object, an animate object of unspecified sex, or a subject that is previously mentioned.",active,,
kin-male,1553,male,adj,Kinship,"Of, relating to, or denoting a member of the sex that begets young by fertilizing ova.",active,,
kin-male-cousin,3822,male cousin,n,Kinship,The male child of the sibling of a parent of a person.,active,,
kin-male-of-person,2261,male,adj,Kinship,Relating to the male sex of humans.,active,,
kin-male-person,2106,male person,n,Kinship,A human belonging to the male sex.,active,,
kin-man,1554,man,n,Kinship,An adult human member of the sex that begets young by fertilizing ova.,active,,
kin-marriage,2432,marriage,n,Kinship,"Marriage, also called matrimony or wedlock, is a socially or ritually recognized union or legal contract between spouses that establishes rights and obligations between them, between them and their children, and between them and their in-laws.",active,,
kin-marriage-or-wedding,3182,marriage or wedding,n,Kinship,The ceremony of marrying someone or the state of being married.,active,,
kin-married-man,424,married man,n,Kinship,A married man.,active,,
kin-married-woman,426,married woman,n,Kinship,A married woman.,active,,
kin-marry,203,marry,v,Kinship,To enter marriage; to take a husband or a wife.,active,,
kin-marry-as-man,2164,marry,v,Kinship,To enter marriage from the perspective of a man.,active,,
kin-marry-as-woman,2163,marry,v,Kinship,To enter marriage from the perspective of a woman.,active,,
kin-marry-off,556,marry off,v,Kinship,"To force someone to get married, usually a relative.",active,,
kin-maternal-aunt,2176,maternal aunt,n,Kinship,Mother's sister or mother's sibling's wife.,active,,
kin-maternal-aunt-mother-s-older-sister,3042,maternal aunt,n,Kinship,The older sister of one's mother.,active,,
kin-maternal-aunt-mother-s-sister,2693,maternal aunt,n,Kinship,The sister of one's mother.,active,,
kin-maternal-aunt-mother-s-younger-sister,3043,maternal aunt,n,Kinship,The younger sister of one's mother.,active,,
kin-maternal-aunt-wife-of-mother-s-brother,2172,maternal aunt,n,Kinship,Wife of mother's brother.,active,,
kin-maternal-grandfather,2178,maternal grandfather,n,Kinship,Mother's father.,active,,
kin-maternal-grandmother,2177,maternal grandmother,n,Kinship,Mother's mother.,active,,
kin-maternal-uncle,3220,maternal uncle,n,Kinship,A brother of someone's mother.,active,,
kin-maternal-uncle-husband-of-one-s-maternal-aunt,2694,maternal uncle,n,Kinship,The husband of one's maternal aunt.,active,,
kin-maternal-uncle-mother-s-brother,2692,maternal uncle,n,Kinship,The brother of one's mother.,active,,
kin-maternal-uncle-mother-s-older-brother,3249,maternal uncle,n,Kinship,Older brother of ego's mother.,active,,
kin-maternal-uncle-mother-s-younger-brother,3250,maternal uncle,n,Kinship,Younger brother of ego's mother.,active,,
kin-me,2301,me,x,Kinship,Oblique cases of the first person singular pronoun.,active,,
kin-mother,1216,mother,n,Kinship,A woman who has at least one child.,active,,
kin-mother-in-law,1050,mother-in-law,n,Kinship,The mother of someone's spouse.,active,,
kin-mother-in-law-of-man,2257,mother-in-law,n,Kinship,The mother-in-law of a man.,active,,
kin-mother-in-law-of-woman,2256,mother-in-law,n,Kinship,The mother-in-law of a woman.,active,,
kin-nephew,1063,nephew,n,Kinship,A son of someone's brother or sister.,active,,
kin-nephew-or-niece,3890,nephew or niece,n,Kinship,A child of someone's brother or sister.,active,,
kin-niece,1642,niece,n,Kinship,A daughter of someone’s brother or sister.,active,,
kin-old-man,406,old man,n,Kinship,A male person who is old of age.,active,,
kin-old-person,725,old person,n,Kinship,An older person (usually considered to be above the age of 60).,active,,
kin-old-woman,907,old woman,n,Kinship,An old woman.,active,,
kin-older-brother,1759,older brother,n,Kinship,A male with more years of age than one or more of his siblings.,active,,
kin-older-brother-of-man,2414,older brother,n,Kinship,The older brother of a man.,active,,
kin-older-brother-of-woman,2415,older brother,n,Kinship,The older brother of a woman.,active,,
kin-older-sibling,405,older sibling,n,Kinship,A person who is born before another person who has the same parents.,active,,
kin-older-sister,1758,older sister,n,Kinship,A female with more years of age than one or more of her siblings.,active,,
kin-older-sister-of-man,2418,older sister,n,Kinship,The older sister of a man.,active,,
kin-older-sister-of-woman,2419,older sister,n,Kinship,The older sister of a woman.,active,,
kin-orphan,1149,orphan,n,Kinship,"A person one or both of whose parents have died, especially a minor.",active,,
kin-parents,505,parents,n,Kinship,Father and mother of a child.,active,,
kin-parents-in-law,306,parents-in-law,n,Kinship,The parents of someone's spouse,active,,
kin-paternal-aunt,2175,paternal aunt,n,Kinship,Father's sister or father's sibling's wife.,active,,
kin-paternal-aunt-father-s-older-sister,3041,paternal aunt,n,Kinship,The older sister of one's father.,active,,
kin-paternal-aunt-father-s-sister,2691,paternal aunt,n,Kinship,The sister of one's father.,active,,
kin-paternal-aunt-wife-of-father-s-older-brother,2170,paternal aunt,n,Kinship,Wife of father's elder brother.,active,,
kin-paternal-aunt-wife-of-father-s-younger-brother,2171,paternal aunt,n,Kinship,Wife of father's younger brother.,active,,
kin-paternal-grandfather,2560,paternal grandfather,n,Kinship,Father's father.,active,,
kin-paternal-grandmother,3015,paternal grandmother,n,Kinship,Father's mother.,active,,
kin-paternal-uncle,3763,paternal uncle,n,Kinship,Father's brother or father's sibling's husband.,active,,
kin-paternal-uncle-father-s-brother,1985,paternal uncle,n,Kinship,The brother of one’s father.,active,,
kin-paternal-uncle-father-s-older-brother,2173,paternal uncle,n,Kinship,Father's elder brother.,active,,
kin-paternal-uncle-father-s-younger-brother,2174,paternal uncle,n,Kinship,Father's younger brother.,active,,
kin-people-or-person,2661,people or person,n,Kinship,Either multiple human beings or one human being.,active,,
kin-person,683,person,n,Kinship,A human being.,active,,
kin-relatives,1644,relatives,n,Kinship,"A person that is considered to be of the same family due to shared ancestors, marriage or adoption.",active,,
kin-same-sex-older-sibling,3037,same-sex older sibling,n,Kinship,A person of the same sex who is born before another person who has the same parents.,active,,
kin-same-sex-younger-sibling,3038,same-sex younger sibling,n,Kinship,A person of the same sex who is born after another person who has the same parents.,active,,
kin-self,1993,self,x,Kinship,The essential qualities that make a person or a thing distinct from all others.,active,,
kin-she,1834,she,x,Kinship,A female other; the female previously mentioned. 3rd person singular feminine subject pronoun.,active,,
kin-sibling,1640,sibling,n,Kinship,A person who has the same parents as another person.,active,,
kin-sibling-in-law,1832,sibling-in-law,n,Kinship,The husband of one's sister.,active,,
kin-sibling-s-child,173,sibling's child,n,Kinship,The child of a sibling.,active,,
kin-sister,1263,sister,n,Kinship,A female person who has the same parents as another person.,active,,
kin-sister-in-law,2317,sister-in-law,n,Kinship,The sister of one's partner in a marriage.,active,,
kin-sister-in-law-husband-s-older-sister,2700,sister-in-law,n,Kinship,Husband of one's older sister.,active,,
kin-sister-in-law-husband-s-younger-sister,2701,sister-in-law,n,Kinship,Husband of one's younger sister.,active,,
kin-sister-in-law-of-female-ego,3781,sister-in-law,n,Kinship,The sister of a woman's husband or the wife of a woman's brother.,active,,
kin-sister-in-law-older-brother-s-wife,2695,sister-in-law,n,Kinship,Wife of one's older brother.,active,,
kin-sister-of-man,561,sister,n,Kinship,The sister of a man.,active,,
kin-sister-of-woman,562,sister,n,Kinship,The sister of a woman.,active,,
kin-son,1620,son,n,Kinship,One's male child.,active,,
kin-son-in-law,1056,son-in-law,n,Kinship,The male marital partner of someone's child.,active,,
kin-son-in-law-of-man,2267,son-in-law,n,Kinship,The son-in-law of a man.,active,,
kin-son-in-law-of-woman,2266,son-in-law,n,Kinship,The son-in-law of a woman.,active,,
kin-son-of-male-ego,3779,son,n,Kinship,"A son, as referred to by his father.",active,,
kin-son-of-woman,3939,son of woman,n,Kinship,Son of a mother,active,,
kin-spouse,2514,spouse,n,Kinship,"One of the partners in a marriage, be they male or female.",active,,
kin-stepchild,3910,stepchild,n,Kinship,The child of one's spouse and his or her previous partner.,active,,
kin-stepdaughter,1058,stepdaughter,n,Kinship,The daughter of one's spouse and his or her previous partner.,active,,
kin-stepfather,237,stepfather,n,Kinship,"The husband of one's biological mother, other than one's biological father.",active,,
kin-stepmother,236,stepmother,n,Kinship,"The wife of one's biological father, other than one's biological mother.",active,,
kin-stepson,1059,stepson,n,Kinship,The son of one's spouse and his or her previous partner.,active,,
kin-surname,3426,surname,n,Kinship,The family name of a person.,active,,
kin-thee,2304,thee,x,Kinship,Oblique cases of the second person singular pronoun.,active,,
kin-they,817,they,x,Kinship,"The third person plural of the personal pronoun that designates more than one person or animal, thing or idea which have already been mentioned previously.",active,,
kin-they-two,2635,they two,x,Kinship,The third person dual of the personal pronoun.,active,,
kin-thou,1215,thou,x,Kinship,The person addressed.,active,,
kin-thou-honorific,3292,thou,x,Kinship,The person addressed (honorific).,active,,
kin-twins,1005,twins,n,Kinship,A case of multiple birth in which the mother gives birth to two offspring from the same pregnancy.,active,,
kin-uncle,1327,uncle,n,Kinship,The brother of someone’s father or mother.,active,,
kin-uncle-husband-of-father-s-sister,2690,uncle,n,Kinship,The husband of the sister of one's father.,active,,
kin-us,2310,us,x,Kinship,Oblique case of the first person plural pronoun.,active,,
kin-virgin,2298,virgin,n,Kinship,A person who has never engaged in sexual intercourse.,active,,
kin-we,1212,we,x,Kinship,The speaker or writer and at least one other person.,active,,
kin-we-exclusive,1130,we,x,Kinship,"Exclusive we: I and at least one other person, but not the addressed person (you) (pronoun 1st person plural without 2nd person).",active,,
kin-we-inclusive,1131,we,x,Kinship,"Inclusive we: I and at least one other person, including the addressed person(s) (pronoun 1st person plural with 2nd person).",active,,
kin-we-two,2634,we two,x,Kinship,The speaker and exactly one other person.,active,,
kin-we-two-exclusive,2636,we two,x,Kinship,"Exclusive dual of the first person: I and exactly one other person, but not the addressed person (you).",active,,
kin-we-two-inclusive,2637,we two,x,Kinship,"Inclusive dual of the first person: I and exactly one other person, including the addressed person (you).",active,,
kin-wedding,1259,wedding,n,Kinship,"A ceremony celebrating the beginning of a marriage, during which the marrying parties exchanges vows.",active,,
kin-white-man,2839,white man,n,Kinship,Term used to describe men who are perceived to be light-skinned.,active,,
kin-white-woman,2840,white woman,n,Kinship,Term used to describe women who are perceived to be light-skinned.,active,,
kin-widow,1756,widow,n,Kinship,A woman whose spouse has died.,active,,
kin-widower,1981,widower,n,Kinship,A man whose spouse has died.,active,,
kin-wife,1199,wife,n,Kinship,The female partner in a marriage.,active,,
kin-woman,962,woman,n,Kinship,An adult human member of the sex that produces ova and bears young.,active,,
kin-you,1213,you,x,Kinship,The group of persons addressed.,active,,
kin-you-formal-address,2844,you,x,Kinship,The formal way to address the second person.,active,,
kin-you-honorific,3293,you,x,Kinship,The group of persons addressed (honorific).,active,,
kin-you-oblique-case-of-you,2312,you,x,Kinship,The oblique case of the second person plural pronoun.,active,,
kin-you-two,2111,you two,x,Kinship,Addressing two persons (second person dual).,active,,
kin-young-man,76,young man,n,Kinship,A male juvenile between the onset of puberty and maturity; in the state of development between puberty and maturity.,active,,
kin-young-woman,77,young woman,n,Kinship,A female juvenile between the onset of puberty and maturity; in the state of development between puberty and maturity.,active,,
kin-younger-brother,1760,younger brother,n,Kinship,A male with fewer years of age than one or more of his siblings.,active,,
kin-younger-brother-of-man,2416,younger brother,n,Kinship,The younger brother of a man.,active,,
kin-younger-brother-of-woman,2417,younger brother,n,Kinship,The younger brother of a woman.,active,,
kin-younger-sibling,427,younger sibling,n,Kinship,A person who is born after another person who has the same parents.,active,,
kin-younger-sister,1761,younger sister,n,Kinship,A female who is younger than one or more of her siblings.,active,,
kin-younger-sister-of-man,2420,younger sister,n,Kinship,The younger sister of a man.,active,,
kin-younger-sister-of-woman,2421,younger sister,n,Kinship,The younger sister of a woman.,active,,
law-abuse,1953,abuse,n,Law,Improper or excessive treatment or usage (e.g. alcohol); application to a wrong or bad purpose (e.g. public funds).,active,,
law-accuse,1814,accuse,v,Law,To lay a charge against; bring an accusation against.,active,,
law-acquit,988,acquit,v,Law,To pronounce not guilty of criminal charges.,active,,
law-adjudicate,1818,adjudicate,v,Law,To act as a judge.,active,,
law-adultery,902,adultery,n,Law,Sex by a married person with someone other than their spouse.,active,,
law-arson,1889,arson,n,Law,The crime of setting fire to a building or a property on purpose.,active,,
law-condemn,484,condemn,v,Law,"To declare, after a judgment, that somebody is guilty of committing a crime.",active,,
law-convict,983,convict,v,Law,To find guilty of a crime as a result of legal proceedings.,active,,
law-court,1068,court,n,Law,"An organ of the government, belonging to the judicial department, whose function is the application of the laws to controversies brought before it and the public administration of justice.",active,,
law-defendant,1034,defendant,n,Law,Any party who is required to answer the complaint of a plaintiff in a civil lawsuit before a court.,active,,
law-fine,218,fine,n,Law,A pecuniary punishment or penalty imposed by lawful tribunal upon person convicted of crime or misdemeanor.,active,,
law-fraud,4081,fraud,n,Law,"Intentional deception or misrepresentation aimed at obtaining an unfair, unlawful, or dishonest advantage, often material or financial",active,,
law-guilty,1682,guilty,adj,Law,"Having committed an offense, crime, violation, or wrong, especially against moral or penal law.",active,,
law-infringe,555,infringe,v,Law,To commit a crime less serious than a felony.,active,,
law-innocent,90,innocent,adj,Law,Not guilty.,active,,
law-judge,861,judge,n,Law,A person who decides the fate of someone or something that has been called into question.,active,,
law-judgment,1067,judgment,n,Law,"The official and authentic decision of a court of justice upon the respective rights and claims of the parties to an action or suit therein litigated and submitted to its determination, the final decision of the court resolving the dispute and determining the rights and obligations of the parties.",active,,
law-justice,4049,justice,n,Law,"The principle or practice of treating people fairly and giving each person what they are due, based on law, ethics, or equity.",active,,
law-law,1062,law,n,Law,"A body of rules of action or conduct prescribed by a legislative authority, and having binding legal force.",active,,
law-murder,845,murder,n,Law,The intentional or premeditated killing of another person.,active,,
law-oath,1712,oath,n,Law,"Promise or solemn declaration in front of an authority, another person or to oneself.",active,,
law-penalty,1196,penalty,n,Law,Punitive sanction taken against someone who has broken the law.,merged,390,
law-perjury,1792,perjury,n,Law,The deliberate giving of false or misleading testimony under oath.,active,,
law-plaintiff,2020,plaintiff,n,Law,One who commences a legal process by a complaint.,active,,
law-plunder,3670,plunder,v,Law,"To steal goods or valuables with force, especially during a war or civil disorder.",active,,
law-prison,1281,prison,n,Law,A place in which individual persons have restricted personal freedom.,active,,
law-punish,3649,punish,v,Law,"To inflict pain, suffering or loss on somebody who has broken a law or done something wrong.",active,,
law-punishment,390,punishment,n,Law,"The act or process of punishing, imposing and/or applying a sanction; a penalty to punish wrongdoing, especially for crime.",active,,
law-rape,953,rape,n,Law,The act of forcing sexual intercourse or other sexual activity upon another person against their will.,active,,
law-robber,3376,robber,n,Law,A criminal that forcefully takes possession of someone else's money or property.,active,,
law-steal,713,steal,v,Law,"To take possession of property belonging to another without the consent of this owner; most typically when not observed, rather than by force.",active,,
law-swear,1939,swear,v,Law,To declare or affirm solemnly and formally as true.,active,,
law-swindle,3055,swindle,v,Law,To deceive or deprive by trickery and fraud; to cheat.,active,,
law-theft,4071,theft,n,Law,The unlawful taking of another’s property without consent and with the intent to permanently deprive them of it.,active,,
law-thief,1160,thief,n,Law,Someone who takes property belonging to someone else with the intention of keeping it or selling it.,active,,
law-witness,1144,witness,n,Law,Someone who has a personal knowledge of something.,active,,
lng-admit,2022,admit,v,Speech and language,To admit to be true.,active,,
lng-agree,3643,agree,v,Speech and language,To have the same opinion as someone else.,active,,
lng-announce,9,announce,v,Speech and language,To make known by stating or announcing.,active,,
lng-answer,1275,answer,v,Speech and language,"To communicate a message of any form in reaction to something that has been asked or expressed, to the being who expressed it; to react verbally.",active,,
lng-ask-inquire,1309,ask,v,Speech and language,To ask (a question) to somebody; to seek an answer to.,active,,
lng-ask-request,1828,ask,v,Speech and language,"To ask for a service or physical goods, often without returning the favor in kind.",active,,
lng-battle-cry,3741,battle cry,n,Speech and language,"A shout, used by warriors in battle with the purpose of arousing aggression on their own side or intimidating the enemy.",active,,
lng-be-called-by-name,3835,be called by name,adj,Speech and language,To have a specific name or be named something or be called something.,active,,
lng-be-silent,48,be silent,v,Speech and language,To stop speaking or making noise.,active,,
lng-beg,3534,beg,v,Speech and language,To make a living by asking people for money or food.,active,,
lng-boast,101,boast,v,Speech and language,To show off.,active,,
lng-book,963,book,n,Speech and language,"A collection of leaves of paper, parchment or other material, usually bound or fastened together within covers, containing writing of any type or blank pages for future inscription.",active,,
lng-brass-instrument,2136,brass instrument,n,Speech and language,"Any musical instrument that is a member of the brass family of musical instruments, usually a horn or a trumpet.",active,,
lng-call,1084,call,v,Speech and language,To address or summon someone.,active,,
lng-call-appeal,2944,call,n,Speech and language,An act of calling with the voice.,active,,
lng-call-by-name,180,call by name,v,Speech and language,"To give a name or designation of a common noun that, e.g., reflects a quality.",active,,
lng-chapter,835,chapter,n,Speech and language,"A part of a book, a literary work etc. with a distinct content, set apart using typography.",active,,
lng-character,1024,character,n,Speech and language,A symbol used to represent a sound or a word.,active,,
lng-come-here,3555,come here,x,Speech and language,An order for the person addressed to come near to the speaker.,active,,
lng-complain,3642,complain,v,Speech and language,To express one's dissatisfaction or unhappiness.,active,,
lng-conduct,3111,conduct,v,Speech and language,To lead some kind of musical performance.,active,,
lng-conversation,2933,conversation,n,Speech and language,"Conversation is interactive, communication between two or more people.",active,,
lng-deny,755,deny,v,Speech and language,To refuse strongly and solemnly to own or acknowledge.,active,,
lng-dialect,2815,dialect,n,Speech and language,A variety of a language that is characteristic of a particular group.,active,,
lng-do-not-do-it,2660,do not do it,v,Speech and language,Ask or command somebody to not carry out an action.,active,,
lng-drum,908,drum,n,Speech and language,A percussion instrument consisting of at least one membrane that is stretched over a shell and struck directly with the player's hands or with a drumstick.,active,,
lng-flute,777,flute,n,Speech and language,A musical instrument of the woodwind family.,active,,
lng-folk-song,2059,folk song,n,Speech and language,A traditional piece of music with words to sing.,active,,
lng-forbid,83,forbid,v,Speech and language,To tell not to do something.,active,,
lng-goodbye,3554,goodbye,n,Speech and language,"A conventional expression, used as a farewell when parting.",active,,
lng-greet,3552,greet,v,Speech and language,To welcome someone; to address someone in a friendly and welcoming way upon meeting them.,active,,
lng-guitar,3090,guitar,n,Speech and language,Musical instrument with usually six strings.,active,,
lng-hello,3553,hello,n,Speech and language,"A conventional expression, used as a greeting.",active,,
lng-hiss,3685,hiss,v,Speech and language,To produce a continuous voiceless sibilant sound like a long /s/.,active,,
lng-horn,939,horn,n,Speech and language,A wind instrument made of a wound copper tube with a wide sound bucket and valves.,active,,
lng-howl,526,howl,v,Speech and language,"To cry like a wolf, dog, or other canids.",active,,
lng-hum,3671,hum,v,Speech and language,To sing a tune with the mouth closed.,active,,
lng-information,4044,information,n,Speech and language,"Data or knowledge that is communicated or received, often used to inform decisions or provide understanding.",active,,
lng-jew-s-harp,3319,jew’s harp,n,Speech and language,A small musical instruments put between the teeth and played with a finger.,active,,
lng-joke,3425,joke,n,Speech and language,"Something that is said or done in a non-serious, comic way.",active,,
lng-language,1307,language,n,Speech and language,"A system of communication using the spoken or signed word or using symbols that represent words, signs or sounds.",active,,
lng-language-or-word,2799,language or word,n,Speech and language,"A system of communication using the spoken or signed word or using symbols that represent words, signs or sounds or a distinct unit of language (sounds in speech or written letters) with a particular meaning, composed of one or more morphemes, and also of one or more phonemes that determine its sound pattern.",active,,
lng-lute,2681,lute,n,Speech and language,A plucked string musical instrument with with a neck and a deep round back.,active,,
lng-make-a-joke,2760,make a joke,v,Speech and language,To say something which is not meant seriously.,active,,
lng-meaning,2950,meaning,n,Speech and language,The thing one intends to convey especially by language.,active,,
lng-message,2961,message,n,Speech and language,A message is a discrete unit of communication intended by the source for consumption by some recipient or group of recipients.,active,,
lng-mumble,128,mumble,v,Speech and language,To speak unintelligibly and without articulating.,active,,
lng-name,1405,name,n,Speech and language,"Any word or phrase which designates a particular person, place, class or thing.",active,,
lng-paper,648,paper,n,Speech and language,"Felted or matted sheets of cellulose fibers, formed on a fine-wire screen from a dilute water suspension, and bonded together as the water is removed and the sheet is dried.",active,,
lng-pen,794,pen,n,Speech and language,"A utensil, usually tubular in form, containing ink used to write or make marks.",active,,
lng-persuade,3645,persuade,v,Speech and language,To convince someone to do something by giving them good reasons to do so.,active,,
lng-play,3124,play,v,Speech and language,Execute coordinated movements on or with a musical instrument to produce sounds.,active,,
lng-poet,1045,poet,n,Speech and language,A person who writes poems.,active,,
lng-poetry,541,poetry,n,Speech and language,The class of literature comprising poems; a poet's literary production; composition in verse or language exhibiting conscious attention to patterns.,active,,
lng-promise,1675,promise,v,Speech and language,To commit to doing something or assure that something will happen.,active,,
lng-proverb,3646,proverb,n,Speech and language,"A widely known and used phrase or sentence, giving advice or reflecting something commonly experienced.",active,,
lng-question,3268,question,n,Speech and language,A sentence used to obtain information by evoking a response.,active,,
lng-rattle,300,rattle,n,Speech and language,A wooden instrument that makes a loud knocking noise [used by people watching football games].,active,,
lng-read,724,read,v,Speech and language,To look at and interpret letters or other information that is written.,active,,
lng-refuse,49,refuse,v,Speech and language,To not do what is being asked.,active,,
lng-repeat,880,repeat,v,Speech and language,To do something again.,active,,
lng-roar,3896,roar,v,Speech and language,"To make a deep loud cry (of lions and comparable wild animals); to make a deep loud cry, usually out of anger (of humans).",active,,
lng-saxophone,4024,saxophone,n,Speech and language,A musical instrument of the woodwind class consisting of a curved metal tube with finger keys and a mouthpiece.,active,,
lng-say,1458,say,v,Speech and language,To utter specific words or notions.,active,,
lng-scold,299,scold,v,Speech and language,To rebuke.,active,,
lng-scream,3809,scream,v,Speech and language,"To give a loud cry out of pain, fear or excitement. The vocalisation resulted from screaming is distinct from that produced by shrieking in that it is typically characterized by a longer duration and lower pitch.",active,,
lng-shout,715,shout,v,Speech and language,To say something in a loud voice.,active,,
lng-shriek,298,shriek,v,Speech and language,"To make a short, loud and high-pitched sound in reaction to something.",active,,
lng-sign,1720,sign,n,Speech and language,Feature element which permits to refer to anything or any person.,active,,
lng-sing,1261,sing,v,Speech and language,To produce harmonious sounds with one's voice.,active,,
lng-singe,3698,singe,v,Speech and language,"To burn the surface of something slightly, usually by mistake, in a way that it does not catch fire; to be burnt this way.",active,,
lng-speak,1623,speak,v,Speech and language,To communicate by the use of words.,active,,
lng-speech,1115,speech,n,Speech and language,"An address or form of oral communication in which a speaker makes his thoughts and emotions known before an audience, often for a given purpose. (Source: RHW)",active,,
lng-story,2060,story,n,Speech and language,A retelling of real or fictive events.,active,,
lng-stutter,1866,stutter,v,Speech and language,"To have problems articulating the words, repeting sometimes some syllables.",active,,
lng-stutterer,3367,stutterer,n,Speech and language,A person that stutters.,active,,
lng-tambourine,3141,tambourine,n,Speech and language,"Musical instrument with round, wooden frame and covered by skin, plastic, etc. with metal discs around the frame.",active,,
lng-tell,1711,tell,v,Speech and language,To talk about a story giving its details; to give a detailed account of.,active,,
lng-threaten,1192,threaten,v,Speech and language,To make a threat of injury or punishment against someone.,active,,
lng-trumpet,775,trumpet,n,Speech and language,A musical instrument in the brass family.,active,,
lng-violin,4023,violin,n,Speech and language,"A small, wooden and bowed stringed musical instrument with four strings.",active,,
lng-voice,1363,voice,n,Speech and language,The sound and tones human beings are able to produce with the vocal cords.,active,,
lng-whisper,55,whisper,v,Speech and language,"To speak in a quiet voice, without vibration of the vocal cords.",active,,
lng-whistle,1025,whistle,v,Speech and language,To make a sound or a melody by forcing the breath out between closed lips.,active,,
lng-word,1599,word,n,Speech and language,"A distinct unit of language (sounds in speech or written letters) with a particular meaning, composed of one or more morphemes, and also of one or more phonemes that determine its sound pattern.",active,,
lng-write,1672,write,v,Speech and language,"To form (letters, words or symbols) on a surface in order to communicate.",active,,
mod-abacus,2489,abacus,n,Modern world,"A calculating tool that was in use centuries before the adoption of the written modern numeral system and is still widely used by merchants, traders and clerks in Asia, Africa, and elsewhere.",active,,
mod-accordion,2603,accordion,n,Modern world,A musical instrument.,active,,
mod-address,591,address,n,Modern world,"Direction or superscription of a letter, or the name, title, and place of residence of the person addressed.",active,,
mod-airplane,1597,airplane,n,Modern world,A powered heavier-than-air aircraft with fixed wings that obtains lift by the Bernoulli effect and is used for transportation.,active,,
mod-ambulance,4013,ambulance,n,Modern world,"A vehicle that is equipped for taking sick or injured people to and from hospital, especially in case of emergencies.",active,,
mod-balloon,3083,balloon,n,Modern world,"A small, elastic hollow body used for decoration and as toy.",active,,
mod-bamboo-mat,3240,bamboo mat,n,Modern world,A mat made from bamboo.,active,,
mod-bank,1284,bank,n,Modern world,A financial institution where one can borrow money (upon which interest is due) or deposit money (in order to collect interest).,active,,
mod-barrel,2548,barrel,n,Modern world,A cylindrical container for liquids and food.,active,,
mod-bathtub,4027,bathtub,n,Modern world,"A plastic, metal or ceramic container used for washing the whole body (bathing) when filled with water.",active,,
mod-battery,662,battery,n,Modern world,"A cell or several cells connected together, each cell containing the essentials for producing voltaic electricity.",active,,
mod-benefit,2929,benefit,n,Modern world,The profit of some action.,active,,
mod-bicycle,747,bicycle,n,Modern world,"A vehicle with two wheels in tandem, pedals connected to the rear wheel by a chain, handlebars for steering, and a saddlelike seat.",active,,
mod-birth-certificate,397,birth certificate,n,Modern world,"Official document certifying the details of a person's birth. Name, date, and parents' names are always included; details such as parents' occupation and religion may be included.",active,,
mod-bomb,1804,bomb,n,Modern world,A device filled with explosives used for destroying things.,active,,
mod-boss,2930,boss,n,Modern world,"A boss is a person in charge, or a supervisor.",active,,
mod-bottle,1321,bottle,n,Modern world,"A container, typically made of glass and having a tapered neck, used for holding liquids.",active,,
mod-box,1465,box,n,Modern world,A generic man-made object with space in it (commonly made of cardboard or wood) that is used to keep and store many various different objects.,active,,
mod-box-or-chest,3150,box or chest,n,Modern world,"Either a generic manmade object with space in it that is used to keep and store many various different objects, or a strong box with a lid on top.",active,,
mod-brake,966,brake,v,Modern world,Decelerate using a mechanical device.,active,,
mod-bus,1070,bus,n,Modern world,"A large, long-bodied motor vehicle equipped with seating for passengers, usually operating as part of a scheduled service.",active,,
mod-business,2931,business,n,Modern world,A business is an organizational entity involved in the provision of goods and services to consumers.,active,,
mod-cake,2408,cake,n,Modern world,Cake is a form of sweet dessert that is typically baked.,active,,
mod-calculate,2867,calculate,v,Modern world,To determine by mathematical processes.,active,,
mod-calendar,1967,calendar,n,Modern world,A table showing the months and days of the year.,active,,
mod-camera,2618,camera,n,Modern world,Optical instrument for storing images.,active,,
mod-can,1051,can,n,Modern world,"A small, round-shaped metal container, used for different purposes like storing food or liquids, or collecting money.",active,,
mod-candy,874,candy,n,Modern world,Food item that is rich in sugar.,active,,
mod-car,1111,car,n,Modern world,"A four-wheeled motor vehicle used for land transport, usually propelled by a gasoline or diesel internal combustion engine.",active,,
mod-card,2619,card,n,Modern world,A flat device in rectangular form that fulfills various functions.,active,,
mod-carriage,2620,carriage,n,Modern world,"A wheeled vehicle for people, usually horse-drawn.",active,,
mod-channel,2423,channel,n,Modern world,"In physical geography, a channel is a type of landform consisting of the outline of a path of relatively shallow and narrow body of fluid, most commonly the confine of a river, river delta or strait.",active,,
mod-chime,2897,chime,v,Modern world,To ring the bells.,active,,
mod-christmas,2405,christmas,n,Modern world,"Christmas or Christmas Day (Old English: Crīstesmæsse, meaning Christ's Mass) is an annual festival commemorating the birth of Jesus Christ, observed most commonly on December 25 as a religious and cultural celebration among billions of people around the world.",active,,
mod-cigar,4019,cigar,n,Modern world,"A rolled bundle of dried and fermented tobacco leaves of various sizes, which is made to be smoked.",active,,
mod-cigarette,969,cigarette,n,Modern world,"A product manufactured out of cured and finely cut leaves, which are rolled or stuffed into a paper-wrapped cylinder for smoking.",active,,
mod-city,2547,city,n,Modern world,A big village.,active,,
mod-companionship,2983,companionship,n,Modern world,"An interpersonal relationship is a strong, deep, or close association or acquaintance between two or more people that may range in duration from brief to enduring.",active,,
mod-compass,2606,compass,n,Modern world,An instrument for navigation and orientation.,active,,
mod-computer,3086,computer,n,Modern world,A device for automatically performing sets of logical or arithmetical instructions.,active,,
mod-cradle,2946,cradle,n,Modern world,A bed for a baby.,active,,
mod-crime,1066,crime,n,Modern world,"Any act done in violation of those duties which an individual owes to the community, and for the breach of which the law has provided that the offender shall make satisfaction to the public. (Source: BLACK)",active,,
mod-curtain,2621,curtain,n,Modern world,Piece of cloth on a window intended to obscure the interior of a room or to prevent people from looking inside.,active,,
mod-damage,2947,damage,n,Modern world,Loss or harm resulting from injury to person or objects.,active,,
mod-darts,2587,darts,n,Modern world,A game in which small arrows are thrown on a target.,active,,
mod-defect,1995,defect,n,Modern world,A fault or malfunction.,active,,
mod-doll,1659,doll,n,Modern world,"A model of a human, a humanoid, an animal or a fictional character, usually made of cloth or plastic.",active,,
mod-dominoes,2594,dominoes,n,Modern world,A game played with rectangular ties.,active,,
mod-driver-s-license,599,driver's license,n,Modern world,Official document granting someone the authorisation to drive some vehicles.,active,,
mod-election,240,election,n,Modern world,A process by which members of a population vote to choose a person to hold public office.,active,,
mod-electricity,59,electricity,n,Modern world,A general term used for all phenomena caused by electric charge whether static or in motion.,active,,
mod-elevator,4033,elevator,n,Modern world,"A box-like device that moves up and down, carrying people or goods from one floor of a building/mine to another.",active,,
mod-engine,2622,engine,n,Modern world,Machine that converts energy into mechanical energy.,active,,
mod-erhu,3052,erhu,n,Modern world,"A two-stringed fiddle common in Eastern Asia; Chinese violin, Chinese two-stringed fiddle.",active,,
mod-escalator,2596,escalator,n,Modern world,A moving staircase.,active,,
mod-fairy-tale,2937,fairy tale,n,Modern world,"A fairy tale is a type of short story that typically features folkloric fantasy characters, such as dwarves, dragons, elves, fairies, giants, gnomes, goblins, griffins, mermaids, talking animals, trolls, unicorns, or witches, and usually magic or enchantments.",active,,
mod-faucet,1488,faucet,n,Modern world,A device applied to the end of a pipe in order to interrupt and regulate the flow of a liquid or gas.,active,,
mod-ferry,3733,ferry,n,Modern world,A transport ship used for small distances from one port to another which often runs on a regular schedule.,active,,
mod-flag,2623,flag,n,Modern world,A squared piece of cloth that usually is attached to a stick and is used to fulfil various functions of representation.,active,,
mod-frame,2624,frame,n,Modern world,A structural system of support.,active,,
mod-funnel,2602,funnel,n,Modern world,A pipe with a wide mouth used to channel liquid into containers with small opening.,active,,
mod-garbage,909,garbage,n,Modern world,"Unwanted or undesired material, usually discarded.",active,,
mod-garbage-can,4036,garbage can,n,Modern world,"A large container for rubbish from a house, usually made of either metal or plastic.",active,,
mod-globe,2588,globe,n,Modern world,A spherical representation of the earth.,active,,
mod-gong,2502,gong,n,Modern world,"An African, East and South East Asian musical percussion instrument that takes the form of a flat, circular metal disc which is hit with a mallet.",active,,
mod-government,815,government,n,Modern world,"A body that has the authority to make and the power to enforce laws within a civil, corporate, religious, academic, or other organization or group.",active,,
mod-harmonica,2590,harmonica,n,Modern world,A mouth organ (musical instrument).,active,,
mod-harp,2597,harp,n,Modern world,A string musical instrument.,active,,
mod-helicopter,2580,helicopter,n,Modern world,A type of rotorcraft in which lift and thrust are supplied by rotors.,active,,
mod-hospital,616,hospital,n,Modern world,A place where people who are ill or injured are treated and taken care of by doctors and nurses.,active,,
mod-industry,4114,industry,n,Modern world,"Organized economic activity involving the production of goods or services, often on a large scale.",active,,
mod-injection,1805,injection,n,Modern world,A method of putting liquid into the body with a hollow needle and a syringe which is pierced through the skin long enough for the material to be forced into the body.,active,,
mod-ink,2643,ink,n,Modern world,"A liquid or paste that contains pigments or dyes and is used to color a surface to produce an image, text, or design.",active,,
mod-ironing-board,3998,ironing board,n,Modern world,"A board covered with cloth, usually with folding legs, on which clothes and other items can be made smooth with an iron.",active,,
mod-jack,50,jack,n,Modern world,A playing card marked with the figure of a servant or soldier.,active,,
mod-lavish,222,lavish,adj,Modern world,"Very generous; giving (money, praise, etc.) in abundance.",active,,
mod-letter,1612,letter,n,Modern world,A text that is written to and for a specific person or set of people (and is most commonly sent to them by post).,active,,
mod-library,2428,library,n,Modern world,"A library is a collection of sources of information and similar resources, made accessible to a defined community for reference or borrowing.",active,,
mod-license-plate,1790,license plate,n,Modern world,"Metal sheet for alphanumerical identification of vehicles, on their front and/or rear parts.",active,,
mod-logic,2429,logic,n,Modern world,"Logic (from the Ancient Greek: λογική, logike) is the branch of philosophy concerned with the use and study of valid reasoning. The study of logic also features prominently in mathematics and computer science.",active,,
mod-machine,144,machine,n,Modern world,"A device able to perform a particular, more or less complex, job.",active,,
mod-mail,167,mail,n,Modern world,A batch of letters and parcels received via post.,active,,
mod-map,2625,map,n,Modern world,Symbolic depiction of areas and regions.,active,,
mod-mattress,105,mattress,n,Modern world,A pad on which a person can recline and sleep.,active,,
mod-member,2424,member,n,Modern world,A person who belongs to any organized or non-organized group of people.,active,,
mod-method,3971,method,n,Modern world,A specific technique or way of performing an action to achieve a particular goal.,active,,
mod-microphone,4014,microphone,n,Modern world,"A small instrument converting sound waves into electrical energy, making it amplified or transmitted.",active,,
mod-minister,486,minister,n,Modern world,A person appointed to a high office in the government.,active,,
mod-motor,110,motor,n,Modern world,A machine in which power is applied to do work by the conversion of various forms of energy into mechanical force and motion.,active,,
mod-motorcycle,638,motorcycle,n,Modern world,"Single-track, two-wheeled motor vehicle.",active,,
mod-movie,216,movie,n,Modern world,A sequence of animated images.,active,,
mod-music,642,music,n,Modern world,"The artistic organisation of sounds or tones that expresses ideas and emotions through the elements of rhythm, melody, harmony and tonal colour.",active,,
mod-newspaper,1298,newspaper,n,Modern world,"A publication (usually published daily or weekly and printed on cheap, low-quality paper) that contains news and other articles.",active,,
mod-number,1356,number,n,Modern world,An abstract entity used to describe quantity.,active,,
mod-nurse,1104,nurse,n,Modern world,A person trained to provide care for the sick.,active,,
mod-office,2430,office,n,Modern world,An office is generally a room or other area where administrative work is done.,active,,
mod-pencil,2578,pencil,n,Modern world,A writing device of solid pigment inside a protective wooden casing.,active,,
mod-petrol,2344,petrol,n,Modern world,"A transparent, petroleum-derived liquid that is used primarily as a fuel in internal combustion engines.",active,,
mod-petroleum,650,petroleum,n,Modern world,"A comparatively volatile liquid bitumen composed principally of hydrocarbon, with traces of sulphur, nitrogen or oxygen compounds; can be removed from the earth in a liquid state.",active,,
mod-picture,2401,picture,n,Modern world,A photograph or a painting.,active,,
mod-picture-photograph,3304,picture,n,Modern world,An image taken with a camera.,active,,
mod-pill,395,pill,n,Modern world,"A small, usually cylindrical object designed for easy swallowing, usually containing some sort of medication.",active,,
mod-plastic,654,plastic,n,Modern world,"A polymeric material (usually organic) of large molecular weight which can be shaped by flow; usually refers to the final product with fillers, plasticizers, pigments, and stabilizers included (versus the resin, the homogeneous polymeric starting material); examples are polyvinyl chloride, polyethylene, and urea-formaldehyde.",active,,
mod-police,656,police,n,Modern world,"Branch of the government which is charged with the preservation of public order, the promotion of public health and safety, and the prevention, detection, and punishment of crimes.",active,,
mod-postage-stamp,596,postage stamp,n,Modern world,A piece of paper that is affixed to letters or packages to pay for their delivery.,active,,
mod-postcard,1497,postcard,n,Modern world,A rectangular piece of thick paper or thin cardboard intended to be written on and mailed without an envelope.,active,,
mod-powder,3368,powder,n,Modern world,The granular state of solid matter that was crushed or ground into finest particles.,active,,
mod-president,899,president,n,Modern world,"The title of one who presides over an organisation, company, trade union, university, country, etc.",active,,
mod-problem,2425,problem,n,Modern world,Something that poses difficulties and requires to be solved in someway.,active,,
mod-produce,2886,produce,v,Modern world,To cause to have existence.,active,,
mod-protractor,2612,protractor,n,Modern world,A measuring instrument for measuring angles.,active,,
mod-racket,3096,racket,n,Modern world,Tool used for hitting a ball in tennis-like games.,active,,
mod-radio,1315,radio,n,Modern world,A device that can capture the signal sent over radio waves and render the modulated signal as sound.,active,,
mod-record-player,4004,record player,n,Modern world,A machine on which records are played.,active,,
mod-refrigerator,3952,refrigerator,n,Modern world,"A storage box, compartment or room to stock goods by means of mechanical refrigeration.",active,,
mod-restaurant,4091,restaurant,n,Modern world,A place where meals are prepared and served to customers for payment.,active,,
mod-revolution,2431,revolution,n,Modern world,"A revolution (from the Latin revolutio, a turn around) is a fundamental change in power or organizational structures that takes place in a relatively short period of time.",active,,
mod-robot,4006,robot,n,Modern world,A machine controlled by a computer that is used to perform jobs automatically.,active,,
mod-rocket,4070,rocket,n,Modern world,"A vehicle or device propelled by the rapid expulsion of gases, used to travel into space or for military purposes.",active,,
mod-rubber,4064,rubber,n,Modern world,"An elastic material obtained either from the latex of rubber trees or produced synthetically, widely used in manufacturing for its flexibility, resilience, and water resistance.",active,,
mod-santa-claus,2404,santa claus,n,Modern world,"Santa Claus, also known as Saint Nicholas, Father Christmas, Kris Kringle and simply Santa, is an important figure with legendary, historical and folkloric origins who, in many Western cultures, is said to bring gifts to the homes of the good children on 24 December, the night before Christmas Day.",active,,
mod-screw,1802,screw,n,Modern world,A shaft with a helical groove or thread formed on its surface. Its main use is as a threaded fastener used to hold objects together.,active,,
mod-screwdriver,836,screwdriver,n,Modern world,A hand tool used for driving screws.,active,,
mod-scroll,2608,scroll,n,Modern world,A roll of papyrus.,active,,
mod-sewing-machine,3097,sewing machine,n,Modern world,"A machine that partially automates the process of sewing, i.e. uniting pieces of material by using a needle and a thread.",active,,
mod-sink,915,sink,n,Modern world,"A bowl for washing hands, dishwashing or other purposes, often affixed to a wall.",active,,
mod-ski,2991,ski,n,Modern world,A ski is a narrow strip of semi-rigid material worn underfoot to glide over snow.,active,,
mod-slab,2952,slab,n,Modern world,Thick plate or slice.,active,,
mod-slice,2954,slice,n,Modern world,A thin flat piece cut from something.,active,,
mod-song,1096,song,n,Modern world,A musical piece with lyrics (or words to sing); prose that one can sing.,active,,
mod-spectacles,1898,spectacles,n,Modern world,A pair of lenses in a frame that are worn in front of the eyes and are used to correct faulty vision or protect the eyes.,active,,
mod-state,2955,state,n,Modern world,A politically organized body of people usually occupying a definite territory.,active,,
mod-station,4043,station,n,Modern world,"A designated location or facility used for a specific purpose, such as transportation, communication, or service, where activities or operations are carried out.",active,,
mod-stethoscope,2599,stethoscope,n,Modern world,An acousting medical device for auscultation.,active,,
mod-street,1362,street,n,Modern world,"A paved part of road, usually in a village or a town.",active,,
mod-stroke,2993,stroke,n,Modern world,A single movement with a pen in order to write or paint something.,active,,
mod-submarine,4022,submarine,n,Modern world,"A (war)ship that can travel underwater, usually equipped with a periscope and armed.",active,,
mod-syringe,4090,syringe,n,Modern world,"A medical instrument consisting of a hollow needle attached to a tube and plunger, used for injecting or withdrawing fluids.",active,,
mod-tablet,396,tablet,n,Modern world,"A pill; a small, easily swallowed portion of a substance.",merged,395,
mod-tea,1373,tea,n,Modern world,The drink made by infusing dried leaves or buds in hot water.,active,,
mod-telephone,1379,telephone,n,Modern world,An electronic device used for calling people.,active,,
mod-television,1788,television,n,Modern world,A device for receiving television signals and displaying them in visual form.,active,,
mod-tennis-ball,3103,tennis ball,n,Modern world,"Yellow, spherical object used for playing the game of tennis.",active,,
mod-theory,2433,theory,n,Modern world,"Theory is a contemplative and rational type of abstract or generalizing thinking, or the results of such thinking. Depending on the context, the results might for example include generalized explanations of how nature works.",active,,
mod-toaster,4010,toaster,n,Modern world,"An electrical appliance used for toasting, mostly bread.",active,,
mod-toilet,219,toilet,n,Modern world,A room equipped with a toilet for urinating and defecating.,active,,
mod-toothbrush,2579,toothbrush,n,Modern world,A device to brush one's teeth.,active,,
mod-toy,2403,toy,n,Modern world,A toy is an item that can be used for play.,active,,
mod-tractor,4144,tractor,n,Modern world,"A powerful motorized vehicle, usually with large rear wheels and sometimes tracks, used in agriculture and construction to pull or push machinery and transport heavy loads.",active,,
mod-tragedy,2434,tragedy,n,Modern world,"Tragedy (from the Greek: τραγῳδία, tragōidia[a]) is a form of drama based on human suffering that invokes in its audience an accompanying catharsis or pleasure in the viewing.",active,,
mod-train,900,train,n,Modern world,"A self-propelled, connected group of vehicles moving on rails.",active,,
mod-tray,2629,tray,n,Modern world,Tray is a shallow platform designed for carrying things.,active,,
mod-tripod,2607,tripod,n,Modern world,A portable three-legged frame used as a platform for supporting the weight of some other object.,active,,
mod-truck,4011,truck,n,Modern world,"A large and heavy road vehicle designed for the transportation of goods, materials, or troops.",active,,
mod-tube,2956,tube,n,Modern world,Cylindrical structure or device.,active,,
mod-university,2435,university,n,Modern world,"A university (Latin: universitas, a whole) is an institution of higher (or tertiary) education and research which grants academic degrees in various subjects and typically provides undergraduate education and postgraduate education.",active,,
mod-vase,3746,vase,n,Modern world,An often round vessel which is used for decoration or for holding cut flowers.,active,,
mod-walking-stick,1296,walking stick,n,Modern world,"An object, specifically for providing support when walking.",active,,
mod-ware,2957,ware,n,Modern world,Manufactured articles.,active,,
mod-wealth,2996,wealth,n,Modern world,Wealth is the abundance of valuable resources or valuable material possessions.,active,,
mod-wheelchair,2582,wheelchair,n,Modern world,A chair with wheels.,active,,
mod-whip,2630,whip,n,Modern world,A tool traditionally used by humans to exert control over animals.,active,,
mod-wire,2631,wire,n,Modern world,"A single, usually cylindrical, flexible strand or rod of metal.",active,,
mod-worker,2977,worker,n,Modern world,Somebody who works.,active,,
mod-workshop,1677,workshop,n,Modern world,"A room or building in which work, especially mechanical work, is carried on.",active,,
mod-wreath,2589,wreath,n,Modern world,An assortment of flowers and other things that is constructed to resemble a ring.,active,,
mot-abandon,1097,abandon,v,Motion,"To give up control of, to surrender something.",active,,
mot-accompany,1542,accompany,v,Motion,To go or travel in the company of someone.,active,,
mot-anchor,1870,anchor,n,Motion,"Something, usually a heavy piece of metal with points which dig into the sea-bed, used to hold a boat in one position.",active,,
mot-approach,1778,approach,v,Motion,To come near to; to move towards.,active,,
mot-arrive,1387,arrive,v,Motion,To come to a destination.,active,,
mot-axle,1769,axle,n,Motion,"The central part of a wheel, that usually does not turn.",active,,
mot-blow,175,blow,v,Motion,(Of the wind or a current of air) To move.,active,,
mot-boat,1844,boat,n,Motion,"A craft used for transportation of goods, fishing, racing, recreational cruising, or military use on or in the water, propelled by oars or outboard motor or inboard motor or by wind.",active,,
mot-bolt,2860,bolt,v,Motion,Move in great haste.,active,,
mot-bridge,1011,bridge,n,Motion,"A structure that spans and provides a passage over a road, railway, river, or some other obstacle.",active,,
mot-bring,692,bring,v,Motion,To transport toward somewhere; to take something or somebody with oneself somewhere.,active,,
mot-budge,2861,budge,v,Motion,To move oneself.,active,,
mot-canoe,1970,canoe,n,Motion,A light narrow boat driven by a paddle.,active,,
mot-carry,700,carry,v,Motion,To lift and bring to somewhere else; to transport by lifting.,active,,
mot-carry-in-hand,412,carry in hand,v,Motion,To hold or to take something from one place to another by hands.,active,,
mot-carry-on-back,465,carry on back,v,Motion,To hold or to take something from one place to another on the back.,active,,
mot-carry-on-head,414,carry on head,v,Motion,To hold or to take something from one place to another on top of the head.,active,,
mot-carry-on-shoulder,413,carry on shoulder,v,Motion,To hold or to take something from one place to another on one shoulder.,active,,
mot-carry-person-on-back,2153,carry person on back,v,Motion,To hold or take some person fron one place to another on the back.,active,,
mot-carry-under-arm,415,carry under arm,v,Motion,To hold or to take something from one place to another under the arm.,active,,
mot-cart,122,cart,n,Motion,"A two-wheeled vehicle, commonly without springs, drawn by mules, oxen, or the like, used for the conveyance of heavy goods.",active,,
mot-catch,702,catch,v,Motion,"To take hold of, especially in the hands, so as to seize or restrain or stop the motion of.",active,,
mot-clap,3110,clap,v,Motion,Make noise by putting one's hand together.,active,,
mot-clean,2235,clean,v,Motion,To cause something to be no longer dirty.,active,,
mot-climb,1102,climb,v,Motion,"To mount to a high or little accessible place using feet and hands, e.g. a tree, a mountain or a ladder.",active,,
mot-clumsy,3900,clumsy,adj,Motion,"Moving carelessly or gracelessly, causing things to break or get knocked over.",active,,
mot-come,1446,come,v,Motion,"To move toward or to reach either the speaker, the person spoken to, or the subject of the speaker's narrative.",active,,
mot-come-back,581,come back,v,Motion,To go there where one was before.,active,,
mot-connect,2862,connect,v,Motion,To link two objects with each other.,active,,
mot-crawl,96,crawl,v,Motion,To move using ones hands and knees.,active,,
mot-crawl-or-creep,3456,crawl or creep,v,Motion,To move using ones hands and knees or with one's belly touching the ground.,active,,
mot-creep,3215,creep,v,Motion,To move with one's belly touching the ground.,active,,
mot-crouch,296,crouch,v,Motion,To lower one's body close to the ground by bending one's knees completely.,active,,
mot-dance,1879,dance,v,Motion,"To move with rhythmic steps or movements, especially in time to music.",active,,
mot-dance-movement,3472,dance,n,Motion,A series of rhythmic movements performed to music.,active,,
mot-dash,2863,dash,v,Motion,To move quickly (of a vehicle).,active,,
mot-disappear,485,disappear,v,Motion,"To cease to appear, to not be visible anymore.",active,,
mot-dispel,30,dispel,v,Motion,Force to go away.,active,,
mot-dive,119,dive,v,Motion,To swim under water.,active,,
mot-drip-emit-liquid,2253,drip,v,Motion,To emit drops of liquid.,active,,
mot-drip-fall-in-globules,808,drip,v,Motion,"To fall in globules or small portions, as water or other liquid.",active,,
mot-drive,741,drive,v,Motion,To operate a vehicle.,active,,
mot-drop,750,drop,v,Motion,The event of moving to a lower position due to the effect of gravity.,active,,
mot-drumming,111,drumming,v,Motion,To produce sound with a drum.,active,,
mot-dugout,2189,dugout,n,Motion,A boat made from a hollowed tree trunk.,active,,
mot-enter,749,enter,v,Motion,To go into.,active,,
mot-fall,1280,fall,v,Motion,To descend in free fall due to the effect of gravity.,active,,
mot-fall-of-snow-and-rain,2234,fall,v,Motion,The process by which rain or snow descend from the clouds to the earth.,active,,
mot-fetch,3551,fetch,v,Motion,To go after something or somebody and bring them back.,active,,
mot-flee,956,flee,v,Motion,Leaving a dangerous or unpleasant situation.,active,,
mot-float,1574,float,v,Motion,"Of an object or substance, to be supported by a liquid of greater density than the object so as that part of the object or substance remains above the surface. [WK:float]",active,,
mot-flow,2003,flow,v,Motion,To move as a fluid from one position to another (e.g. of water or of people).,active,,
mot-fly,1441,fly,v,Motion,"To move autonomously through the air, without any part of the object or object's enclosure touching anything attached to the ground.",active,,
mot-follow,1085,follow,v,Motion,To go or come after (in physical space) someone or something.,active,,
mot-go,695,go,v,Motion,To get from one place to another by any means.,active,,
mot-go-down,2014,go down,v,Motion,To go from a higher to a lower place.,active,,
mot-go-out,1107,go out,v,Motion,To move out of or depart from.,active,,
mot-go-up,705,go up,v,Motion,To move from a lower to a higher position by walking or climbing.,active,,
mot-go-up-or-rise,3207,go up or rise,v,Motion,"To move from a lower to a higher position or to get up from a lying, sitting, or kneeling position.",active,,
mot-hitchhike,3117,hitchhike,v,Motion,Travel by means of lifts in vehicles.,active,,
mot-impel,3290,impel,v,Motion,"Cause objects, people or animals to move (typically by following them).",active,,
mot-insert,3071,insert,v,Motion,To cause something to go into; to infix; to introduce.,active,,
mot-journey,2393,journey,n,Motion,Moving from one place to the other or moving around without.,active,,
mot-jump,1829,jump,v,Motion,To propel oneself rapidly upward such that momentum causes the body to become airborne.,active,,
mot-kick,1135,kick,v,Motion,To strike somebody or something with the foot.,active,,
mot-kneel,66,kneel,v,Motion,To go down on one or both knees.,active,,
mot-knock,2396,knock,v,Motion,Making a sound by beating with the hand or with a tool against something.,active,,
mot-lame-person,2322,lame person,n,Motion,A person that is not able to walk.,active,,
mot-land,1922,land,v,Motion,"To descend to a surface, especially from the air.",active,,
mot-lead,43,lead,v,Motion,To guide by moving in front.,active,,
mot-leave,1752,leave,v,Motion,"To move away from a place, a situation or a talk.",active,,
mot-lift,501,lift,v,Motion,To cause an object to have a higher location than previously.,active,,
mot-limp,366,limp,v,Motion,"To walk lamely, as if favouring one leg.",active,,
mot-mast,184,mast,n,Motion,"Post of wood or steel, long, round and straight, standing on a ship, intended to carry the sails, flags, floodlights, or communications equipment.",active,,
mot-motionless,1636,motionless,adj,Motion,Not moving.,active,,
mot-move,765,move,v,Motion,To change the location of an object.,active,,
mot-move-quickly,2220,move quickly,v,Motion,To move forward in a fast way.,active,,
mot-movement,3695,movement,n,Motion,A change of position or place.,active,,
mot-outrigger,416,outrigger,n,Motion,A stabilizer for a canoe; spars attach to a shaped log or float parallel to the hull.,active,,
mot-overcome,1999,overcome,v,Motion,To surmount a physical or an abstract obstacle.,active,,
mot-paddle,3668,paddle,v,Motion,To make a boat move by pushing a pole with a wide end through the water.,active,,
mot-pass-by,558,pass by,v,Motion,To travel past without stopping.,active,,
mot-path,2252,path,n,Motion,A narrow piece of ground that people can walk along.,active,,
mot-path-or-road,2457,path or road,n,Motion,A piece of ground that people can walk or drive along.,active,,
mot-port,610,port,n,Motion,"Area of water next to the coast, often surrounded by thick walls, where ships and boats can be sheltered.",active,,
mot-pound,3768,pound,v,Motion,"To prepare food with a pounding or beating movement, for example, pre-processing of grain or of sago.",active,,
mot-pursue,1047,pursue,v,Motion,"Trying to achieve, to catch, or to reach something or someone.",active,,
mot-push,1452,push,v,Motion,"To apply a force to (an object), in order that it moves away from the origin of the force that was applied.",active,,
mot-raft,1664,raft,n,Motion,"A collection of logs, planks, casks, etc., fastened together for floating on water.",active,,
mot-raise,1317,raise,v,Motion,To cause to rise; to move something from a lower position to a higher one.,merged,501,
mot-return-home,142,return home,v,Motion,"To go to one's home after having left it, such as after a working day or holidays.",active,,
mot-ride,367,ride,v,Motion,To transport oneself by sitting on and directing an animal.,active,,
mot-rise,1512,rise,v,Motion,"To get up from a lying, sitting, or kneeling position.",active,,
mot-road,667,road,n,Motion,A long piece of hard ground that people can drive along from one place to another.,active,,
mot-roll,827,roll,v,Motion,To tip laterally.,active,,
mot-row,1849,row,v,Motion,To pull oars through water in order to make a water vehicle (such as a boat) move.,active,,
mot-rudder,108,rudder,n,Motion,"An underwater vane used to steer a vessel. The rudder is controlled by means of a wheel, tiller or other apparatus.",active,,
mot-run,1519,run,v,Motion,To move quickly by alternately making a short jump off of either foot.,active,,
mot-sail,787,sail,v,Motion,To traverse or travel by ship on a body of water.,active,,
mot-sailboat,4026,sailboat,n,Motion,"A type of boat propelled partly or entirely by sails, smaller than a sailing ship.",active,,
mot-sailcloth,786,sailcloth,n,Motion,A large piece of fabric (as canvas) by means of which wind is used to propel a sailing vessel.,active,,
mot-send,1127,send,v,Motion,"To make something (an object, a message) go from one place to another.",active,,
mot-shake,1909,shake,v,Motion,To cause (something) to move rapidly from side to side.,active,,
mot-ship,740,ship,n,Motion,"A vessel propelled by engines or sails for navigating on the water, especially a large vessel that can not be carried aboard another, as distinguished from a boat.",active,,
mot-sink,1088,sink,v,Motion,"To go down in water, mud, quicksand etc. or to cause something to go down in it.",active,,
mot-sit-down,1649,sit down,v,Motion,To move into a position where the upper body is upright and the bottom is resting  on a surface or the floor.,active,,
mot-skate,3129,skate,v,Motion,Move swiftly over a smooth or slippery surface.,active,,
mot-sled,16,sled,n,Motion,A general term used to refer to a vehicle for transportation on ice or snowy surfaces.,active,,
mot-slip,1324,slip,v,Motion,"To fall over (usually unexpectedly) onto the ground or floor, due to the floor being slippery, smooth or slimy.",active,,
mot-slowly,2165,slowly,x,Motion,With low speed.,active,,
mot-spill,3130,spill,v,Motion,Cause liquids to flow over the edge or out of a container.,active,,
mot-splash,365,splash,v,Motion,To cause a liquid to spatter about. [WN:365],active,,
mot-spoke,182,spoke,n,Motion,One of the connecting rods between the wheel hub and the rim.,active,,
mot-squat,3163,squat,v,Motion,Have bent knees with the body weight is on the feet.,merged,296,
mot-stamp,3618,stamp,v,Motion,To put your foot down on the ground heavily and noisily; to walk in this way.,active,,
mot-stand-up,570,stand up,v,Motion,To rise from a lying or sitting position.,active,,
mot-strew,572,strew,v,Motion,"To distribute objects or pieces of something over an area, especially in a random manner.",active,,
mot-stumble,3617,stumble,v,Motion,To step awkwardly or to catch your foot on something and almost fall.,active,,
mot-surf,3132,surf,v,Motion,Ride on waves by using a flat object.,active,,
mot-surpass,402,surpass,v,Motion,To go beyond a limit.,active,,
mot-sway,573,sway,v,Motion,To move or swing from side to side; or backward and forward; to rock.,active,,
mot-swim,1439,swim,v,Motion,"To move through the water, without touching the bottom.",active,,
mot-throw,1456,throw,v,Motion,"To cause (an object) to move rapidly through the air, with the force of the hand or arm.",active,,
mot-thrust,246,thrust,v,Motion,To push forcefully.,active,,
mot-transit,574,transit,v,Motion,"To cross something (a river, a street etc.).",active,,
mot-travel,3665,travel,v,Motion,"To make a journey, especially over a long distance.",active,,
mot-traverse,1742,traverse,v,Motion,To go or pass through something.,active,,
mot-tread,575,tread,v,Motion,To step or walk (on or over something); to trample.,active,,
mot-turn,1588,turn,v,Motion,To change the direction of movement or the direction in which something is facing.,active,,
mot-turn-around,1444,turn around,v,Motion,Change the direction in which one is moving or facing.,active,,
mot-turn-something,1445,turn,v,Motion,To position by moving an object around its axis.,active,,
mot-twist,430,twist,v,Motion,To wind something around something else or several things around each other.,active,,
mot-twist-around,3199,twist,v,Motion,To wind something around something else.,active,,
mot-twist-together,3236,twist,v,Motion,To wind several things around each other (e.g. in order to form a rope or thread).,active,,
mot-vehicle,2549,vehicle,n,Motion,Any larger device that can be used to move persons and things.,active,,
mot-wagon,959,wagon,n,Motion,"A wheeled vehicle, generally drawn by horse power.",merged,122,
mot-wait,1590,wait,v,Motion,To refrain from acting or moving for some duration or until some event occurs.,active,,
mot-walk,1443,walk,v,Motion,"To move from one place to another by moving legs alternately, so that at least one foot is in contact with the floor or surface at any one time.",active,,
mot-wander,3666,wander,v,Motion,To walk around idly without a specific purpose and direction.,active,,
mot-wheel,710,wheel,n,Motion,A circular object that spins around a central axe thereby allowing relatively low-friction movement.,active,,
mot-wrap,1113,wrap,v,Motion,To surround on all sides.,active,,
mot-yoke,14,yoke,n,Motion,A device for joining together a pair of draft animals.,active,,
phy-active,1861,active,adj,The physical world,Characterized by energetic activity.,active,,
phy-air,27,air,n,The physical world,A predominantly mechanical mixture of a variety of individual gases forming the earth's enveloping atmosphere.,active,,
phy-aluminium,3385,aluminium,n,The physical world,"A metallic chemical element of silver-white colour that occurs mainly in bauxite, with assigned symbol Al and proton number 13.",active,,
phy-arctic-lights,261,arctic lights,n,The physical world,A natural light display in the sky particularly in the Arctic regions.,active,,
phy-area,2980,area,n,The physical world,"Area is the quantity that expresses the extent of a two-dimensional figure or shape, or planar lamina, in the plane.",active,,
phy-ash,646,ash,n,The physical world,The incombustible matter remaining after a substance has been incinerated.,active,,
phy-bay,663,bay,n,The physical world,"An open, curving indentation made by the sea or a lake into a coastline.",active,,
phy-beach,3460,beach,n,The physical world,A sandy strip of land close to the sea or ocean.,active,,
phy-bolt,2007,bolt,n,The physical world,"A sudden, short, temporary burst of light.",active,,
phy-bottom,690,bottom,n,The physical world,The part furthest in the direction toward which an unsupported object would fall.,active,,
phy-boulder,3810,boulder,n,The physical world,"A large rock fragment of natural origin, usually too heavy to be moved by a single person.",active,,
phy-branch,826,branch,n,The physical world,"A separation of a river, a road, etc.",active,,
phy-breeze,3982,breeze,n,The physical world,A gentle to moderate wind.,active,,
phy-bronze,2313,bronze,n,The physical world,"An alloy consisting primarily of copper and the addition of other metals (usually tin) and sometimes arsenic, phosphorus, aluminium, manganese, and silicon.",active,,
phy-bronze-or-copper,3192,bronze or copper,n,The physical world,Chemical element with symbol Cu and atomic number 29 or an alloy made from it.,active,,
phy-brook,3821,brook,n,The physical world,A very shallow flowing body of water smaller than a creek that can easily be crossed.,active,,
phy-bubble,3689,bubble,n,The physical world,A small ball of air or gas in a liquid.,active,,
phy-burn,141,burn,v,The physical world,To cause to undergo fire combustion.,active,,
phy-burning,1428,burning,v,The physical world,To be consumed by fire.,active,,
phy-calm,3820,calm,adj,The physical world,A situation in which a body of water is free from disturbance and without wind or waves.,active,,
phy-cape,1662,cape,n,The physical world,A piece of land extending into water.,active,,
phy-cave,1155,cave,n,The physical world,"1) An underground hollow with access from the ground surface or from the sea, often found in limestone areas and on rocky coastlines.2) A natural cavity, chamber or recess which leads beneath the surface of the earth, generally in a horizontal or obliquely inclined direction. It may be in the form of a passage or a gallery, its shape depending in part on the joint pattern or structure of the rock and partly on the type of process involved in its excavation. Thus, caves worn by subterranean rivers may be different in character from, and of considerably greater extent than, a sea-cave eroded by marine waves.3) A natural underground open space, generally with a connection to the surface and large enough for a person to enter. The most common type of cave is formed in a limestone by dissolution. (Source: CED /  WHIT /  BJGEO)",active,,
phy-charcoal,1188,charcoal,n,The physical world,"A porous solid product containing 85-98% carbon and produced by heating carbonaceous materials such as cellulose, wood or peat at 500-600 C° in the absence of air. (Source: MGH)",active,,
phy-charcoal-or-coal,2659,charcoal or coal,n,The physical world,"Any combustible black, brown, or gray rocklike substance, usually charcoal or coal.",active,,
phy-clearing,2284,clearing,n,The physical world,A part of a forest that contains no trees.,active,,
phy-cliff,992,cliff,n,The physical world,"A steep coastal declivity which may or may not be precipitous, the slope angle being dependent partly on the jointing, bedding and hardness of the materials from which the cliff has been formed, and partly on the erosional processes at work.(Source: WHIT)",active,,
phy-climate,2426,climate,n,The physical world,Climate is the long-term pattern of weather in a particular area.,active,,
phy-cloud,1489,cloud,n,The physical world,Suspensions of minute water droplets or ice crystals produced by the condensation of water vapour.,active,,
phy-cloud-or-fog,3275,cloud or fog,n,The physical world,High or low elevation water suspensions.,active,,
phy-cloudy,2341,cloudy,adj,The physical world,Full of clouds (mostly referring to a cloudy day).,active,,
phy-cloudy-day,2743,cloudy day,n,The physical world,A day with many clouds.,active,,
phy-coal,2658,coal,n,The physical world,A combustible black or brownish-black sedimentary rock usually occurring in rock strata in layers or veins.,active,,
phy-coast,1525,coast,n,The physical world,A line or zone where the land meets the sea or some other large expanse of water.,active,,
phy-cold-weather,3694,cold weather,n,The physical world,"A period of time, characterized by low temperatures.",active,,
phy-cool-down,3068,cool down,v,The physical world,To cause a decrease in temperature of an object or space; to cause something to become cold.,active,,
phy-coral-rock,3179,coral rock,n,The physical world,"Limestone created from the skeleton of reef-forming stony corals (Scleractinia), displaying their growth patterns.",active,,
phy-countryside,3200,countryside,n,The physical world,The region outside of a city or town.,active,,
phy-creek,990,creek,n,The physical world,"A narrow inlet or bay, especially of the sea.",active,,
phy-crystal,4039,crystal,n,The physical world,"A solid material in which the atoms, molecules, or ions are arranged in a highly ordered and repeating pattern, often forming distinct geometric shapes.",active,,
phy-current,2935,current,n,The physical world,"A current, in a river or stream, is the flow of water influenced by gravity as the water moves downhill to reduce its potential energy.",active,,
phy-curved,1698,curved,adj,The physical world,Being bent as to form an arch.,active,,
phy-darkness,11,darkness,n,The physical world,Absence of light.,active,,
phy-day-or-sun,2140,day or sun,n,The physical world,"Either the bright object at the sky that illuminates the earth completely, or the time when the object illuminates the earth.",active,,
phy-desert,3687,desert,n,The physical world,"A barren area of landscape, typically covered with sand, characterized by little precipitation and hostile living conditions for plant and animal life.",active,,
phy-dew,1977,dew,n,The physical world,Atmospheric moisture that condenses after a warm day and appears during the night on cool surfaces as small drops.,active,,
phy-diamond,3878,diamond,n,The physical world,"The hardest known mineral on earth, consisting of crystalline carbon.",active,,
phy-dilute,550,dilute,v,The physical world,To weaken or make thinner by adding a foreign substance or a solvent (e.g. water) to a solution.,active,,
phy-drizzle,1016,drizzle,n,The physical world,"Fine, light rain.",active,,
phy-drop,3748,drop,n,The physical world,A small amount of a liquid that falls in a round shape.,active,,
phy-dust,2,dust,n,The physical world,Any kind of solid material divided in particles of very small size.,active,,
phy-earth-or-land,3603,earth or land,n,The physical world,Referring either to agriculturally viable land (e.g. for farming) or earth in its natural form.,active,,
phy-earth-soil,1228,earth,n,The physical world,The soft and loose material forming a great part of the Earth surface.,active,,
phy-earth-wet-substance,2158,earth,n,The physical world,The soft and loose material forming a great part of the Earth surface in wet form.,merged,1228,
phy-earthquake,6,earthquake,n,The physical world,"The violent shaking of the ground produced by deep seismic waves, originating from the epicentre.",active,,
phy-eclipse,2285,eclipse,n,The physical world,"An astronomical event that occurs when an astronomical object is temporarily obscured, either by passing into the shadow of another body or by having another body pass between it and the viewer.",active,,
phy-elevation,2936,elevation,n,The physical world,"The elevation of a geographic location is its height above or below a fixed reference point, most commonly a reference geoid, a mathematical model of the Earth's sea level as an equipotential gravitational surface (see Geodetic system, vertical datum).",active,,
phy-embers,67,embers,n,The physical world,"A small, glowing piece of coal or wood, as in a dying fire.",active,,
phy-erupt,3112,erupt,v,The physical world,Burst of matter from a volcano.,active,,
phy-estuary,2286,estuary,n,The physical world,"A partly enclosed coastal body of brackish water with one or more rivers or streams flowing into it, and with a free connection to the open sea.",active,,
phy-evening-star,3341,evening star,n,The physical world,A name for Venus when it appears after sunset.,active,,
phy-extinguish,127,extinguish,v,The physical world,To make something stop burning.,active,,
phy-ferment,3652,ferment,v,The physical world,To undergo the chemical change characterized by the conversion of sugars into alcohol under the influence of enzymes.,active,,
phy-filth,4124,filth,n,The physical world,"Strongly disgusting or repulsive substances, e.g., sewage or excrement",active,,
phy-fire,221,fire,n,The physical world,"The state of combustion in which inflammable material burns, producing heat, flames and often smoke.",active,,
phy-fire-or-firewood,2675,fire or firewood,n,The physical world,"The state of combustion in which inflammable material burns, producing heat, flames and often smoke or the Wood intended to be burned.",active,,
phy-firewood,10,firewood,n,The physical world,Wood intended to be burned.,active,,
phy-flame,889,flame,n,The physical world,"A bright yellow, red or bluish light which emerges during combustion processes.",active,,
phy-flash,2377,flash,v,The physical world,The process by which flashes of light are caused by the discharge of atmospheric electrical charge.,active,,
phy-flexible,1691,flexible,adj,The physical world,"Capable of being flexed or bent without breaking; able to be turned, bowed, or twisted, without breaking; pliable; not stiff or brittle.",active,,
phy-flowing-body-of-water,3311,flowing body of water,n,The physical world,"A generic way to refer to a flowing body of water, for example used to refer to rivers, brooks, streams, creeks etc.",active,,
phy-foam,1768,foam,n,The physical world,A mass of adjacent small pockets of air or bubbles with solid or liquid boundaries.,active,,
phy-fog,249,fog,n,The physical world,"Water droplets or, rarely, ice crystals suspended in the air in sufficient concentration to reduce visibility appreciably.",active,,
phy-foggy,3759,foggy,adj,The physical world,A thick layer of fog.,active,,
phy-ford,2818,ford,n,The physical world,A shallow place on a river which may be crossed by wading.,active,,
phy-forest,420,forest,n,The physical world,"A vegetation community dominated by trees and other woody shrubs, growing close enough together that the tree tops touch or overlap, creating various degrees of shade on the forest floor.",active,,
phy-freeze,1431,freeze,v,The physical world,"To reach a chemically solid state, by the process of cooling.",active,,
phy-fresh,243,fresh,adj,The physical world,"Recently made, produced, or harvested (e.g. bread, scent, etc.).",active,,
phy-full-moon,3690,full moon,n,The physical world,The lunar phase when the moon is fully illuminated by the sun and appears in the sky as a full circle.,active,,
phy-gravel,3028,gravel,n,The physical world,An uncosolidated mixture of pebbles and/or rock fragments of different sizes.,active,,
phy-ground,2159,ground,n,The physical world,The top layer of the earth.,active,,
phy-guava,3981,guava,n,The physical world,"Fruit from the myrtle family, native to Latin America.",active,,
phy-gulf,608,gulf,n,The physical world,"An inlet of the sea of large areal proportions, more indented than a bay and generally more enclosed.",active,,
phy-hail,609,hail,n,The physical world,Precipitation in the form of balls or irregular lumps of ice.,active,,
phy-headwaters,2672,headwaters,n,The physical world,The source of a river or stream.,active,,
phy-heat,612,heat,n,The physical world,A form of energy that is transferred by a difference in temperature: it is equal to the total kinetic energy of the atoms or molecules of a system.,active,,
phy-heat-up,1341,heat up,v,The physical world,To cause an increase in temperature of an object or space; to cause something to become hot.,active,,
phy-hew,553,hew,v,The physical world,To chop away at; to whittle down; to mow down.,active,,
phy-high-tide,613,high tide,n,The physical world,The level of water when the tide is at its highest level.,active,,
phy-hill,614,hill,n,The physical world,"A natural elevation of the land surface, usually rounded.",active,,
phy-hinder,554,hinder,v,The physical world,"To make difficult to accomplish; to frustrate, act as obstacle; to keep back; to delay or impede.",active,,
phy-horizon,2287,horizon,n,The physical world,"The apparent line that separates earth from sky, the line that divides all visible directions into two categories: those that intersect the Earth's surface, and those that do not.",active,,
phy-humid,143,humid,adj,The physical world,(Of the air) Containing a high quantity of water vapor.,active,,
phy-ice,617,ice,n,The physical world,The dense substance formed by the freezing of water to the solid state; it commonly occurs in the form of hexagonal crystals.,active,,
phy-inflated,535,inflated,adj,The physical world,Exaggerated or made bigger.,active,,
phy-island,622,island,n,The physical world,"A land mass, especially one smaller than a continent, entirely surrounded by water.",active,,
phy-item,2981,item,n,The physical world,Any object that can be grasped.,active,,
phy-ivory,3800,ivory,n,The physical world,"The hard, white substance which forms the tusks of animals like elephants, narwhals, or walruses and is often considered a valuable material.",active,,
phy-jungle,3808,jungle,n,The physical world,"A type of forest with thick and overgrown ground vegetation, typically associated with tropical or humid climate zones.",active,,
phy-lagoon,623,lagoon,n,The physical world,A body of water cut off from the open sea by coral reefs or sand bars.,active,,
phy-lake,624,lake,n,The physical world,"An enclosed body of water, usually but not necessarily fresh water, from which the sea is excluded.",active,,
phy-land,626,land,n,The physical world,"A specified geographical tract of the Earth's surface including all its attributes, comprising its geology, superficial deposits, topography, hydrology, soils, flora and fauna, together with the results of past and present human activity, to the extent that these attributes exert a significant influence on the present and future land utilization. (Source: WHIT)",active,,
phy-landscape,2342,landscape,n,The physical world,The visible features of a land.,active,,
phy-lawn,3990,lawn,n,The physical world,"An area of grass, especially near to a house or in a park, that is cut regularly to keep it short.",active,,
phy-light-ignite,737,light,v,The physical world,To start a fire or light a flame.,active,,
phy-light-radiation,630,light,n,The physical world,Electromagnetic radiation that is capable of causing a visual sensation. (Source: CED),active,,
phy-lightning,1654,lightning,n,The physical world,The flash of light caused by the discharge of atmospheric electrical charge.,active,,
phy-lime,2540,lime,n,The physical world,"A calcium-containing inorganic material in which carbonates, oxides and hydroxides predominate.",active,,
phy-liquid,58,liquid,adj,The physical world,Existing as or having characteristics of a liquid.,active,,
phy-low-tide,1026,low tide,n,The physical world,the tide at the point of maximum ebb.,active,,
phy-mainland,166,mainland,n,The physical world,A large and continuous mass of land representing most of a region or a country but excluding outlying islands.,active,,
phy-marsh,3688,marsh,n,The physical world,"A muddy and poorly drained area of land, usually near a lake or a river.",active,,
phy-match,1133,match,n,The physical world,A stick with inflammable substance on one end that can be set on fire by friction.,active,,
phy-melody,4054,melody,n,The physical world,"A sequence of musical notes arranged in a particular rhythmic and tonal pattern that is perceived as a single, coherent tune.",active,,
phy-melt,2334,melt,v,The physical world,To make a transition from a solid state (as of frozen water) to a liquid state.,active,,
phy-mess,1083,mess,n,The physical world,A state of confusion and disorderliness.,active,,
phy-metal,2244,metal,n,The physical world,"A material (an element, compound, or alloy) that is typically hard, opaque, shiny, and has good electrical and thermal conductivity.",active,,
phy-meteoroid,2288,meteoroid,n,The physical world,"The visible path of a meteoroid as it enters the atmosphere, becoming a meteor.",active,,
phy-milky-way,2289,milky way,n,The physical world,The galaxy that contains our Solar System. Its name milky is derived from its appearance as a dim glowing band arching across the night sky in which the naked eye cannot distinguish individual stars.,active,,
phy-moon,1313,moon,n,The physical world,A natural satellite of a planet.,active,,
phy-moon-or-month,2463,moon or month,n,The physical world,Either the moon as the object or the time period.,active,,
phy-moorland,2962,moorland,n,The physical world,"Moorland or moor is a type of habitat found in upland areas in temperate grasslands, savannas, and shrublands and montane grasslands and shrublands biomes, characterised by low-growing vegetation on acidic soils.",active,,
phy-morning-star,3340,morning star,n,The physical world,A name for Venus when it appears before sunrise.,active,,
phy-mountain,639,mountain,n,The physical world,A feature of the earth's surface that rises high above the base and has generally steep slopes and a relatively small summit area.,active,,
phy-mountain-or-hill,2118,mountain or hill,n,The physical world,A small or big rise in the surface of the earth.,active,,
phy-mountainous,3755,mountainous,adj,The physical world,A landscape with lots of mountains.,active,,
phy-mud,640,mud,n,The physical world,"A mixture of clay and/or silt with water to form a plastic mass with a particle size preponderantly below 0.06 mm diameter. It is deposited in low-energy environments in lakes, estuaries and lagoons. It may also be deposited in deep-sea environments. (Source: WHIT)",active,,
phy-muggy,3757,muggy,adj,The physical world,A type of weather when it is hot and the air is damp.,active,,
phy-mush,400,mush,n,The physical world,Soaked clay or soil; very soft ground.,active,,
phy-new-moon,3691,new moon,n,The physical world,The lunar phase when the moon appears in the sky as a slender crescent shortly after its conjunction with the sun.,active,,
phy-ocean,645,ocean,n,The physical world,"The mass of water occupying all of the Earth's surface not occupied by land, but excluding all lakes and inland seas.",active,,
phy-oil,2556,oil,n,The physical world,Any viscous liquid substance which is hydrophobic and lipophilic.,active,,
phy-orion-s-belt,3343,orion’s belt,n,The physical world,A pattern of three stars in the constellation Orion.,active,,
phy-pattern,2988,pattern,n,The physical world,A pattern is a discernible regularity in the world or in a man-made design.,active,,
phy-pebbles,961,pebbles,n,The physical world,Small stone abraded by water.,active,,
phy-pit,2539,pit,n,The physical world,A naturally formed or excavated hole in the ground.,active,,
phy-plain,652,plain,n,The physical world,"Level or rolling open land, usually at a low elevation.",active,,
phy-planet,4042,planet,n,The physical world,"A large celestial body that orbits a star, is spherical due to gravity, and has cleared its orbit, with eight planets in our solar system: Mercury, Venus, Earth, Mars, Jupiter, Saturn, Uranus, and Neptune.",active,,
phy-plateau,3988,plateau,n,The physical world,A large flat area of land that is high above sea level.,active,,
phy-polar-star,3339,polar star,n,The physical world,"Referring to Polaris or Alpha Ursae Minoris, a star aligned with earth’s axis of rotation and often used for navigation.",active,,
phy-pond,2035,pond,n,The physical world,"A natural body of standing fresh water occupying a small surface depression, usually smaller than a lake and larger than a pool.",active,,
phy-pond-or-lake,3321,pond or lake,n,The physical world,"A body of water of undefined size, e.g. ranging from small ponds to large lakes.",active,,
phy-precipice,618,precipice,n,The physical world,"A very steep decline, typically found in the mountains or on shores.",active,,
phy-puddle,2290,puddle,n,The physical world,"A small accumulation of liquid, usually water, on a surface. It can form either by pooling in a depression on the surface, or by surface tension upon a flat surface. Puddles are usually formed from rain water or from irrigation.",active,,
phy-pure,1147,pure,adj,The physical world,Free from contaminants or extraneous elements.,active,,
phy-rain-precipitation,658,rain,n,The physical world,Precipitation in the form of liquid water drops with diameters greater than 0.5 millimeters.,active,,
phy-rain-raining,1253,rain,v,The physical world,To fall from the clouds in drops of water.,active,,
phy-rainbow,1733,rainbow,n,The physical world,A multicoloured arc in the sky caused by the refraction of light within droplets of rain in the air.,active,,
phy-raining-or-rain,2108,raining or rain,n,The physical world,The process by which water falls from the clouds or the water that falls from the clouds.,active,,
phy-rapids,1670,rapids,n,The physical world,"Fast flowing section of a stream, often shallow and with exposed rock or boulders.",active,,
phy-ravine,1930,ravine,n,The physical world,A deep narrow valley or gorge in the earth's surface worn by running water.,active,,
phy-reef,660,reef,n,The physical world,"A line of rocks in the tidal zone of a coast, submerged at high water but partly uncovered at low water.",active,,
phy-resin,664,resin,n,The physical world,"Any of a class of solid or semisolid organic products of natural or synthetic origin with no definite melting point, generally of high molecular weight.",active,,
phy-ridge,1748,ridge,n,The physical world,"Elevated zone of a mountain range, that frequently coincides with the watershed.",active,,
phy-rise,568,rise,v,The physical world,(Of a heavenly body) To appear to move upwards from behind the horizon of a planet as a result of the planet's rotation.,active,,
phy-river,666,river,n,The physical world,"A stream of water which flows in a channel from high ground to low ground and ultimately to a lake or the sea, except in a desert area where it may dwindle away to nothing.",active,,
phy-riverbank,3463,riverbank,n,The physical world,The margin or shore of a river.,active,,
phy-rock,668,rock,n,The physical world,"Any aggregate of minerals that makes up part of the earth's crust. It may be unconsolidated, such as sand, clay, or mud, or consolidated, such as granite, limestone, or coal.",active,,
phy-rough,259,rough,adj,The physical world,With large waves (of sea).,active,,
phy-rusty,3870,rusty,adj,The physical world,Having been affected by rust.,active,,
phy-sand,671,sand,n,The physical world,"A loose material consisting of small mineral particles, or rock and mineral particles, distinguishable by the naked eye; grains vary from almost spherical to angular, with a diameter range from 1/16 to 2 millimeters.",active,,
phy-sand-hill,3019,sand hill,n,The physical world,Ecological community or xeric wildfire-maintained ecosystem (different from sand dune).,active,,
phy-savanna,260,savanna,n,The physical world,A large open grassland in tropical and subtropical regions.,active,,
phy-scenery,3963,scenery,n,The physical world,"The appearance of a landscape, in particular natural and aesthetically pleasing.",active,,
phy-sea,1474,sea,n,The physical world,A body of salt water that is smaller than an ocean and generally in proximity to a continent.,active,,
phy-sea-or-ocean,2282,sea or ocean,n,The physical world,A large body of salt water which is in proximity to a continent.,active,,
phy-set,160,set,v,The physical world,"[Of a heavenly body, essentially the Sun and the Moon] To disappear below the horizon of a planet or another heavenly body (most often the Earth).",active,,
phy-shade,1388,shade,n,The physical world,"Darkness, where light (particularly sunlight) is blocked.",active,,
phy-shadow,2275,shadow,n,The physical world,"Darkness, where light (particularly sunlight) is blocked.",merged,1388,
phy-shine,2236,shine,n,The physical world,The emission of light on a surface.,active,,
phy-shooting-star,2835,shooting star,n,The physical world,Name for the visible path of a meteoroid.,merged,2288,
phy-shore,113,shore,n,The physical world,"The margin or shore of a river, lake, or ocean.",active,,
phy-shore-of-lake,3464,shore of lake,n,The physical world,The margin or shore of a lake.,active,,
phy-shrink,54,shrink,v,The physical world,"To decrease in size, range, or extent.",active,,
phy-skunk,3888,skunk,n,The physical world,"Mammals of the family Mephitidae, typically found in North and South America. These animals are known for their ability to spray attackers with a strong-smelling liquid.",active,,
phy-sky,1732,sky,n,The physical world,"The part of the earth's atmosphere and space outside it that is visible from earth's surface. During the day it is perceived as blue, and at night as black.",active,,
phy-slime,4121,slime,n,The physical world,"A slippery or viscous substance, often organic or semi-liquid in nature, which exudes from the bodies of certain animals, such as snails or slugs.",active,,
phy-slope,3076,slope,n,The physical world,"A stretch of ground forming a geological incline, e.g. a hillside.",active,,
phy-smoke,778,smoke,n,The physical world,"An aerosol, consisting of visible particles and gases, produced by the incomplete burning of carbon-based materials, such as wood and fossil fuels.",active,,
phy-snow,784,snow,n,The physical world,"The most common form of frozen precipitation, usually flakes or starlike crystals, matted ice needles, or combinations, and often rime-coated.",active,,
phy-snow-or-ice,3322,snow or ice,n,The physical world,"Referring to frozen water irrespective of its exact nature, e.g. falling from the sky or being frozen on the ground.",active,,
phy-snowing,1255,snowing,v,The physical world,To fall from the clouds in the form of ice crystals.,active,,
phy-soil,1015,soil,v,The physical world,To make filthy.,active,,
phy-soot,830,soot,n,The physical world,"Impure black carbon with oily compounds obtained from the incomplete combustion of resinous materials, oils, wood, or coal.",active,,
phy-spark,518,spark,n,The physical world,"A small particle or body of shining or glowing matter, either molten or on fire.",active,,
phy-spot,519,spot,n,The physical world,"A round or irregular patch on the surface of a thing having a different color, texture etc. and generally round in shape.",active,,
phy-spring,849,spring,n,The physical world,A place where ground water flows naturally from a rock or the soil onto the land surface or into a body of surface water.,active,,
phy-spring-or-well,2144,spring or well,n,The physical world,A natural or human-made source of fresh water.,active,,
phy-squeak,3692,squeak,v,The physical world,"To make a short, high-pitched sound.",active,,
phy-star,1430,star,n,The physical world,A luminous celestial body that is made from gases (particularly hydrogen and helium) and forms the shape of a sphere.,active,,
phy-starlight,2836,starlight,n,The physical world,Light emitted by stars.,active,,
phy-steam,1193,steam,n,The physical world,The gas phase of water.,active,,
phy-stick,1295,stick,n,The physical world,"A long, thin piece of wood, mainly left in the shape in which it grew, that does not bend.",active,,
phy-sticking,254,sticking,v,The physical world,To stick or hold together and resist separation.,active,,
phy-stone,857,stone,n,The physical world,"A general term for rock that is used in construction, either crushed for use as aggregate or cut into shaped blocks as dimension stone.",active,,
phy-stone-or-rock,2125,stone or rock,n,The physical world,A naturally occurring solid aggregate of one or more minerals or mineraloids.,active,,
phy-storm,858,storm,n,The physical world,An atmospheric disturbance involving perturbations of the prevailing pressure and wind fields on scales ranging from tornadoes to extratropical cyclones; also the associated weather and the like. (Source: MGH),active,,
phy-storm-clouds,448,storm clouds,n,The physical world,Darkish clouds attending a windstorm.,active,,
phy-strait,1661,strait,n,The physical world,A narrow body of water connecting two larger bodies of water.,active,,
phy-straw,2299,straw,n,The physical world,"The dry stalks of cereal plants, after the grain and chaff have been removed.",active,,
phy-stream,947,stream,n,The physical world,A small river or large creek; a body of moving water confined by banks.,active,,
phy-summit,1614,summit,n,The physical world,The highest point of a mountain.,active,,
phy-sun,1343,sun,n,The physical world,"The particular star at the centre of our solar system, from which the Earth gets light and heat.",active,,
phy-sunny,2340,sunny,adj,The physical world,Full of sunshine (mostly referring to a sunny day).,active,,
phy-sunny-day,2742,sunny day,n,The physical world,A day full of sunshine.,active,,
phy-sunshine,3276,sunshine,n,The physical world,The light emitted by the sun.,active,,
phy-surface,547,surface,n,The physical world,"The overside or up-side of a flat object such as a table, or of a liquid; the outside hull of a tangible object.",active,,
phy-swamp,1145,swamp,n,The physical world,"A permanently waterlogged area in which there is often associated tree growth, e.g. mangroves in hot climates.",active,,
phy-tar,872,tar,n,The physical world,"A viscous material composed of complex, high-molecular-weight, compounds derived from the distillation of petroleum or the destructive distillation of wood or coal.",merged,664,
phy-tarantula,3886,tarantula,n,The physical world,"Any large and hairy spider, typically of the Theraphosidae family, although some other spider species are subsumed under this name as well.",active,,
phy-thunder,1150,thunder,n,The physical world,Sound produced by fast air expansion induced by a lightning.,active,,
phy-thunder-verb,2378,thunder,v,The physical world,The process producing the noise after a lightning.,active,,
phy-tide,891,tide,n,The physical world,"The periodic rise and fall of the water resulting from gravitational interaction between the sun, moon and earth.",active,,
phy-tornado,2532,tornado,n,The physical world,"A violently rotating column of air that is in contact with both the surface of the earth and a cumulonimbus cloud or, in rare cases, the base of a cumulus cloud.",active,,
phy-turbid,537,turbid,n,The physical world,"A fluid which is cloudy or hazy due to large numbers of individual particles that are generally invisible to the naked eye, similar to smoke in air.",active,,
phy-ursa-major,3342,ursa major,n,The physical world,A large group of stars in the shape of a bear visible on the northern hemisphere.,active,,
phy-valley,921,valley,n,The physical world,"Any low-lying land bordered by higher ground; especially an elongate, relatively large, gently sloping depression of the Earth's surface, commonly situated between two mountains or between ranges of hills or mountains, and often containing a stream with an outlet.",active,,
phy-volcano,2291,volcano,n,The physical world,"A rupture on the crust of a planetary-mass object, such as Earth, that allows hot lava, volcanic ash, and gases to escape from a magma chamber below the surface.",active,,
phy-waning-moon,3817,waning moon,n,The physical world,The phase in the lunar cycle between full moon and new moon when the illuminated area decreases.,active,,
phy-warm,2110,warm,adj,The physical world,Having a pleasant temparture (of weather).,active,,
phy-water,948,water,n,The physical world,"Common liquid (H₂O) which forms rain, rivers, the sea, etc., and which makes up a large part of the bodies of organisms.",active,,
phy-waterfall,943,waterfall,n,The physical world,A perpendicular or steep descent of the water of a stream.,active,,
phy-wave,978,wave,n,The physical world,A disturbance in an fluid medium.,active,,
phy-waxing-moon,3816,waxing moon,n,The physical world,The phase in the lunar cycle between new moon and full moon when the illuminated area increases.,active,,
phy-weather,952,weather,n,The physical world,"The day-to-day meteorological conditions, especially temperature, cloudiness, and rainfall, affecting a specific place.",active,,
phy-well,954,well,n,The physical world,"A hole dug into the earth to reach a supply of water, oil, brine or gas.",active,,
phy-whirlpool,1982,whirlpool,n,The physical world,A rapidly rotating body of water.,active,,
phy-whirlwind,3740,whirlwind,n,The physical world,"A rapidly rotating, tall column of air, moving over land or sea and causing damage.",active,,
phy-wind,960,wind,n,The physical world,"The motion of air relative to the earth's surface; usually means horizontal air motion, as distinguished from vertical motion.",active,,
phy-windy,3758,windy,adj,The physical world,When there is a lot of wind.,active,,
phy-wood,1803,wood,n,The physical world,"The substance making up the central part of the trunk and branches of a tree. Used as a material for construction, to manufacture various items, etc. or as fuel.",active,,
phy-world,965,world,n,The physical world,The Earth with all its inhabitants and all things upon it.,active,,
pss-affair,2214,affair,n,Possession,That which is considered to exist as a separate quality or concept.,active,,
pss-afford,3893,afford,v,Possession,To have enough money to get something.,active,,
pss-barter,370,barter,v,Possession,To exchange goods without involving money.,active,,
pss-beggar,1934,beggar,n,Possession,A person who begs.,active,,
pss-bill,1081,bill,n,Possession,"Sum owed in a restaurant, or the relative bill.",active,,
pss-borrow,1823,borrow,v,Possession,"To receive (something) from somebody temporarily, expecting to return it.",active,,
pss-buy,1869,buy,v,Possession,To obtain in exchange for money or goods.,active,,
pss-cheap,1887,cheap,adj,Possession,Low in price.,active,,
pss-coin,1867,coin,n,Possession,"A piece of currency, usually metallic and in the shape of a disc, but sometimes polygonal, or with a hole in the middle.",active,,
pss-contain,697,contain,v,Possession,To contain or hold; have within.,active,,
pss-cost,242,cost,v,Possession,To be priced at.,active,,
pss-cowrie-shell,3663,cowrie shell,n,Possession,"The shiny shell of marine gastropod mollusks from the family Cypraeidae, which have been used as currency or jewelry in some parts of the world.",active,,
pss-damage,1116,damage,v,Possession,To put a thing in bad condition by causing damage to it.,active,,
pss-damage-or-injure,3195,damage or injure,v,Possession,To put a thing in bad condition by causing damage to it or to cause physical harm to a living creature.,active,,
pss-debt,1914,debt,n,Possession,Something owed to someone else.,active,,
pss-destroy,681,destroy,v,Possession,To damage beyond use or repair.,active,,
pss-earn,733,earn,v,Possession,"To gain (success, payment) through applied effort or work.",active,,
pss-expensive,1426,expensive,adj,Possession,"Having a high price, cost.",active,,
pss-find,719,find,v,Possession,To encounter something by accident or after searching for it.,active,,
pss-free,2316,free,adj,Possession,Able to act at will; not hampered; not under compulsion or restraint.,active,,
pss-get,694,get,v,Possession,To get or obtain an item; to come into the possession of something.,active,,
pss-give,1447,give,v,Possession,To transfer the possession or holding (of an object) to another person.,active,,
pss-give-back,85,give back,v,Possession,"To transfer a good to the person or people it came from, or to their legal successors.",active,,
pss-grasp,2021,grasp,v,Possession,Get the meaning of something.,active,,
pss-have,773,have,v,Possession,To be in possession (of an object).,active,,
pss-her,2474,her,x,Possession,Belonging to the female third person.,active,,
pss-hire,856,hire,v,Possession,"To employ a person or people in exchange of some kind of remuneration, usually a payment.",active,,
pss-his,2473,his,x,Possession,Belonging to the male third person.,active,,
pss-his-or-her,2092,his or her,x,Possession,Belonging to the third person that is addressed.,active,,
pss-hold,1448,hold,v,Possession,To grasp or grip (particularly with the hand) so that the object does not end up at the surface below.,active,,
pss-inherit,3664,inherit,v,Possession,"To receive money, property or other possessions from somebody when they die.",active,,
pss-interest,2062,interest,n,Possession,A sum paid or charged for the use of money or for borrowing money over a given time period.,active,,
pss-keep,1477,keep,v,Possession,To retain possession of something.,active,,
pss-lend,582,lend,v,Possession,"To put an item or resource at the disposal of another, with the requirement to have the same or its equivalent returned eventually.",active,,
pss-let-go-or-set-free,1095,let go or set free,v,Possession,To give freedom; to stop holding; to release from confinement or restraint.,active,,
pss-look-for,1468,look for,v,Possession,To try to find something.,active,,
pss-lose,1660,lose,v,Possession,"To be beaten or to fail to win in a fight, game, or similar, or to place something in a place where one cannot find it again or in a wrong place; to lose something.",active,,
pss-market,633,market,n,Possession,Place of commercial activity in which articles are bought and sold.,active,,
pss-matter,2150,matter,n,Possession,That which is considered to exist as a separate physical entity.,active,,
pss-merchandise,3406,merchandise,n,Possession,Products offered to retail customers for money.,active,,
pss-merchant,1082,merchant,n,Possession,A businessperson engaged in trade.,active,,
pss-money,1559,money,n,Possession,An unspecified amount in a currency.,active,,
pss-my,2090,my,x,Possession,Belonging to me.,active,,
pss-owe,369,owe,v,Possession,To be under an obligation to give something back to someone or to perform some action for someone; to have debt.,active,,
pss-own,684,own,v,Possession,"To have rightful possession of property, goods or capital.",active,,
pss-owner,1036,owner,n,Possession,One who owns.,active,,
pss-pay,718,pay,v,Possession,To give money in exchange for goods or services.,active,,
pss-poor,1674,poor,adj,Possession,With little or no possessions or money.,active,,
pss-possessions,3860,possessions,n,Possession,The totality of things that someone owns; their property or belongings.,active,,
pss-preserve,1997,preserve,v,Possession,To protect; to keep; to maintain the condition of.,active,,
pss-price,657,price,n,Possession,The amount of money paid per unit for a good or service.,active,,
pss-rare,209,rare,adj,Possession,Not easily found.,active,,
pss-rescue,2008,rescue,v,Possession,To free from harm or evil.,active,,
pss-reward,4120,reward,n,Possession,"Something given in recognition of effort, achievement, or service.",active,,
pss-rich,712,rich,adj,Possession,Possessing in abundance a particular trait.,active,,
pss-seize,855,seize,v,Possession,To grasp and hold firmly.,active,,
pss-sell,1571,sell,v,Possession,To provide goods or services in exchange for money.,active,,
pss-share,884,share,v,Possession,To give part of what one has to somebody else to use or consume.,active,,
pss-shop,746,shop,n,Possession,"A place, especially a small building, for the retail sale of goods and services.",active,,
pss-stingy,1774,stingy,adj,Possession,Excessively unwilling to spend.,active,,
pss-store,752,store,n,Possession,"An establishment, either physical or virtual, that sells goods or services to the public.",active,,
pss-store-up,3655,store up,v,Possession,To put something somewhere and keep it there for future use.,active,,
pss-take,1749,take,v,Possession,To grasp with the hands.,active,,
pss-tax,873,tax,n,Possession,"An amount of money demanded by a government for its support or for specific facilities or services, most frequently levied upon income, property or sales.",active,,
pss-their,2400,their,x,Possession,Belonging to the third person that is addressed (of many people).,active,,
pss-thing,738,thing,n,Possession,"That which is considered to exist as a separate entity, quality or concept.",active,,
pss-throw-away,3696,throw away,v,Possession,To get rid of something one no longer needs.,active,,
pss-trade,898,trade,v,Possession,"The act or the business of buying and selling for money. Mercantile or commercial business in general or the buying and selling, or exchanging, of commodities, either by wholesale or retail within a country or between countries. (Source: WESTS)",active,,
pss-trade-or-barter,2135,trade or barter,v,Possession,To exchange goods with or without exchanging money.,active,,
pss-wages,1122,wages,n,Possession,"A fixed amount of money paid to a worker, usually measured on a monthly or annual basis.",active,,
pss-warehouse,3399,warehouse,n,Possession,A spacious building that serves as a storage for produced goods before they are delivered to shops or customers.,active,,
pss-weigh,1098,weigh,v,Possession,To determine the weight of an object.,active,,
pss-your,2091,your,x,Possession,Belonging to the second person that is addressed by the first person.,merged,732,
pss-your-plural,2274,your,x,Possession,"Belonging to the second person that is addressed by the first person, with the second person being many persons and not just one.",active,,
pss-your-singular,732,your,x,Possession,Belonging to the second person that is addressed by the first person.,active,,
qua-abundance,4082,abundance,n,Quantity,"A very large quantity or plentiful supply of something, often more than is needed.",active,,
qua-affair,2737,affair,clf,Quantity,Classifier for things or circumstances.,active,,
qua-all,98,all,x,Quantity,The totality of.,active,,
qua-all-or-many,2650,all or many,x,Quantity,Either a totality or a large number of people or objects.,active,,
qua-alone,1964,alone,adj,Quantity,Without any others being included or involved.,active,,
qua-amount,2987,amount,n,Quantity,Quantity is a property that can exist as a magnitude or multitude.,active,,
qua-animal,3056,animal,clf,Quantity,Classifier for animals.,active,,
qua-axe,2083,axe,clf,Quantity,Classifier for axe-like objects.,active,,
qua-beat,2740,beat,clf,Quantity,"Classifier for beats, meals, things that can be measured in periods of time.",active,,
qua-billion,3599,billion,num,Quantity,The natural number one billion (1000000000).,active,,
qua-bit,2741,bit,clf,Quantity,Classifier for classifier for small units of time.,active,,
qua-bottle,2727,bottle,clf,Quantity,Classifier for things that can be carried in bottles.,active,,
qua-bowl,2080,bowl,clf,Quantity,Classifier for bowl-like objects.,active,,
qua-bridge,2733,bridge,clf,Quantity,Classifier for bridges and similar buildings.,active,,
qua-bud,2723,bud,clf,Quantity,Classifier for flowers.,active,,
qua-car,2735,car,clf,Quantity,Classifier for vehicles.,active,,
qua-chain,2724,chain,clf,Quantity,Classifier for objects that can be put or are arranged on a chain.,active,,
qua-chicken,2081,chicken,clf,Quantity,Classifier for bird-like animals.,active,,
qua-clothing,2088,clothing,clf,Quantity,Classifier for things that one wears.,active,,
qua-count,1420,count,v,Quantity,To determine the amount of something or to enumerate the digits of one's numeral system.,active,,
qua-count-quantity,2945,count,n,Quantity,The total number of individual things in a given unit or sample obtained by counting all or a subsample of them.,active,,
qua-cow,2168,cow,clf,Quantity,Classifier for cows and animals as large as cows.,active,,
qua-crowd,2023,crowd,n,Quantity,A large group of people.,active,,
qua-deal,2738,deal,clf,Quantity,Classifier for bargains or business deals.,active,,
qua-door,2734,door,clf,Quantity,Classifier for doors and gates.,active,,
qua-drop,2087,drop,clf,Quantity,"Classifier for small units of liquid, like water.",active,,
qua-egg,3417,egg,clf,Quantity,Classifier for eggs.,active,,
qua-eight,1705,eight,num,Quantity,The natural number eight (8).,active,,
qua-eight-hundred,3519,eight hundred,num,Quantity,The natural number eight hundred (800).,active,,
qua-eighteen,1713,eighteen,num,Quantity,The natural number eighteen (18).,active,,
qua-eighty,1722,eighty,num,Quantity,The natural number eighty (80).,active,,
qua-eleven,1706,eleven,num,Quantity,The natural number eleven (11).,active,,
qua-empty,1624,empty,adj,Quantity,Without content.,active,,
qua-enough,1881,enough,x,Quantity,"All that is required, needed, or appropriate.",active,,
qua-few,1242,few,x,Quantity,"More than one, but not as many as usual or as expected.",active,,
qua-fifteen,1709,fifteen,num,Quantity,The natural number fifteen (15).,active,,
qua-fifty,1717,fifty,num,Quantity,The natural number fifty (50).,active,,
qua-fill,2006,fill,v,Quantity,To make full.,active,,
qua-first,728,first,x,Quantity,Having no predecessor. The ordinal number corresponding to one.,active,,
qua-fish,2720,fish,clf,Quantity,Classifier for fishes.,active,,
qua-five,493,five,num,Quantity,The natural number five (5).,active,,
qua-five-hundred,3516,five hundred,num,Quantity,The natural number five hundred (500).,active,,
qua-five-thousand,3527,five thousand,num,Quantity,The natural number five thousand (5000).,active,,
qua-forty,1716,forty,num,Quantity,The natural number forty (40).,active,,
qua-four,1500,four,num,Quantity,The natural number four (4).,active,,
qua-four-hundred,3515,four hundred,num,Quantity,The natural number four hundred (400).,active,,
qua-four-thousand,3526,four thousand,num,Quantity,The natural number four thousand (4000).,active,,
qua-fourteen,2451,fourteen,num,Quantity,The natural number fourteen (14).,active,,
qua-fruit,3246,fruit,clf,Quantity,The measure word used for typical fruits.,active,,
qua-full,1429,full,adj,Quantity,Containing the most or maximum amount possible in the given available space.,active,,
qua-grain,2086,grain,clf,Quantity,"Classifier for tiny objects, like rice.",active,,
qua-half,816,half,n,Quantity,One of the two equal parts of a whole.,active,,
qua-hat,2730,hat,clf,Quantity,Classifier for hat or hat-like objects.,active,,
qua-house,2732,house,clf,Quantity,Classifier for house or building.,active,,
qua-hundred,1634,hundred,num,Quantity,The natural number one hundred (100).,active,,
qua-knife,2082,knife,clf,Quantity,Classifier for knife-like objects.,active,,
qua-last,1529,last,x,Quantity,After all the others.,active,,
qua-level,3469,level,n,Quantity,The amount or degree of something; the height of the surface of something liquid with respect to its bottom.,active,,
qua-many,1198,many,x,Quantity,An indefinite large number of.,active,,
qua-more,1992,more,x,Quantity,[Used in forming the comparative form of many adjectives and almost all comparable adverbs.],active,,
qua-mouthful,2728,mouthful,clf,Quantity,Classifier for things that can be eaten or drunk.,active,,
qua-multitude,538,multitude,n,Quantity,A large number of something.,active,,
qua-needle,2731,needle,clf,Quantity,Classifier for needle or similar objects.,active,,
qua-nine,1483,nine,num,Quantity,The natural number nine (9).,active,,
qua-nine-hundred,3520,nine hundred,num,Quantity,The natural number nine hundred (900).,active,,
qua-nine-thousand,3530,nine thousand,num,Quantity,The natural number nine thousand (9000).,active,,
qua-nineteen,1714,nineteen,num,Quantity,The natural number nineteen (19).,active,,
qua-ninety,1724,ninety,num,Quantity,The natural number ninety (90).,active,,
qua-nobody,3887,nobody,x,Quantity,No person; not one member out of a group of people.,active,,
qua-one,1493,one,num,Quantity,The natural number one (1).,active,,
qua-one-hundred-and-twenty-three,3164,one hundred and twenty three,num,Quantity,The natural number one hundred and twenty-three (123).,active,,
qua-one-hundred-million,3598,one hundred million,num,Quantity,The natural number one hundred million (100000000).,active,,
qua-one-hundred-thousand,3532,one hundred thousand,num,Quantity,The natural number one hundred thousand (100000).,active,,
qua-one-third,3842,one third,n,Quantity,One of three equal parts of a whole.,active,,
qua-only,1580,only,x,Quantity,Nothing more than.,active,,
qua-pair,1888,pair,n,Quantity,Two similar or identical things taken together.,active,,
qua-pair-classifier,2089,pair,clf,Quantity,Classifier for objects that occur in pairs.,active,,
qua-part,779,part,n,Quantity,A seperate unit of a larger whole.,active,,
qua-person,516,person,clf,Quantity,Classifier for human beings.,active,,
qua-piece,594,piece,n,Quantity,"One object of a set, undivided part of something broken.",active,,
qua-pig,2169,pig,clf,Quantity,Classifier for pigs and other livestock as large as pigs.,active,,
qua-pillow,2166,pillow,clf,Quantity,Classifier for pillows and other objects related to the bed.,active,,
qua-portion,2725,portion,clf,Quantity,Classifier for a certain amount of something.,active,,
qua-river,3418,river,clf,Quantity,Classifier for rivers.,active,,
qua-rope,2084,rope,clf,Quantity,Classifier for rope-like objects.,active,,
qua-scales,2783,scales,n,Quantity,Instrument to measure the weight of objects.,active,,
qua-scanty,542,scanty,adj,Quantity,Somewhat less than is needed in amplitude or extent.,active,,
qua-second,1384,second,x,Quantity,That which comes after the first.,active,,
qua-sentence,3421,sentence,clf,Quantity,Classifier for sentences.,active,,
qua-seven,1704,seven,num,Quantity,The natural number seven (7).,active,,
qua-seven-hundred,3518,seven hundred,num,Quantity,The natural number seven hundred (700).,active,,
qua-seven-thousand,3528,seven thousand,num,Quantity,The natural number seven thousand (7000).,active,,
qua-seventeen,2453,seventeen,num,Quantity,The natural number seventeen (17).,active,,
qua-seventy,1721,seventy,num,Quantity,The natural number seventy (70).,active,,
qua-sheet,2729,sheet,clf,Quantity,Classifier for sheets or blankets.,active,,
qua-ship,2736,ship,clf,Quantity,Classifier for ships.,active,,
qua-six,1703,six,num,Quantity,The natural number six (6).,active,,
qua-six-hundred,3517,six hundred,num,Quantity,The natural number six hundred (600).,active,,
qua-six-thousand,3792,six thousand,num,Quantity,The natural number six thousand (6000).,active,,
qua-sixteen,2454,sixteen,num,Quantity,The natural number sixteen (16).,active,,
qua-sixty,1718,sixty,num,Quantity,The natural number sixty (60).,active,,
qua-some,1241,some,x,Quantity,An unspecified quantity or number of.,active,,
qua-someone,2422,someone,x,Quantity,An unspecified person.,active,,
qua-song,3422,song,clf,Quantity,Classifier for songs.,active,,
qua-sparse,207,sparse,adj,Quantity,Occupied or populated by a small number of people.,active,,
qua-stalk,2726,stalk,clf,Quantity,Classifier for cigarettes and similar objects.,active,,
qua-stick,2085,stick,clf,Quantity,Classifier for stick-like objects.,active,,
qua-stone,3419,stone,clf,Quantity,Classifier for stones.,active,,
qua-storey,3420,storey,clf,Quantity,Classifier for storeys (of a building).,active,,
qua-suffice,3475,suffice,x,Quantity,To be enough for a particular purpose.,active,,
qua-ten,1515,ten,num,Quantity,The natural number ten (10).,active,,
qua-ten-million,3597,ten million,num,Quantity,The natural number ten million (10000000).,active,,
qua-ten-thousand,2078,ten thousand,num,Quantity,The natural number ten thousand (10000).,active,,
qua-third,1859,third,x,Quantity,The ordinal form of the cardinal number three.,active,,
qua-thirteen,1708,thirteen,num,Quantity,The natural number thirteen (13).,active,,
qua-thirty,1715,thirty,num,Quantity,The natural number thirty (30).,active,,
qua-thirty-one,3480,thirty one,num,Quantity,The natural number thirty-one (31).,active,,
qua-thirty-six,3485,thirty six,num,Quantity,The natural number thirty-six (36).,active,,
qua-thousand,1843,thousand,num,Quantity,The natural number one thousand (1000).,active,,
qua-three,492,three,num,Quantity,The natural number three (3).,active,,
qua-three-hundred,3513,three hundred,num,Quantity,The natural number three hundred (300).,active,,
qua-three-thousand,3525,three thousand,num,Quantity,The natural number three thousand (3000).,active,,
qua-three-times,417,three times,x,Quantity,Three times.,active,,
qua-tree,2721,tree,clf,Quantity,Classifier for trees.,active,,
qua-trillion,3602,trillion,num,Quantity,The natural number one trillion (1000000000000).,active,,
qua-tuft,2722,tuft,clf,Quantity,Classifier for grass.,active,,
qua-twelve,1707,twelve,num,Quantity,The natural number twelve (12).,active,,
qua-twenty,1710,twenty,num,Quantity,The natural number twenty (20).,active,,
qua-twenty-five,1738,twenty five,num,Quantity,The natural number twenty-five (25).,active,,
qua-twenty-four,1736,twenty four,num,Quantity,The natural number twenty-four (24).,active,,
qua-twenty-nine,3479,twenty nine,num,Quantity,The natural number twenty-nine (29).,active,,
qua-twenty-one,1734,twenty one,num,Quantity,The natural number twenty-one (21).,active,,
qua-twenty-three,3165,twenty three,num,Quantity,The natural number twenty-three (23).,active,,
qua-twenty-two,3166,twenty two,num,Quantity,The natural number twenty-two (22).,active,,
qua-twice,1546,twice,x,Quantity,Two times.,active,,
qua-two,1498,two,num,Quantity,The natural number two (2).,active,,
qua-two-hundred,2676,two hundred,num,Quantity,The natural number two hundred (200).,active,,
qua-two-ounces,2180,two ounces,x,Quantity,The weight of two ounces.,active,,
qua-two-thousand,3524,two thousand,num,Quantity,The natural number two thousand (2000).,active,,
qua-vehicle,2167,vehicle,clf,Quantity,Classifier for vehicles.,active,,
qua-walk,2739,walk,clf,Quantity,Classifier for walks (strolls).,active,,
qua-zero,1294,zero,num,Quantity,The integer zero (0).,active,,
rel-abstain-from-food,303,abstain from food,v,Religion and belief,To refrain from eating.,active,,
rel-altar,853,altar,n,Religion and belief,Table for religious ceremonies.,active,,
rel-amulet,2804,amulet,n,Religion and belief,An object whose most important characteristic is the power ascribed to it to protect its owner from danger or harm.,active,,
rel-angel,4057,angel,n,Religion and belief,"A spiritual being in religious traditions, especially Christianity, regarded as a messenger or servant of God, often depicted as benevolent, immortal, and winged.",active,,
rel-belief,3333,belief,v,Religion and belief,A school of thought rooted in religious beliefs and traditions and used for guiding actions.,active,,
rel-bewitch,118,bewitch,v,Religion and belief,To cast a spell on someone or something.,active,,
rel-bible,4068,bible,n,Religion and belief,"The sacred scriptures of Judaism and Christianity, comprising the Old and New Testaments, considered authoritative and foundational for religious faith and practice.",active,,
rel-bless,391,bless,v,Religion and belief,To make something blessed; to confer blessing upon.,active,,
rel-blessed,2529,blessed,n,Religion and belief,To have received blessing.,active,,
rel-buddha,2061,buddha,n,Religion and belief,One who has purified obscurations (སངས) and developed pristine cognition (རྒྱས).,active,,
rel-burial-mound,3337,burial mound,n,Religion and belief,A mound of earth raised around burial sites/graves.,active,,
rel-church,1349,church,n,Religion and belief,A building where Christian religious activities take place.,active,,
rel-circumcision,393,circumcision,n,Religion and belief,"The act of excising or amputating the prepuce (the foreskin on penises, the clitoral hood on clitorises)",active,,
rel-conjure,2222,conjure,v,Religion and belief,To practice witchcraft or magic.,active,,
rel-curse,8,curse,v,Religion and belief,"To imprecate evil or misfortune upon someone or something, usually by means of a prayer or implication.",active,,
rel-deity,3231,deity,n,Religion and belief,"A supernatural, typically immortal being with superior powers.",active,,
rel-demon,1973,demon,n,Religion and belief,Evil spirit or person that is wicked or cruel in their actions.,active,,
rel-devil,3917,devil,n,Religion and belief,"The personal supreme spirit of evil often represented in Christian belief as the tempter of humankind, the leader of all apostate angels, and the ruler of hell.",active,,
rel-elf,1037,elf,n,Religion and belief,"A mythical creature of Germanic mythology. In Norse mythology they were originally minor gods of nature and fertility. They are often pictured as youthful-seeming men and women of great beauty living in forests and other natural places, underground, or in wells and springs. They have been portrayed to be long-lived or immortal and they have magical powers attributed to them.",active,,
rel-elf-or-fairy,3206,elf or fairy,n,Religion and belief,"A mythical being similar to but distinct from human, related to nature, and usually with supernatural or magic powers.",active,,
rel-fairy,1138,fairy,n,Religion and belief,"One of a class of female supernatural beings, generally conceived as having a diminutive human form and possessing magical powers.",active,,
rel-fasting,3331,fasting,v,Religion and belief,"To consume little or no food for a specific period of time, usually done for religious reasons.",active,,
rel-fate,1688,fate,n,Religion and belief,"The power or agency that, according to certain belief systems, predetermines and orders unalterably the course of events.",active,,
rel-funeral,3336,funeral,v,Religion and belief,The ceremonial act of bidding farewell to a deceased person or animal.,active,,
rel-ghost,1175,ghost,n,Religion and belief,The visible disembodied soul of a dead person.,active,,
rel-god,1944,god,n,Religion and belief,The deity of a monotheistic religion.,active,,
rel-heaven,1565,heaven,n,Religion and belief,"Outer space visible from the Earth's surface, infinitely extending above us and limited by the horizon.",active,,
rel-hell,878,hell,n,Religion and belief,"In various religions, the place where sinners are said to go after death.",active,,
rel-holy,1702,holy,adj,Religion and belief,Specially recognized as or declared sacred by religious use or authority.,active,,
rel-idol,1945,idol,n,Religion and belief,"A representation of a deity, notably a statue or a statuette.",active,,
rel-initiation-ceremony,1946,initiation ceremony,n,Religion and belief,A formal entry into an organization or position or office.,active,,
rel-magic,392,magic,n,Religion and belief,"The use of rituals or actions, especially based on supernatural or occult knowledge, to manipulate or obtain information about the natural world, especially when seen as falling outside the realm of religion.",active,,
rel-magician,2137,magician,n,Religion and belief,A person who practices magic.,active,,
rel-miracle,2541,miracle,n,Religion and belief,The happening of something impossible.,active,,
rel-mosque,1603,mosque,n,Religion and belief,A place of worship for followers of the Islamic faith.,active,,
rel-mythical-being,2641,mythical being,n,Religion and belief,Any living creature that occurs in stories and fairytales and does not exist in the real world.,active,,
rel-omen,107,omen,n,Religion and belief,A sign that is supposed to reveal whether the future will be favourable or not.,active,,
rel-pray,24,pray,v,Religion and belief,"To address God or a higher being with praise, thanksgiving, confession or supplication.",active,,
rel-prayer,4100,prayer,n,Religion and belief,"A ritual or personal act of communicating with a deity or higher power, often involving words, thoughts, or gestures, typically to give thanks, request help, or express devotion.",active,,
rel-preach,304,preach,v,Religion and belief,To deliver a sermon.,active,,
rel-priest,852,priest,n,Religion and belief,"A minister of the Catholic church empowered to administer the sacraments, most particularly that of the Eucharist or Holy Communion, as well as those of confession and extreme unction.",active,,
rel-priest-or-shaman,3332,priest or shaman,n,Religion and belief,"A generic way of referring to a person of religious authority, irrespective of specific religious schools.",active,,
rel-pyre,2832,pyre,n,Religion and belief,Structure made from wood for burning a body as part of a rite.,active,,
rel-religion,661,religion,n,Religion and belief,The expression of man's belief in and reverence for a superhuman power recognized as the creator and governor of the universe.,active,,
rel-rite,3334,rite,n,Religion and belief,A specific process or action used to practise religious beliefs.,active,,
rel-sacrifice,1103,sacrifice,n,Religion and belief,Something surrendered or lost in order to gain an objective.,active,,
rel-sermon,3167,sermon,n,Religion and belief,"A religious lecture or speech, addressing issues of religion or morality.",active,,
rel-shaman,394,shaman,n,Religion and belief,A traditional (prescientific) faith healer; a member of certain tribal societies who acts as a religious medium between the concrete and spirit worlds.,active,,
rel-sin,2971,sin,n,Religion and belief,"In a religious context, sin is the act of violating God's will by transgressing his commandments.",active,,
rel-sorcerer,823,sorcerer,n,Religion and belief,A male person who practices magic.,active,,
rel-soul,811,soul,n,Religion and belief,In philosophical or religious belief the immaterial part of a human being.,active,,
rel-sphinx,2609,sphinx,n,Religion and belief,A fable animal that occurs in Greek mythology.,active,,
rel-spirit,53,spirit,n,Religion and belief,A spiritual entity that is not as powerful as a deity.,active,,
rel-temple,911,temple,n,Religion and belief,A house of worship and spiritual activities.,active,,
rel-unicorn,2601,unicorn,n,Religion and belief,A legendary animal with a horn on the forehead.,active,,
rel-witch,824,witch,n,Religion and belief,A female person who practices magic.,active,,
rel-worship,257,worship,v,Religion and belief,To show devotion and obeisance to.,active,,
sns-become-numb,2216,become numb,v,Sense perception,Be caused not to be sensitive (usually of body parts).,active,,
sns-beige,3707,beige,adj,Sense perception,"A kind of yellowish color, mixed with gray.",active,,
sns-bitter,887,bitter,adj,Sense perception,Having an acrid taste.,active,,
sns-black,163,black,adj,Sense perception,Dark and colourless; not reflecting visible light.,active,,
sns-black-or-dark,2633,black or dark,adj,Sense perception,Either the color or the absence of light.,active,,
sns-blue,837,blue,adj,Sense perception,"Having the pure color of a clear sky; the primary color between green and violet in the visible spectrum, an effect of light with a wavelength between 450 and 500 nm.",active,,
sns-blue-or-green,2382,blue or green,adj,Sense perception,Having green or blue as color.,active,,
sns-blunt,379,blunt,adj,Sense perception,"Having a thick edge or point, as an instrument; not sharp.",active,,
sns-brackish,70,brackish,adj,Sense perception,"(Of water) Salty or slightly salty, as a mixture of fresh and sea water.",active,,
sns-bright,679,bright,adj,Sense perception,Emitting or reflecting light readily or in large amounts. [WN:679],active,,
sns-brilliant,3709,brilliant,adj,Sense perception,(Of a color) having a high saturation and reflecting a considerable amount of light.,active,,
sns-brown,2409,brown,adj,Sense perception,Having a brown color.,active,,
sns-clean,704,clean,adj,Sense perception,Not dirty.,active,,
sns-cold,1287,cold,adj,Sense perception,Having a low temperature.,active,,
sns-cold-chill,2932,cold,n,Sense perception,"Cold is the presence of low temperature, especially in the atmosphere.",active,,
sns-cold-feeling-cold,3819,cold,adj,Sense perception,The subjective feeling of a decreased body temperature.,active,,
sns-cold-of-weather,2483,cold,adj,Sense perception,Having a low temperature (of the weather).,active,,
sns-color,1613,color,n,Sense perception,"An attribute of things that results from the light they reflect, transmit, or emit in so far as this light causes a visual sensation that depends on its wavelengths.",active,,
sns-colorful,2997,colorful,adj,Sense perception,Having many colors.,active,,
sns-damp,2998,damp,adj,Sense perception,"Refers to the presence of a liquid, especially water, often in trace amounts.",active,,
sns-dark,706,dark,adj,Sense perception,Having an absolute or (more often) relative lack of light.,active,,
sns-dark-yellow,3706,dark yellow,adj,Sense perception,"A darker variant of the primary color yellow, mixed with black, orange or red.",active,,
sns-dirt,25,dirt,n,Sense perception,"Any unclean substance, such as mud, dust, dung etc.",active,,
sns-dirty,1230,dirty,adj,Sense perception,Covered with or containing unpleasant substances such as dirt or grime.,active,,
sns-dry,1398,dry,adj,Sense perception,(Almost) free from liquid or moisture.,active,,
sns-dull,1397,dull,adj,Sense perception,Lacking the ability to cut easily; not sharp.,merged,379,
sns-echo,2816,echo,n,Sense perception,Reflection of sound.,active,,
sns-feel,1079,feel,v,Sense perception,To be in some emotional state.,active,,
sns-feeling-sore,3708,feeling sore,adj,Sense perception,A part of the body causes pain and discomfort.,active,,
sns-flavor,2938,flavor,n,Sense perception,"Flavor is the sensory impression of food or other substance, and is determined primarily by the chemical senses of taste and smell.",active,,
sns-fragrant,376,fragrant,adj,Sense perception,Sweet-smelling; having a pleasant (usually strong) scent or fragrance.,active,,
sns-frighten,252,frighten,v,Sense perception,To make someone afraid or anxious.,active,,
sns-frost,2034,frost,n,Sense perception,A deposit of interlocking ice crystals formed by direct sublimation on objects. (Source: MGH),active,,
sns-get-wet,2324,get wet,v,Sense perception,"To become wet (for example, by standing in the rain).",active,,
sns-glaring,2228,glaring,adj,Sense perception,Shining intensely and brightly.,active,,
sns-good-looking,2410,good-looking,adj,Sense perception,Being pleasant to watch (of humans).,active,,
sns-green,1425,green,adj,Sense perception,"Having green as its colour; having the hue of that portion of the visible spectrum lying between yellow and blue, evoked in the human observer by radiant energy with wavelengths of approximately 490 to 570 nanometers.",active,,
sns-green-or-unripe,2300,green or unripe,adj,Sense perception,Having a green color or being not ripe (of fruits).,active,,
sns-grey,153,grey,adj,Sense perception,"Having a colour between black and white, like ash or stone.",active,,
sns-hard,1884,hard,adj,Sense perception,Resistant to pressure.,active,,
sns-hear,1408,hear,v,Sense perception,"To perceive sound with the ear, without necessarily paying attention to it.",active,,
sns-hear-or-listen,3862,hear or listen,v,Sense perception,"To perceive sound with the ear, with or without paying attention to it.",active,,
sns-heavy,1210,heavy,adj,Sense perception,"Of a physical object, having great weight.",active,,
sns-hoarfrost,2942,hoarfrost,n,Sense perception,"Refers to white ice crystals, deposited on the ground or loosely attached to exposed objects such as wires or leaves.",active,,
sns-hoarse,3987,hoarse,adj,Sense perception,"(Of a voice or a person) Having a rough voice, often because of a sore throat or a cold.",active,,
sns-hot,1286,hot,adj,Sense perception,Having a very high temperature.,active,,
sns-hot-feeling-hot,3818,hot,adj,Sense perception,The subjective feeling of an increased body temperature.,active,,
sns-hot-or-warm,2272,hot or warm,adj,Sense perception,Having a higher temperature than normal.,active,,
sns-hurt-sense-pain,2561,hurt,v,Sense perception,To feel pain.,active,,
sns-hurt-somebody,2411,hurt,v,Sense perception,Imposing pain on somebody else.,active,,
sns-identical,2276,identical,adj,Sense perception,Being the same.,active,,
sns-itchy,149,itchy,adj,Sense perception,Having a sensation that provokes the need to scratch.,active,,
sns-khaki,3750,khaki,adj,Sense perception,A yellowish-brown color which is often associated with military uniforms.,active,,
sns-light-blue,3604,light blue,adj,Sense perception,"A lighter variant of the color blue, mixed with white or light gray, with a wavelength between 450 and 490 nm.",active,,
sns-light-color,250,light,adj,Sense perception,(Of color) having a relatively small amount of color components.,active,,
sns-light-green,3605,light green,adj,Sense perception,"A lighter variant of the color green, mixed with white or light gray, with a wavelength between 520 and 570 nm.",active,,
sns-light-weight,1052,light,adj,Sense perception,"With a small mass, little weight or density; the opposite of heavy.",active,,
sns-lilac,3752,lilac,adj,Sense perception,A light variant of the color purple which resembles the color of the flowers of a Syringa tree.,active,,
sns-listen,1608,listen,v,Sense perception,To perceive with the ear (paying attention to what is heard).,active,,
sns-look,1819,look,v,Sense perception,To actively use one's eyes.,active,,
sns-loud,377,loud,adj,Sense perception,(Of a sound) to have a high volume.,active,,
sns-magenta,3753,magenta,adj,Sense perception,A variant of the color red but deeper and mixed with purple.,active,,
sns-noise,1182,noise,n,Sense perception,"Sound which is unwanted, either because of its effects on humans, its effect on fatigue or malfunction of physical equipment, or its interference with the perception or detection of other sounds.",active,,
sns-noisy,3883,noisy,adj,Sense perception,To make a lot of noise.,active,,
sns-odor,3704,odor,n,Sense perception,The property of something that can be perceived and recognized through the nose.,active,,
sns-orange,3328,orange,adj,Sense perception,A bright reddish-yellowish colour.,active,,
sns-painful,1129,painful,adj,Sense perception,"Full of pain; causing uneasiness or distress, either physical or mental.",active,,
sns-pinch,378,pinch,v,Sense perception,"To squeeze a small amount of a person's skin and flesh, making it hurt.",active,,
sns-pink,3446,pink,adj,Sense perception,Having pink as its colour.,active,,
sns-purple,2452,purple,adj,Sense perception,Having purple as its color.,active,,
sns-quiet,1314,quiet,adj,Sense perception,With little or no sound; denoting absence of disturbing noise.,active,,
sns-red,156,red,adj,Sense perception,Having red as its colour.,active,,
sns-rough,1923,rough,adj,Sense perception,Having a texture that has much friction. Not smooth.,active,,
sns-salty,1091,salty,adj,Sense perception,Containing salt.,active,,
sns-see,1409,see,v,Sense perception,"To perceive [images] with the eye, without necessarily paying attention to them.",active,,
sns-sense,2572,sense,v,Sense perception,To perceive by means of senses.,active,,
sns-shape,3747,shape,n,Sense perception,The form of an object or person which refers to its outline.,active,,
sns-sharp,1396,sharp,adj,Sense perception,Having the ability to cut easily.,active,,
sns-shine,708,shine,v,Sense perception,To emit light.,active,,
sns-shiny,3977,shiny,adj,Sense perception,Property of a surface that is bright from reflected light.,active,,
sns-show,1039,show,v,Sense perception,To have somebody see something.,active,,
sns-silence,3458,silence,n,Sense perception,"Absence of sound, especially of noise.",active,,
sns-similar,1558,similar,adj,Sense perception,"Having some particular qualities or characteristics in common, but not all of them.",active,,
sns-slippery,3702,slippery,adj,Sense perception,Smooth or wet so that it is difficult to hold or stand on it.,active,,
sns-smell,2124,smell,v,Sense perception,Perceive or emit odour.,active,,
sns-smell-perceive,1586,smell,v,Sense perception,To perceive the presence of molecules in the air by inhaling them through the nose.,active,,
sns-smell-stink,1587,smell,v,Sense perception,To give off a smell that can be perceived by the nose.,active,,
sns-smooth,1234,smooth,adj,Sense perception,Not rough; having a surface texture that lacks friction.,active,,
sns-sniff,375,sniff,v,Sense perception,"To make a short, audible inhalation, through the nose, as if to smell something.",active,,
sns-soft,1856,soft,adj,Sense perception,"A state of consistency allowing alterations of form with ease, no big force required, to bring things into something of this state (such as e.g. soaked loam or clay soil).",active,,
sns-solid,3003,solid,adj,Sense perception,Firm to the touch.,active,,
sns-sound-or-noise,1811,sound or noise,n,Sense perception,Any audible noise which is not necessarily unwanted or unpleasant to the hearer and of short or long duration.,active,,
sns-sour,1906,sour,adj,Sense perception,"Having an acid, sharp or tangy taste.",active,,
sns-sticky,3703,sticky,adj,Sense perception,Covered with some substance so that it sticks to anything that touches it.,active,,
sns-stiff,4106,stiff,adj,Sense perception,"Rigid or difficult to bend, move, or manipulate.",active,,
sns-stinking,42,stinking,adj,Sense perception,Having a bad smell.,active,,
sns-sweet,717,sweet,adj,Sense perception,Having the taste characteristic of sugar or honey.,active,,
sns-taste,21,taste,v,Sense perception,To try the flavor of something.,active,,
sns-tone,2995,tone,n,Sense perception,"Traditionally in Western music, a musical tone is a steady periodic sound.",active,,
sns-touch,1892,touch,v,Sense perception,To be in physical contact with.,active,,
sns-transparent,3754,transparent,adj,Sense perception,If a substance or object permits the uninterrupted passage of light and one can see through it.,active,,
sns-turquoise,3914,turquoise,adj,Sense perception,Having a light greenish blue as its color.,active,,
sns-visible,1868,visible,adj,Sense perception,That one can see.,active,,
sns-warm,1232,warm,adj,Sense perception,"Having a temperature slightly higher than usual, still pleasant.",active,,
sns-weight,2466,weight,n,Sense perception,The amount a thing weighs.,active,,
sns-wet,1726,wet,adj,Sense perception,Covered with or impregnated with liquid.,active,,
sns-white,1335,white,adj,Sense perception,Bright and colourless; reflecting equal quantities of all frequencies of visible light.,active,,
sns-wrinkled,380,wrinkled,adj,Sense perception,"Uneven, with many furrows and prominent points, often in reference to the skin or hide of animals.",active,,
sns-yellow,1424,yellow,adj,Sense perception,"Having the colour of a yolk, a lemon or gold.",active,,
soc-ability,2527,ability,n,Social and political relations,Capacity to do specific things.,active,,
soc-allow,3238,allow,v,Social and political relations,To not try to stop someone from doing something.,active,,
soc-allow-or-permit,3237,allow or permit,v,Social and political relations,To give permission to an action or to not try to stop someone from doing it.,active,,
soc-assemble,3638,assemble,v,Social and political relations,To come together in a group.,active,,
soc-authority,1637,authority,n,Social and political relations,The power to enforce rules or give orders.,active,,
soc-autonym,3433,autonym,n,Social and political relations,The identity term that a group of people uses to refer to themselves as the members of an ethnic group or nation.,active,,
soc-avoid,3639,avoid,v,Social and political relations,To keep away from somebody or something.,active,,
soc-baker,2568,baker,n,Social and political relations,A person who produces bread.,active,,
soc-baldhead,3415,baldhead,n,Social and political relations,Person with a bald head.,active,,
soc-be-defeated,3535,be defeated,v,Social and political relations,"To be beaten or to fail to win in a fight, game, or similar.",active,,
soc-birthday,2407,birthday,n,Social and political relations,The day when one was born.,active,,
soc-border,2546,border,n,Social and political relations,The non-natural boundary of a region.,active,,
soc-boundary,1010,boundary,n,Social and political relations,The dividing line or location between two areas.,active,,
soc-bride-price,3024,bride price,n,Social and political relations,Money or other form of wealth paid by a groom to the family of his bride.,active,,
soc-butcher,2569,butcher,n,Social and political relations,A person who produces meat.,active,,
soc-care-for,253,care for,v,Social and political relations,To keep under careful scrutiny.,active,,
soc-celebrate-new-year,3430,celebrate new year,v,Social and political relations,To take part in festivities on the occasion of the beginning of a new calendar year.,active,,
soc-charity,3953,charity,n,Social and political relations,"A benevolent action in favor of the needy, or an activity or gift for the benefit of the public.",active,,
soc-chief,2394,chief,n,Social and political relations,The head of a company or group.,merged,301,
soc-chieftain,301,chieftain,n,Social and political relations,The leader/ruler of a tribe/clan.,active,,
soc-citizen,1032,citizen,n,Social and political relations,"A native or naturalized member of a state or nation who owes allegiance, bears responsibilities and obtains rights, including protection, from the government.",active,,
soc-clan,302,clan,n,Social and political relations,Extended family.,active,,
soc-clown,4020,clown,n,Social and political relations,"A person, artist and entertainer, who performs comedy and arts, usually wearing exaggerated makeup and a special costume, often in a circus.",active,,
soc-command,1998,command,v,Social and political relations,To order someone or several persons by a superior authority to do something.,active,,
soc-companion,3978,companion,n,Social and political relations,"One who accompanies or associates with another, either habitually or casually.",active,,
soc-compound,483,compound,n,Social and political relations,An enclosure of residences and other buildings.,active,,
soc-correct,2231,correct,v,Social and political relations,To right the errors of a person or a thing.,active,,
soc-country,1300,country,n,Social and political relations,"A political entity asserting authority over a geographical area, or the area itself. Can be same as or part of a state.",active,,
soc-criminal,3875,criminal,n,Social and political relations,A person who committed a crime.,active,,
soc-crowded,2517,crowded,adj,Social and political relations,Full of people.,active,,
soc-custom,1747,custom,n,Social and political relations,A pattern of behavior inherited or acquired through frequent repetition.,active,,
soc-depend,756,depend,v,Social and political relations,To be connected with something as a cause of existence or as a necessary condition.,active,,
soc-different,2504,different,adj,Social and political relations,To be not the same as something else.,active,,
soc-disgrace,75,disgrace,v,Social and political relations,To make a person morally inferior.,active,,
soc-dispute,3956,dispute,n,Social and political relations,"A disagreement or contentious argument between parties, typically in a political or ideological sense.",active,,
soc-donate,196,donate,v,Social and political relations,To give [a gift or award] in a formal manner.,active,,
soc-dowry,3168,dowry,n,Social and political relations,"Property, gifts or money transfered from the parents of a daughter to her new family at marriage.",active,,
soc-dragon-boat-festival,2186,dragon boat festival,n,Social and political relations,A traditional and statutory holiday originating in China.,active,,
soc-emperor,3377,emperor,n,Social and political relations,"A male monarch, supreme leader of an empire.",active,,
soc-encounter,3904,encounter,v,Social and political relations,"To meet someone or discover something, usually unexpectedly.",active,,
soc-enemy,1358,enemy,n,Social and political relations,"Someone who is hostile to, feels hatred towards, opposes the interests of, or intends injury to someone else.",active,,
soc-fame,865,fame,n,Social and political relations,The state or quality of having a positive reputation.,active,,
soc-festival,131,festival,n,Social and political relations,"Manifestation of collective joy, lasting longer than a few minutes.",active,,
soc-fool,1438,fool,n,Social and political relations,A person with poor judgment or little intelligence.,active,,
soc-freedom,4086,freedom,n,Social and political relations,"The state of being able to act, speak, or think without external restraint or restriction.",active,,
soc-freeman,384,freeman,n,Social and political relations,"A free man, one who is not a serf or slave.",active,,
soc-friend,1325,friend,n,Social and political relations,"A person other than a family member, spouse or lover whose company one enjoys and towards whom one feels affection.",active,,
soc-friendship,3954,friendship,n,Social and political relations,"A feeling of affection, good disposition, and sympathy experienced towards someone.",active,,
soc-game,2467,game,n,Social and political relations,"A game is structured form of play, usually undertaken for enjoyment and sometimes used as an educational tool.",active,,
soc-gossip,3640,gossip,v,Social and political relations,To talk about other people's private lives.,active,,
soc-govern,382,govern,v,Social and political relations,To make and administer the public policy and affairs of; to exercise sovereign authority in.,active,,
soc-group,4103,group,n,Social and political relations,A set of individuals or things considered together as a unit.,active,,
soc-guest,1782,guest,n,Social and political relations,"A person that visits and stays at a house, usually for one or more nights.",active,,
soc-han-chinese,3373,han chinese,n,Social and political relations,"Referring to the Han Chinese people, their cultural practices or heritage.",active,,
soc-help,1897,help,v,Social and political relations,To give assistance or aid to.,active,,
soc-help-assistance,3467,help,n,Social and political relations,The act of helping someone.,active,,
soc-high-ranking,2202,high-ranking,adj,Social and political relations,Being at an elevated level in rank or importance.,active,,
soc-hinder-or-prevent,3201,hinder or prevent,v,Social and political relations,To make it difficult for something to occur or to fully stop it from occurring.,active,,
soc-hire-or-rent,3213,hire or rent,v,Social and political relations,"To employ a person or people in exchange of some kind of remuneration, usually a payment, or to pay for using an object.",active,,
soc-hold-a-meeting,3070,hold a meeting,v,Social and political relations,To assemble and conduct a gathering of people; to convene.,active,,
soc-host,1545,host,n,Social and political relations,Person at whose place guests stay.,active,,
soc-indigenous-peoples-of-the-americas,3612,indigenous peoples of the americas,n,Social and political relations,Referring to the native inhabitants of North and South America.,active,,
soc-inhabitant,4048,inhabitant,n,Social and political relations,"A person, animal, or organism that resides or lives in a particular place or environment.",active,,
soc-insult,3204,insult,v,Social and political relations,To use swear-words towards someone.,active,,
soc-interpreter,3744,interpreter,n,Social and political relations,A person who translates someone's speech orally from one language into another.,active,,
soc-invite,1611,invite,v,Social and political relations,To request or ask for the presence or participation of someone.,active,,
soc-king,1508,king,n,Social and political relations,A male member of a Royal Family and supreme ruler of his nation.,active,,
soc-lady,2471,lady,n,Social and political relations,A woman of higher social status.,active,,
soc-leader,4097,leader,n,Social and political relations,"A person who guides, directs, or commands a group, organization, or community.",active,,
soc-liar,3470,liar,n,Social and political relations,A person who tells lies.,active,,
soc-liberate,37,liberate,v,Social and political relations,To set free from the power of another.,active,,
soc-lord,3153,lord,n,Social and political relations,A man of noble rank or high office; a nobleman.,active,,
soc-master,383,master,n,Social and political relations,Someone who has control over something or someone; the owner of an animal or slave or someone who employs others.,active,,
soc-medal,4136,medal,n,Social and political relations,"A small, flat, typically metal object awarded to commemorate an achievement, honor, or participation in an event, often inscribed or engraved with relevant symbols or text.",active,,
soc-meet,1831,meet,v,Social and political relations,"To encounter a person, either intentionally or by chance.",active,,
soc-mid-autumn-festival,2187,mid-autumn festival,n,Social and political relations,A harvest festival celebrated by ethnic Chinese and Vietnamese peoples.,active,,
soc-midwife,3859,midwife,n,Social and political relations,"A person, usually a woman, who helps women in childbirth and provides ante- and postnatal care.",active,,
soc-murderer,3871,murderer,n,Social and political relations,A person who commits murder.,active,,
soc-native-country,89,native country,n,Social and political relations,One’s country of birth.,active,,
soc-neighbour,1332,neighbour,n,Social and political relations,A person living in a house that is adjacent or nearby another person's house.,active,,
soc-new-year-s-eve,2188,new year's eve,n,Social and political relations,The last day of the year.,active,,
soc-noble,482,noble,n,Social and political relations,Someone of aristocratic blood.,active,,
soc-obey,1635,obey,v,Social and political relations,To do as you are told.,active,,
soc-offend,557,offend,v,Social and political relations,To hurt the feelings of; to displease; to make angry; to insult.,active,,
soc-official,3361,official,n,Social and political relations,A person who acts on behalf of a governmental or non-governmental organization within the scope of their prescribed authority.,active,,
soc-oppress,401,oppress,v,Social and political relations,"To cause, inflict or threaten with suffering, need, distress, or pain.",active,,
soc-people,789,people,n,Social and political relations,"A group of persons forming or belonging to a particular nation, class, ethnic group, country, family, etc.",active,,
soc-permit,1003,permit,v,Social and political relations,To give permission to an action.,active,,
soc-pimpleface,3366,pimpleface,n,Social and political relations,A person with acne marks in the face.,active,,
soc-pirate,4015,pirate,n,Social and political relations,"A person, usually working in a group, who attacks and robs ships at sea.",active,,
soc-play,3125,play,v,Social and political relations,Act within the frame and rules of a game.,active,,
soc-plot,2024,plot,n,Social and political relations,Agreement on a secret plot.,active,,
soc-poverty,4066,poverty,n,Social and political relations,"The condition of lacking enough resources or income to meet basic needs like food, shelter, and healthcare.",active,,
soc-power,2526,power,n,Social and political relations,The ability to act or force others to act.,active,,
soc-prevent,1550,prevent,v,Social and political relations,To inhibit the occurrence of an event; to stop from doing something or being in a certain state.,active,,
soc-prostitute,1610,prostitute,n,Social and political relations,A woman who sells sexual services for money.,active,,
soc-protection,4083,protection,n,Social and political relations,"The act of keeping someone or something safe from harm, danger, or loss.",active,,
soc-quarrel,1848,quarrel,n,Social and political relations,A loud or noisy verbal confrontation between two or more people.,active,,
soc-quarrel-verb,3302,quarrel,v,Social and political relations,To have a loud or noisy verbal confrontation between two or more people.,active,,
soc-queen,1306,queen,n,Social and political relations,A female monarch.,active,,
soc-rebel,567,rebel,v,Social and political relations,To resist or become defiant toward an authority.,active,,
soc-rely-on,3370,rely on,v,Social and political relations,To trust someone's ability to help or expect something to happen in a particular way.,active,,
soc-reputation,4098,reputation,n,Social and political relations,"The overall opinion or estimation in which a person, group, or entity is held by others.",active,,
soc-rule,1846,rule,v,Social and political relations,"To exercise power or authority over a person, a group of persons, animals, territories or an organization.",active,,
soc-safety,4085,safety,n,Social and political relations,"The state of being protected from harm, danger, or risk.",active,,
soc-servant,255,servant,n,Social and political relations,A person performing duties for others. For example a person employed in a household which cares about the domestic duties.,active,,
soc-serve,3648,serve,v,Social and political relations,To perform the duties of a servant.,active,,
soc-slander,3641,slander,v,Social and political relations,To make a false statement about someone with the intention to defame them or damage their reputation.,active,,
soc-slave,812,slave,n,Social and political relations,"A person who is owned and forced to work, usually without pay, by another.",active,,
soc-society,3958,society,n,Social and political relations,A large social body brought together and organized under a common set of rules or principles.,active,,
soc-spoil,92,spoil,v,Social and political relations,"To hinder or prevent (the efforts, plans, or desires) of.",active,,
soc-stranger,791,stranger,n,Social and political relations,Someone who is not known.,active,,
soc-subjugate,1516,subjugate,v,Social and political relations,To put somebody under one's authority.,active,,
soc-sympathize,3903,sympathize,v,Social and political relations,To show understanding for somebody's problems or hurt feelings.,active,,
soc-team,3961,team,n,Social and political relations,A cooperative group of individuals working together for a common purpose.,active,,
soc-thank,2412,thank,v,Social and political relations,To express one's gratitude.,active,,
soc-tibetan,3374,tibetan,n,Social and political relations,"Referring to the Tibetan people, their cultural practices or heritage.",active,,
soc-title,4080,title,n,Social and political relations,"A name or designation given to a book, work of art, or person indicating rank, honor, or office.",active,,
soc-town,1391,town,n,Social and political relations,"An area with residential districts, shops and amenities, and its own local government.",active,,
soc-town-or-village,3609,town or village,n,Social and political relations,Referring to either smaller (village) or larger (town) settlements.,active,,
soc-traitor,4092,traitor,n,Social and political relations,A person who betrays the trust or allegiance of others.,active,,
soc-treaty,3169,treaty,n,Social and political relations,"Formal agreement between nations, states or other international bodies.",active,,
soc-tribe,1549,tribe,n,Social and political relations,Group of people linked by the same linguistic and cultural traditions that usually live far from urban areas and practice their own legal rules and have their own political system.,active,,
soc-trust,3902,trust,v,Social and political relations,"To have great confidence in someone that he or she is sincere, honest, and will not deliberately inflict any harm.",active,,
soc-village,930,village,n,Social and political relations,"A group of houses and other buildings, such as a church, a school and some shops, which is smaller than a town, usually in the countryside.",active,,
soc-visit,1377,visit,v,Social and political relations,To go and see a person or place.,active,,
soc-warrior,3608,warrior,n,Social and political relations,A person trained in combat or warfare.,active,,
soc-win,866,win,v,Social and political relations,To achieve a victory.,active,,
spa-above,1741,above,x,Spatial relations,Situated in a higher place than something else.,active,,
spa-across,2670,across,x,Spatial relations,"Located directly across from something else, or from each other.",active,,
spa-after,1685,after,x,Spatial relations,"Subsequent, following, in time or space.",active,,
spa-altitude,2535,altitude,n,Spatial relations,A distance measurement in the vertical direction.,active,,
spa-angular,2757,angular,n,Spatial relations,Having the form of a square.,active,,
spa-at,1461,at,x,Spatial relations,To be in a particular place or location.,active,,
spa-atop,57,atop,x,Spatial relations,To be situated on something.,active,,
spa-back-direction,2910,back,x,Spatial relations,The opposite direction from where one came.,active,,
spa-back-part,2323,back,n,Spatial relations,"The backward part or surface, as of a building.",active,,
spa-backward,2911,backward,x,Spatial relations,Moving in the direction of one's backside.,active,,
spa-ball,1845,ball,n,Spatial relations,Any spherical object.,active,,
spa-base,831,base,n,Spatial relations,The bottom or lowest part.,active,,
spa-behind,1686,behind,x,Spatial relations,At the back of.,active,,
spa-below-or-under,1485,below or under,x,Spatial relations,Situated in a lower place than something else.,active,,
spa-beside,1816,beside,x,Spatial relations,To be positioned at the side of a given object.,active,,
spa-between,689,between,x,Spatial relations,In the position or interval that separates two things.,active,,
spa-big,1202,big,adj,Spatial relations,Of a great size.,active,,
spa-breadth,2536,breadth,n,Spatial relations,The measurement of the width of an object.,active,,
spa-broad,2531,broad,adj,Spatial relations,Having a large width.,active,,
spa-broad-or-wide,2652,broad or wide,adj,Spatial relations,Either be wide or broad.,active,,
spa-center,491,center,n,Spatial relations,"What's in the mid of a plane or sphere, i.e. in 2- or 3-dimensional space.",active,,
spa-center-or-middle,3208,center or middle,n,Spatial relations,What's in the mid of a plane or sphere or equally far away from two ends.,active,,
spa-change,1264,change,v,Spatial relations,To make different or to become different.,active,,
spa-change-become-different,2857,change,v,Spatial relations,To be modified.,active,,
spa-change-something,2856,change,v,Spatial relations,To modify something.,active,,
spa-circle,1467,circle,n,Spatial relations,"A two-dimensional, geometric shape that is made up of every point on a plane which is equidistant from the centre. May be drawn with a pair of compasses.",active,,
spa-closed,589,closed,adj,Spatial relations,Inaccessible.,active,,
spa-coarse,2151,coarse,adj,Spatial relations,Unrefined with reference to material.,active,,
spa-corner,192,corner,n,Spatial relations,The area around the point where two converging walls meet.,active,,
spa-cover,761,cover,v,Spatial relations,To place something over or upon to conceal or protect.,active,,
spa-crooked,297,crooked,adj,Spatial relations,Opposite of straight.,active,,
spa-cross,1367,cross,n,Spatial relations,"A geometrical figure consisting of two straight lines or bars bisecting each other, or any figure or object of similar shape.",active,,
spa-deep,1593,deep,adj,Spatial relations,Having a bottom or base that is far away from the top.,active,,
spa-dense,2239,dense,adj,Spatial relations,"To be thick, of liquids.",active,,
spa-depth,2534,depth,n,Spatial relations,"The dimension of an object, downward from an upper surface.",active,,
spa-direction,3427,direction,n,Spatial relations,A determined trajectory of movement.,active,,
spa-distance,2978,distance,n,Spatial relations,Distance is a numerical description of how far apart objects are.,active,,
spa-divide,1119,divide,v,Spatial relations,To split or separate something into two or more parts.,active,,
spa-down,1326,down,x,Spatial relations,Moving to a lower position.,active,,
spa-down-or-below,2094,down or below,x,Spatial relations,"Moving from a higher position to a lower one, or being at a lower position.",active,,
spa-east,1877,east,n,Spatial relations,"One of the four principal compass points, specifically 90°, conventionally directed to the right on maps. The direction of the rising sun.",active,,
spa-edge,863,edge,n,Spatial relations,The boundary of a surface.,active,,
spa-end,742,end,n,Spatial relations,Extreme part.,active,,
spa-everywhere,2999,everywhere,x,Spatial relations,In all places.,active,,
spa-far,1406,far,adj,Spatial relations,Having a large intervening distance with regard to something.,active,,
spa-fat,1279,fat,adj,Spatial relations,Carrying a larger-than-normal amount of fat or weight.,active,,
spa-fathom,81,fathom,n,Spatial relations,"A linear unit of measurement, equal to 6 feet, for water depth.",active,,
spa-fine-or-thin,2157,fine or thin,adj,Spatial relations,Of a substance: divided into or consisting of very small pieces.,active,,
spa-flat,1633,flat,adj,Spatial relations,Having no variations in altitude.,active,,
spa-forward,2912,forward,x,Spatial relations,Moving ahead.,active,,
spa-fringe,2989,fringe,n,Spatial relations,The border of an object.,active,,
spa-from,693,from,x,Spatial relations,Starting at a given point in space or time.,active,,
spa-from-here,2927,from here,x,Spatial relations,Directed from here towards another direction.,active,,
spa-front,2194,front,n,Spatial relations,"The forward part or surface, as of a building.",active,,
spa-gap,2948,gap,n,Spatial relations,A separation in space.,active,,
spa-gather,7,gather,v,Spatial relations,"To collect or gather (e.g. work, magazines, etc.).",active,,
spa-grow,479,grow,v,Spatial relations,(For a living being) To become bigger.,active,,
spa-height,2985,height,n,Spatial relations,"Height is the measure of vertical distance, either how tall something is, or how high up it is.",active,,
spa-hide,2486,hide,v,Spatial relations,"To put oneself in a place where one cannot be found, or an object so that the object is hidden.",active,,
spa-hide-conceal,602,hide,v,Spatial relations,To put something in a place where it will be harder to discover or out of sight.,active,,
spa-hide-oneself,2485,hide,v,Spatial relations,To put oneself in a place where one cannot be found.,active,,
spa-high,1265,high,adj,Spatial relations,Being in a position comparatively far above to the ground.,active,,
spa-high-or-tall,2790,high or tall,adj,Spatial relations,Being in a position comparatively far above to the ground or be of great height (of objects and persons).,active,,
spa-hither,2925,hither,x,Spatial relations,Directed towards this place here.,active,,
spa-hole,1667,hole,n,Spatial relations,"A, often round, piece of nothingness in some solid.",active,,
spa-hollow,3701,hollow,adj,Spatial relations,Having an empty space inside.,active,,
spa-horizontal,2376,horizontal,adj,Spatial relations,"Plane is said to be horizontal at a given point if it is perpendicular to the gradient of the gravity field at that point— in other words, if apparent gravity makes a plumb bob hang perpendicular to the plane at that point.",active,,
spa-in,1460,in,x,Spatial relations,Contained or encased by something.,active,,
spa-in-front-of,1883,in front of,x,Spatial relations,In front of in space,active,,
spa-inside,1606,inside,x,Spatial relations,Contained or encased by something or inside a building as opposed to outside in the open air.,active,,
spa-instead,1652,instead,x,Spatial relations,As a replacement for.,active,,
spa-join,1743,join,v,Spatial relations,"To join or unite, as one thing to another, or as several particulars, so as to increase the number, augment the quantity, enlarge the magnitude, or so as to form into one aggregate; to sum up; to put together mentally, as, to add numbers; to add up a column.",active,,
spa-leaf,2250,leaf,n,Spatial relations,"An object that is similar in shape to the leaves of a tree, such as a sheet of paper.",active,,
spa-ledge,2204,ledge,n,Spatial relations,A narrow shelflike rock projection on a cliff or mountain.,active,,
spa-left,244,left,adj,Spatial relations,Something that is on the left side relative to another object.,active,,
spa-length,2537,length,n,Spatial relations,A distance measurement of the longest extent of an object.,active,,
spa-lengthen,3700,lengthen,v,Spatial relations,To become longer or to make something longer.,active,,
spa-lie,1411,lie,v,Spatial relations,"To rest in a horizontal, static position, usually on another surface.",active,,
spa-lie-down,215,lie down,v,Spatial relations,(For a human or animal) to assume a horizontally extended position on a surface.,active,,
spa-line,1048,line,n,Spatial relations,"An infinitely long, infinitely thin, not bent line in geometry.",active,,
spa-long,1203,long,adj,Spatial relations,Having much distance from one terminating point on an object or an area to another terminating point.,active,,
spa-long-or-tall,2143,long or tall,x,Spatial relations,Having a vertical or a horizontal extent greater than the average.,active,,
spa-low,721,low,adj,Spatial relations,Being in a position comparatively close to the ground.,active,,
spa-low-height,2191,low,adj,Spatial relations,Having little relative height; not high or tall.,active,,
spa-low-position-or-height,3348,low,x,Spatial relations,Being in a position comparatively close to the ground or having little relative height.,active,,
spa-measure,1506,measure,v,Spatial relations,To ascertain the quantity of a unit of material via calculated comparison with respect to a standard.,active,,
spa-middle,1093,middle,n,Spatial relations,What is equally far away from two ends or being in that position.,active,,
spa-narrow,1267,narrow,adj,Spatial relations,"(Of a path, cave etc.) having a small width.",active,,
spa-near,1942,near,adj,Spatial relations,Not far distant in time or space or degree or circumstances.,active,,
spa-near-in-space,3735,near,adj,Spatial relations,Not far distant in space.,active,,
spa-next-to,2917,next to,x,Spatial relations,To be positioned adjacent to.,active,,
spa-north,1598,north,n,Spatial relations,"One of the four major compass points, specifically 0°, directed toward the North Pole, and conventionally upwards on a map.",active,,
spa-open,1156,open,v,Spatial relations,"To make the inside something accessible by moving an obstacle aside (e.g. a door or covering), or to move said obstacle.",active,,
spa-outside,762,outside,x,Spatial relations,"In the open, not within a building, or outside of something in general.",active,,
spa-over-here,3410,over here,x,Spatial relations,Near here.,active,,
spa-over-there,3411,over there,x,Spatial relations,There in the distance.,active,,
spa-peak,2205,peak,n,Spatial relations,The highest or lowest point on a surface.,active,,
spa-pick-up,371,pick up,v,Spatial relations,To lift; to grasp and raise; to collect.,active,,
spa-pile-up,1576,pile up,v,Spatial relations,To gather together in a heap or unsorted stack.,active,,
spa-place,723,place,n,Spatial relations,A position or area in a space.,active,,
spa-point,3255,point,n,Spatial relations,"The pointed, sharp end of an object like e.g. a spear or arrowhead.",merged,2992,
spa-pointed,372,pointed,adj,Spatial relations,Ending in an acute point.,active,,
spa-put,998,put,v,Spatial relations,To set or place an object somewhere.,active,,
spa-remain,987,remain,v,Spatial relations,To continue to be in the same place or state.,active,,
spa-remains,838,remains,n,Spatial relations,What remains after other things have been taken away (e.g. eaten or destroyed).,active,,
spa-resemble,1777,resemble,v,Spatial relations,To be like or similar to something else.,active,,
spa-right,1019,right,adj,Spatial relations,Something that is on the right side relative to another object.,active,,
spa-round,1395,round,adj,Spatial relations,Circular or having a circular cross-section in at least one direction.,active,,
spa-separate,1359,separate,v,Spatial relations,To cause something or someone to move away from something or someone else.,active,,
spa-shallow,193,shallow,adj,Spatial relations,Having little depth.,active,,
spa-short,1645,short,adj,Spatial relations,Small in length by comparison.,active,,
spa-shut,1046,shut,v,Spatial relations,"To move (a door, a window, etc.) so that it closes its opening.",active,,
spa-side,682,side,n,Spatial relations,The side of an object or person.,active,,
spa-sit,1416,sit,v,Spatial relations,To be in a position with the upper body upright and the legs resting.,active,,
spa-size,2845,size,n,Spatial relations,The height of objects.,active,,
spa-slanted,3075,slanted,adj,Spatial relations,Being positioned not straight vertically or horizontally.,active,,
spa-small,1246,small,adj,Spatial relations,Not large or big; small in size.,active,,
spa-small-not-tall,2484,small,adj,Spatial relations,Small in height (of persons).,active,,
spa-south,1595,south,n,Spatial relations,"One of the four major compass points, specifically 180°, directed toward the South Pole, and conventionally downwards on a map.",active,,
spa-space,3006,space,n,Spatial relations,Available space to place things.,active,,
spa-spherical,2303,spherical,adj,Spatial relations,Having a spherical shape.,active,,
spa-square,850,square,n,Spatial relations,"A geometrical figure with four sides that meet each other on right angles, or something resembling its shape.",active,,
spa-stand,1442,stand,v,Spatial relations,"To be upright in an erect position, supported by the feet.",active,,
spa-steep,2717,steep,adj,Spatial relations,Vertically raising.,active,,
spa-straight,1404,straight,adj,Spatial relations,Not crooked or bent; having a constant direction throughout its length.,active,,
spa-stream,2858,stream,v,Spatial relations,To flow in a continous manner (like the water in a river).,active,,
spa-support,2994,support,n,Spatial relations,An object that keeps another object in its place.,active,,
spa-take-out,3654,take out,v,Spatial relations,To remove or pull something out of an enclosed space.,active,,
spa-tall,711,tall,adj,Spatial relations,Having a vertical extent greater than the average.,active,,
spa-tall-person,3346,tall,adj,Spatial relations,Being of a tall stature.,active,,
spa-thick,1244,thick,adj,Spatial relations,Relatively large distance from one surface to the opposite in its smallest solid dimension.,active,,
spa-thin,2308,thin,adj,Spatial relations,Being narrow or carrying a small amount of fat.,active,,
spa-thin-of-hair-and-leaf,2307,thin,adj,Spatial relations,Being very narrow (of flat or long objects).,merged,2249,
spa-thin-of-hair-and-thread,2305,thin,adj,Spatial relations,"Being very narrow (of long objects, like hairs or wires).",active,,
spa-thin-of-leaf-and-cloth,2306,thin,adj,Spatial relations,"Being very narrow (of flat objects, like leaves or cloth).",active,,
spa-thin-of-shape-of-object,2249,thin,adj,Spatial relations,Being narrow (of flat or long objects).,active,,
spa-thin-slim,1400,thin,adj,Spatial relations,Carrying little fat (of people).,active,,
spa-thither,2923,thither,x,Spatial relations,Directed towards this place there.,active,,
spa-tip,2992,tip,n,Spatial relations,The pointed end of something.,active,,
spa-together,2482,together,x,Spatial relations,In proximity to each other (of two things).,active,,
spa-top,1753,top,n,Spatial relations,Highest and most elevated point.,active,,
spa-towards,2754,towards,x,Spatial relations,Going into the direction of.,active,,
spa-up,1591,up,x,Spatial relations,Moving to a higher position.,active,,
spa-up-or-above,2379,up or above,x,Spatial relations,Moving from a lower position to a higher one or being at a higher position.,active,,
spa-vertical,2375,vertical,adj,Spatial relations,Direction passing by a given point is said to be vertical if it is locally aligned with the gradient of the gravity field.,active,,
spa-west,1817,west,n,Spatial relations,"One of the four principal compass points, specifically 270°, conventionally directed to the left on maps. The direction of the setting sun.",active,,
spa-whither,2928,whither,x,Spatial relations,Directed to what location?,active,,
spa-whole,2277,whole,adj,Spatial relations,In its entirety.,active,,
spa-wide,1243,wide,adj,Spatial relations,"Having a long distance or area between two points, especially horizontally.",active,,
tim-afternoon,1807,afternoon,n,Time,"The part of the day which follows noon, between noon and evening.",active,,
tim-afterwards,2093,afterwards,x,Time,Later or after something else has happened or happens.,active,,
tim-again,204,again,x,Time,Once more.,active,,
tim-age,1789,age,n,Time,"The amount of time that a person, animal or plant has lived or that an object has existed.",active,,
tim-already,2576,already,x,Time,Prior to a specified point in time.,active,,
tim-always,1676,always,x,Time,At all times.,active,,
tim-april,2847,april,n,Time,The 4th month of the Gregorian calendar.,active,,
tim-at-first,2915,at first,x,Time,When first seen or considered.,active,,
tim-at-that-time,2922,at that time,x,Time,At a certain time in the past.,active,,
tim-august,2851,august,n,Time,The 8th month of the Gregorian calendar.,active,,
tim-autumn,1276,autumn,n,Time,"The season after summer and before winter, traditionally from September 21 to December 20 in the northern hemisphere and from March 21 to June 20 in the southern hemisphere.",active,,
tim-autumn-or-harvest-season,3327,autumn or harvest season,x,Time,"The time during which crops are typically harvested, often co-occurring with the season of autumn.",active,,
tim-be-dead-or-die,2101,be dead or die,v,Time,To cease or have ceased to live.,active,,
tim-be-late,425,be late,adj,Time,To be later than the expected time.,active,,
tim-before,1882,before,x,Time,At a time before that.,active,,
tim-begin,1806,begin,v,Time,To begin an activity.,active,,
tim-begin-or-start,3447,begin or start,v,Time,"To begin doing an activity, of (of an activity) to begin.",active,,
tim-beginning,1557,beginning,n,Time,The beginning of an activity or event.,active,,
tim-busy,2755,busy,adj,Time,The state of being occupied with something.,active,,
tim-cease,1928,cease,v,Time,"To have an end, in a temporal, spatial, or quantitative sense; either spatial or metaphorical.",active,,
tim-clock,1323,clock,n,Time,An instrument used to measure or keep track of time.,active,,
tim-dawn,729,dawn,n,Time,A period of time at the beginning of the day shortly before sunrise during which the light gradually becomes stronger.,active,,
tim-day-24-hours,1260,day,n,Time,A period of time lasting 24 hours.,active,,
tim-day-after-tomorrow,1179,day after tomorrow,x,Time,On the day following tomorrow.,active,,
tim-day-before-yesterday,1180,day before yesterday,x,Time,On the day before yesterday.,active,,
tim-day-not-night,1225,day,n,Time,The period between sunrise and sunset where one enjoys daylight.,active,,
tim-december,2855,december,n,Time,The 12th month of the Gregorian calendar.,active,,
tim-dry-season,452,dry season,n,Time,Yearly period of low rainfall in the tropics.,active,,
tim-dusk,2297,dusk,n,Time,The darkest stage of twilight in the evening.,active,,
tim-early,672,early,adj,Time,Before the expected time or towards the beginning of a time period.,active,,
tim-end,743,end,n,Time,The last or final part.,active,,
tim-evening,1629,evening,n,Time,That part of the day in which daylight decreases and the night falls.,active,,
tim-fast,1631,fast,adj,Time,Occurring or happening within a short time.,active,,
tim-february,2037,february,n,Time,"The second month of the Gregorian calendar, having 29 days in a leap year and 28 in other years.",active,,
tim-finish,1766,finish,v,Time,"To end something, to bring something to a conclusion.",active,,
tim-first-day-of-the-month,3354,first day of the month,n,Time,The first day of the month.,active,,
tim-for-a-long-time,418,for a long time,x,Time,(Of an action or state) to last a long period of time.,active,,
tim-forenoon,2775,forenoon,n,Time,The time before noon.,active,,
tim-former,3004,former,x,Time,Coming before in time.,active,,
tim-four-days-before-now,3278,four days before now,x,Time,Four days before today.,active,,
tim-four-days-from-now,3277,four days from now,x,Time,Four days from today.,active,,
tim-friday,1692,friday,n,Time,The fifth day of the week in Europe and in systems using the ISO 8601 norm; the sixth day of the week in the United States of America.,active,,
tim-future,2427,future,n,Time,The future is what will happen in the time after the present.,active,,
tim-harmattan,451,harmattan,n,Time,"Dry, dusty and cold West African trade wind from northeastern direction.",active,,
tim-hour,1353,hour,n,Time,A time period of sixty minutes; one twenty-fourth of a day.,active,,
tim-how-long,2338,how long,x,Time,Asking for the duration of an event.,active,,
tim-hurry,754,hurry,v,Time,To move or do something at a fast pace.,active,,
tim-idle,2756,idle,n,Time,The state of not being occupied with anything.,active,,
tim-immediately,1963,immediately,x,Time,In an immediate manner; instantly or without delay.,active,,
tim-instantly,2916,instantly,x,Time,Without delay.,active,,
tim-january,2036,january,n,Time,"The first month of the Gregorian calendar, having 31 days.",active,,
tim-july,2850,july,n,Time,The 7th month of the Gregorian calendar.,active,,
tim-june,2849,june,n,Time,The 6th month of the Gregorian calendar.,active,,
tim-just,84,just,x,Time,Only a very short time before.,active,,
tim-last,1186,last,v,Time,"To endure, continue over time.",active,,
tim-last-year,514,last year,x,Time,The year before the current one.,active,,
tim-late,477,late,x,Time,Towards the end of a time period.,active,,
tim-long-ago,373,long ago,x,Time,"At a time in the past, especially the distant past.",active,,
tim-march,2846,march,n,Time,The third month of the Gregorian calendar.,active,,
tim-may,2848,may,n,Time,The 5th month of the Gregorian calendar.,active,,
tim-midday,12,midday,n,Time,Time of day when the sun is in its zenith.,active,,
tim-midnight,2656,midnight,n,Time,In the middle of the night.,active,,
tim-moment,4075,moment,n,Time,"A brief but measurable period of time, often considered important or significant in a particular context.",active,,
tim-monday,1697,monday,n,Time,The first day of the week in Europe and in systems using the ISO 8601 norm; the second day of the week in the United States of America.,active,,
tim-monsoon-season,3323,monsoon season,n,Time,A period of heavy rain particularly during summer time.,active,,
tim-month,1370,month,n,Time,"A period into which a year is divided, historically based on the phases of the moon. In the Gregorian calendar there are twelve months.",active,,
tim-morning,1339,morning,n,Time,The period of time from the start of the day (midnight) until midday (12:00).,active,,
tim-never,1656,never,x,Time,At no time.,active,,
tim-new,1231,new,adj,Time,"Recently made, created or begun.",active,,
tim-next-year,515,next year,x,Time,The year after the current one.,active,,
tim-night,1233,night,n,Time,"The period between sunset and sunrise, when a location faces far away from the sun, thus when the sky is dark.",active,,
tim-noon,2490,noon,n,Time,12 o'clock in the daytime.,merged,12,
tim-november,2854,november,n,Time,The 11th month of the Gregorian calendar.,active,,
tim-now,1376,now,x,Time,At present; at this time.,active,,
tim-now-or-today,2097,now or today,x,Time,On the current day or in the current moment.,active,,
tim-october,2853,october,n,Time,The 10th month of the Gregorian calendar.,active,,
tim-often,1852,often,x,Time,"Many times, with short intervals between occasions.",active,,
tim-old,1229,old,adj,Time,Having lived or existed for a relatively long period of time.,active,,
tim-old-aged,2112,old,adj,Time,To be old (of persons).,active,,
tim-old-of-man,565,old,adj,Time,Old of a man as opposed to old of a woman.,active,,
tim-old-of-woman,566,old,adj,Time,Old of a woman as opposed to old of a man.,active,,
tim-old-used,2113,old,adj,Time,To be old (of things).,active,,
tim-once,2914,once,x,Time,One time during a certain time in the past.,active,,
tim-one-time,374,one time,x,Time,An instance or occurrence of an event.,active,,
tim-pass,1951,pass,v,Time,"Of time, to elapse, to be spent.",active,,
tim-perhaps,2278,perhaps,x,Time,(Of an event) to be possible to occur or to have occurred.,active,,
tim-period,508,period,n,Time,A length of time.,active,,
tim-rainy-season,453,rainy season,n,Time,Period of year when most of a region's average annual rainfall occurs.,active,,
tim-ready,790,ready,adj,Time,Prepared for immediate action or use.,active,,
tim-saturday,1700,saturday,n,Time,The sixth day of the week in Europe and in systems using the ISO 8601 norm; the seventh day of the week in the United States of America.,active,,
tim-season,691,season,n,Time,"One of the four equal periods into which the year is divided by the equinoxes and solstices, resulting from the apparent movement of the sun north and south of the equator during the course of the earth's orbit around it. These periods (spring, summer, autumn and winter) have their characteristic weather conditions in different regions, and occur at opposite times of the year in the N and S hemispheres.",active,,
tim-second-day-of-the-month,3355,second day of the month,n,Time,The second day of the month.,active,,
tim-september,2852,september,n,Time,The 9th month of the Gregorian calendar.,active,,
tim-short,3312,short,x,Time,For a brief period or a short amount of time.,active,,
tim-slow,701,slow,adj,Time,With low speed.,active,,
tim-sometimes,1544,sometimes,x,Time,"On certain occasions, or in certain circumstances, but not always.",active,,
tim-soon,703,soon,x,Time,In a near future.,active,,
tim-springtime,1537,springtime,n,Time,"Traditionally the first of the four seasons, the season of growth with an ever increasing amount of daytime.",active,,
tim-start,3449,start,v,Time,(Of an activity) to begin.,active,,
tim-still,2919,still,x,Time,Continuance of motion or state.,active,,
tim-suddenly,2920,suddenly,x,Time,Happening unexpectedly.,active,,
tim-summer,1342,summer,n,Time,"Traditionally the second of the four seasons regarded as being from June 21 to September 20 (or just June, July and August) in the Northern Hemisphere and from December 21 to March 20 (or just December, January and February) in the Southern Hemisphere.",active,,
tim-sunday,1699,sunday,n,Time,"The seventh day of the week in Europe and in systems using the ISO 8601 standard, or the first day of the week in the United States of America, the Sabbath for most Christians.",active,,
tim-sunrise,2296,sunrise,n,Time,The instant at which the upper edge of the Sun appears over the eastern horizon in the morning.,active,,
tim-sunset,2295,sunset,n,Time,The daily disappearance of the Sun below the western horizon as a result of Earth's rotation.,active,,
tim-then,2921,then,x,Time,Soon after that.,active,,
tim-third-day-of-the-month,3352,third day of the month,n,Time,The third day of the month.,active,,
tim-this-year,513,this year,x,Time,The current year.,active,,
tim-three-days-before-now,2333,three days before now,x,Time,Three days before today.,active,,
tim-three-days-from-now,2332,three days from now,x,Time,Three days from today.,active,,
tim-thursday,1693,thursday,n,Time,The fourth day of the week in Europe and in systems using the ISO 8601 norm; the fifth day of the week in the United States of America.,active,,
tim-time,892,time,n,Time,"The dimension of the physical universe which, at a given place, orders the sequence of events.",active,,
tim-today,1283,today,x,Time,On the current day or date.,active,,
tim-tomorrow,1329,tomorrow,x,Time,The day after the present day.,active,,
tim-tomorrow-or-yesterday,2801,tomorrow or yesterday,x,Time,The day after the present day or the day before today.,active,,
tim-tuesday,1695,tuesday,n,Time,The second day of the week in Europe and in systems using the ISO 8601 norm; the third day of the week in the United States of America.,active,,
tim-until,2753,until,x,Time,Up to that point in time.,active,,
tim-wednesday,1694,wednesday,n,Time,The third day of the week in Europe and in systems using the ISO 8601 norm; the fourth day of the week in the United States of America.,active,,
tim-week,1469,week,n,Time,A period of seven days.,active,,
tim-while,726,while,n,Time,"A certain duration of time, a period of time.",active,,
tim-winter,1471,winter,n,Time,"Traditionally, the fourth of the seasons, marked by the applicable hemisphere of the planet being at its minimum angle of exposure to the Sun, resulting in short days, long nights and typically in low temperatures.",active,,
tim-wristwatch,3349,wristwatch,n,Time,An instrument used to measure or keep track of time that is carried around the wrist.,active,,
tim-year,1226,year,n,Time,The time it takes the Earth to complete one revolution of the Sun (between 365.24 and 365.26 days depending on the point of reference).,active,,
tim-year-after-next-year,2330,year after next year,x,Time,The year after the next year.,active,,
tim-year-before-last-year,2331,year before last year,x,Time,The year before the last year.,active,,
tim-yesterday,1174,yesterday,x,Time,The day before today.,active,,
tim-yet,2577,yet,x,Time,Up to a particular time.,active,,
tim-young,1207,young,adj,Time,In the early part of growth or life.,active,,
tim-young-of-man,564,young,adj,Time,Young of a man as opposed to young of a woman.,active,,
tim-young-of-woman,563,young,adj,Time,Young of a woman as opposed to young of a man.,active,,
war-ambush,65,ambush,n,Warfare and hunting,The act of concealing yourself and lying in wait to attack by surprise.,active,,
war-armour,1061,armour,n,Warfare and hunting,"Clothing that soldiers wear to protect themselves during combat. Historically made of leather or metal, today special materials like kevlar are used.",active,,
war-army,1561,army,n,Warfare and hunting,"A large, military force concerned mainly with ground operations.",active,,
war-arrow,977,arrow,n,Warfare and hunting,Pointed projectile that is shot with a bow.,active,,
war-attack,722,attack,n,Warfare and hunting,The application of violent force to someone or something.,active,,
war-attacking,3899,attacking,v,Warfare and hunting,To use violence with the intention to harm.,active,,
war-bait,2013,bait,n,Warfare and hunting,Anything that serves as an enticement.,active,,
war-battle,579,battle,n,Warfare and hunting,An instance of combat in warfare between two or more parties wherein each group will seek to defeat the others.,active,,
war-battle-axe,386,battle-axe,n,Warfare and hunting,An ancient military weapon.,active,,
war-be-at-war,2208,be at war,v,Warfare and hunting,To be in the state of belligerence.,active,,
war-blade,869,blade,n,Warfare and hunting,"The flat, sharp-edged part of a tool.",active,,
war-blowgun,432,blowgun,n,Warfare and hunting,A pipe or tube through which darts or other missiles are blown by the breath.,active,,
war-booty,1022,booty,n,Warfare and hunting,"Profits from burglary, looting and raids.",active,,
war-bow,994,bow,n,Warfare and hunting,"A weapon made of a curved piece of wood or other flexible material whose ends are connected by a string, used for shooting arrows.",active,,
war-bow-or-crossbow,3228,bow or crossbow,n,Warfare and hunting,"A weapon made of a curved piece of wood or other flexible material whose ends are connected by a string, used for shooting arrows, or a weapon based on it, consisting of a bow mounted on a stock.",active,,
war-bullet,1114,bullet,n,Warfare and hunting,"A projectile, usually of metal, shot from a gun at high speed.",active,,
war-cannon,3202,cannon,n,Warfare and hunting,A bullet firing weapon mounted on a carriage.,active,,
war-cannon-or-gun,3203,cannon or gun,n,Warfare and hunting,A bullet-firing weapon mounted on a carriage or to be held in the hands or arms.,active,,
war-captive,1073,captive,n,Warfare and hunting,A person held against his will.,merged,1072,
war-club,1763,club,n,Warfare and hunting,A short heavy club with a rounded head used as a weapon.,active,,
war-cock,1878,cock,n,Warfare and hunting,"The part of a firearm that hits the back of the bullet and sets it off, firing the gun.",active,,
war-crossbow,3193,crossbow,n,Warfare and hunting,"A weapon based on the bow, consisting of a bow mounted on a stock.",active,,
war-dagger,4133,dagger,n,Warfare and hunting,"Short, pointed weapon with a double-edged blade, designed for stabbing or thrusting, often used in close combat.",active,,
war-defeat,782,defeat,n,Warfare and hunting,An end to a struggle or contest that did not end in success.,active,,
war-defend,1330,defend,v,Warfare and hunting,To keep something or someone safe or prevent harm coming to someone or something.,active,,
war-fight,1423,fight,v,Warfare and hunting,To be involved in a physical confrontation.,active,,
war-fish-trap,389,fish trap,n,Warfare and hunting,"A contraption made of wires, rods, fishing-net or other suitable materials with the purpose of catching fish alive.",active,,
war-fisherman,1858,fisherman,n,Warfare and hunting,A person whose profession is catching fish.,active,,
war-fishhook,1074,fishhook,n,Warfare and hunting,A metal hook for catching fish.,active,,
war-fishing,2796,fishing,v,Warfare and hunting,"To hunt for fish, using a hook on a line to catch them.",active,,
war-fishing-line,19,fishing line,n,Warfare and hunting,A line intended to fasten hooks in when fishing.,active,,
war-fishing-spear,841,fishing spear,n,Warfare and hunting,A spearlike weapon with a barbed head used in hunting whales and large fish.,active,,
war-fishnet,388,fishnet,n,Warfare and hunting,A net used to catch fish.,active,,
war-flank,529,flank,n,Warfare and hunting,"The extreme left or right edge of a military formation, army etc.",active,,
war-fortress,1938,fortress,n,Warfare and hunting,"A fortified place; a large and permanent fortification, sometimes including a town.",active,,
war-guard,1940,guard,n,Warfare and hunting,A person who protects or watches over something.,active,,
war-gun,1566,gun,n,Warfare and hunting,A bullet firing weapon to be held in the hands or arms.,active,,
war-gunpowder,1798,gunpowder,n,Warfare and hunting,An explosive in the form of a powder.,active,,
war-helmet,1680,helmet,n,Warfare and hunting,"Any of various forms of protective head covering worn e.g.  by soldiers, firefighters, divers, cyclists, etc.",active,,
war-hook,1071,hook,n,Warfare and hunting,"A rod bent into a curved shape, for catching, holding, or sustaining anything.",active,,
war-hunt,1435,hunt,v,Warfare and hunting,To chase down prey and (usually) kill it.,active,,
war-hunter,1053,hunter,n,Warfare and hunting,A person who hunts game.,active,,
war-hunting-dog,3380,hunting dog,n,Warfare and hunting,A type of canine bred for hunting or a dog trained to assist humans with hunting.,active,,
war-peace,1338,peace,n,Warfare and hunting,"A state free of war, in particular war between different countries.",active,,
war-pistol,3881,pistol,n,Warfare and hunting,A handgun with the chamber integral to its gun barrel.,active,,
war-prisoner,1072,prisoner,n,Warfare and hunting,"A person confined in a prison, while on trial or serving a sentence.",active,,
war-quiver,995,quiver,n,Warfare and hunting,"A container for arrows, crossbow bolts or darts, such as those fired from a bow, crossbow or blowgun.",active,,
war-retreat,421,retreat,v,Warfare and hunting,"To retreat unwillingly and/or suddenly, often caused by sudden pain, shock, scare, fright, surprise, or similar.",active,,
war-rifle,4140,rifle,n,Warfare and hunting,"A long-barreled firearm designed to be fired from the shoulder, with a rifled bore that imparts spin to the projectile for increased accuracy.",active,,
war-shield,1064,shield,n,Warfare and hunting,"A large plate made of metal or wood, held in the left hand during melee combat to protect the body from incoming attacks.",active,,
war-shoot,1172,shoot,v,Warfare and hunting,"To fire a shot from a firearm, bow or other weapon.",active,,
war-shoot-with-slingshot,3180,shoot,v,Warfare and hunting,Use a rubber-based projectile weapon to propel projectiles against a target.,active,,
war-shotgun,3948,shotgun,n,Warfare and hunting,A long gun (used mainly for hunting) that shoots multiple small bullets at a time.,active,,
war-sling,387,sling,n,Warfare and hunting,"An instrument for throwing stones or other missiles, consisting of a short strap with two strings fastened to its ends, or with a string fastened to one end and a light stick to the other.",active,,
war-slingshot,4146,slingshot,n,Warfare and hunting,"A handheld weapon consisting of a forked frame with elastic bands used to propel small projectiles, such as stones or pellets, by tension and release.",active,,
war-snare,3320,snare,n,Warfare and hunting,A specific trap for catching small animals with a string that prevents caught animals from escaping.,active,,
war-soldier,1941,soldier,n,Warfare and hunting,"A person who is actively engaged in battle, conflict or warfare.",active,,
war-spear,945,spear,n,Warfare and hunting,"a long, stabbing weapon for thrusting or throwing, consisting of a wooden shaft to which a sharp-pointed head, as of iron or steel, is attached.",active,,
war-spear-somebody,473,spear,v,Warfare and hunting,"To penetrate or strike with, or as if with, any long narrow object. To make a thrusting motion that catches an object on the tip of a long device.",active,,
war-spearthrower,2677,spearthrower,n,Warfare and hunting,"A spear-thrower or atlatl is a tool that uses leverage to achieve greater velocity in dart-throwing, and includes a bearing surface which allows the user to store energy during the throw.",active,,
war-surrender,1696,surrender,v,Warfare and hunting,To give up to the enemy.,active,,
war-sword,1535,sword,n,Warfare and hunting,"A long-bladed weapon that has a handle (and sometimes a hilt) and is designed to stab, cut or slash.",active,,
war-tank,3102,tank,n,Warfare and hunting,Armoured vehicle used by the military.,active,,
war-torture,1952,torture,v,Warfare and hunting,"To intentionally inflict physical or mental suffering upon a person or an animal in order to punish, to coerce or for sheer cruelty.",active,,
war-tower,1671,tower,n,Warfare and hunting,"Structure, usually taller than it is wide, often used as a lookout.",active,,
war-trap-catch,1170,trap,v,Warfare and hunting,"To catch in a trap, to immobilize.",active,,
war-trap-pitfall,1075,trap,n,Warfare and hunting,A device for catching and holding animals.,active,,
war-victory,783,victory,n,Warfare and hunting,An end to a struggle or contest that did end in success.,active,,
war-war,935,war,n,Warfare and hunting,"A conflict or a state of hostility between two or more parties, nations or states, in which armed forces or military operations are used.",active,,
war-waste,79,waste,v,Warfare and hunting,To cause extensive destruction or ruin utterly.,active,,
war-weapons,951,weapons,n,Warfare and hunting,"An instrument of attack or defense in combat, as a gun, missile, or sword.",active,,
