av_id,glottocode,iso639p3,name,parent_av_id,family,macroarea,latitude,longitude,in_glottolog,notes
aav-alak,alak1253,alk,Alak,,Austroasiatic,Eurasia,15.5565,106.597,true,
aav-arem,arem1240,aem,Arem,,Austroasiatic,Eurasia,17.7672,105.928,true,
aav-aslian,asli1243,,Aslian,,Austroasiatic,,,,false,
aav-austroasiatic,aust1305,,Austroasiatic,,Austroasiatic,,,,false,
aav-bahnar,bahn1262,bdq,Bahnar,,Austroasiatic,Eurasia,14.0476,108.471,true,
aav-batek,bate1262,btq,Batek,,Austroasiatic,Eurasia,4.8223,102.382,true,
aav-besisi,besi1244,mhe,Besisi,,Austroasiatic,Eurasia,2.717,101.676,true,
aav-bit,bitt1240,bgk,Bit,,Austroasiatic,Eurasia,21.3474,101.916,true,
aav-blang,blan1242,blr,Blang,,Austroasiatic,Eurasia,22.0092,99.7405,true,
aav-bo-maleng,bola1249,bgl,Bo-Maleng,,Austroasiatic,Eurasia,18.18657,104.95342,true,
aav-bodo-gadaba,bodo1267,gbj,Bodo Gadaba,,Austroasiatic,Eurasia,18.3857,82.771,true,
aav-bolyu,boly1239,ply,Bolyu,,Austroasiatic,Eurasia,24.7013,104.955,true,
aav-bondo,bond1245,bfw,Bondo,,Austroasiatic,Eurasia,19.1512,83.8141,true,
aav-brao,lave1249,brb,Brao,,Austroasiatic,Eurasia,14.5994,107.008,true,
aav-bugan,buga1247,bbh,Bugan,,Austroasiatic,Eurasia,23.6124,104.963,true,
aav-bulo-stieng,bulo1242,sti,Bulo Stieng,,Austroasiatic,Eurasia,11.9777,106.798,true,
aav-car-nicobarese,carn1240,caq,Car Nicobarese,,Austroasiatic,Eurasia,9.18853,92.7671,true,
aav-central-chong,cent2314,,Central Chong,,Austroasiatic,Eurasia,12.608611,102.270556,true,
aav-central-khmer,cent1989,khm,Central Khmer,,Austroasiatic,Eurasia,12.0515,105.015,true,
aav-central-mnong,cent1992,cmo,Central Mnong,,Austroasiatic,Eurasia,12.6313,107.301,true,
aav-central-nicobarese,cent1990,ncb,Central Nicobarese,,Austroasiatic,Eurasia,7.94812,93.3921,true,
aav-chaura,chau1258,crv,Chaura,,Austroasiatic,Eurasia,8.45745,93.0331,true,
aav-chewong,chew1245,cwg,Chewong,,Austroasiatic,Eurasia,3.83331,102.081,true,
aav-chil-koho,chil1279,,Chil (Koho),,Austroasiatic,Eurasia,11.6444,108.057,true,
aav-chong-of-chanthaburi,chon1284,cog,Chong of Chanthaburi,,Austroasiatic,Eurasia,12.5218,102.514,true,
aav-chrau,chra1242,crw,Chrau,,Austroasiatic,Eurasia,10.8021,107.293,true,
aav-chut,chut1247,scb,Chut,,Austroasiatic,Eurasia,17.6819,105.773,true,
aav-cua,cuaa1241,cua,Cua,,Austroasiatic,Eurasia,15.1688,108.431,true,
aav-cuoi,cuoi1242,,Cuoi,,Austroasiatic,,,,false,
aav-danau,dana1252,dnu,Danau,,Austroasiatic,Eurasia,20.4957,96.998,true,
aav-doi,doii1241,ukk,Doi,,Austroasiatic,Eurasia,21.4293,100.985,true,
aav-eastern-bru,east2332,bru,Eastern Bru,,Austroasiatic,Eurasia,17.1311,105.671,true,
aav-eastern-katu,east1236,ktv,Eastern Katu,,Austroasiatic,Eurasia,15.8553,107.644,true,
aav-eastern-lawa,east2330,lwl,Eastern Lawa,,Austroasiatic,Eurasia,19.0136,98.7613,true,
aav-eastern-mnong,east2333,mng,Eastern Mnong,,Austroasiatic,Eurasia,12.3939,108.354,true,
aav-en-china,ennn1242,,En (China),,Austroasiatic,Eurasia,23.1024,99.108,true,
aav-gorum-parenga,pare1266,pcj,Gorum-Parenga,,Austroasiatic,Eurasia,19.075,83.9723,true,
aav-halang,hala1252,hal,Halang,,Austroasiatic,Eurasia,14.7862,107.457,true,
aav-ho,hooo1248,hoc,Ho,,Austroasiatic,Eurasia,23.9596,87.1188,true,
aav-hre,hree1244,hre,Hre,,Austroasiatic,Eurasia,14.6308,108.694,true,
aav-hu,huuu1240,huo,Hu,,Austroasiatic,Eurasia,22.0163,100.881,true,
aav-hung,hung1275,hnu,Hung,,Austroasiatic,Eurasia,18.7849,104.772,true,
aav-india-lyngam,lyng1241,lyg,India Lyngam,,Austroasiatic,Eurasia,25.35,91.05,true,
aav-jah-hut,jahh1242,jah,Jah Hut,,Austroasiatic,Eurasia,3.67619,102.291,true,
aav-jaintia,jain1238,,Jaintia,,Austroasiatic,Eurasia,24.8237,92.2628,true,
aav-jeh,jehh1245,jeh,Jeh,,Austroasiatic,Eurasia,15.2351,107.753,true,
aav-jehai,jeha1242,jhi,Jehai,,Austroasiatic,Eurasia,5.63695,101.541,true,
aav-jeng,jeng1241,jeg,Jeng,,Austroasiatic,Eurasia,15.0392,107.147,true,
aav-juang,juan1238,jun,Juang,,Austroasiatic,Eurasia,21.2606,85.5845,true,
aav-juray,jura1242,juy,Juray,,Austroasiatic,Eurasia,19.091,84.1204,true,
aav-katu,katu1272,,Katu,,Austroasiatic,,,,false,
aav-kayong,kayo1245,kxy,Kayong,,Austroasiatic,Eurasia,14.9227,108.447,true,
aav-kensiu,kens1248,kns,Kensiu,,Austroasiatic,Eurasia,5.98085,101.026,true,
aav-kha-phong,khap1242,,Kha Phong,,Austroasiatic,Eurasia,18.25,105.0,true,
aav-khang,khan1274,kjm,Kháng,,Austroasiatic,Eurasia,21.6624,103.736,true,
aav-kharia,khar1287,khr,Kharia,,Austroasiatic,Eurasia,22.3571,84.3922,true,
aav-khasi,khas1269,kha,Khasi,,Austroasiatic,Eurasia,24.977,91.9998,true,
aav-khmu,khmu1255,,Khmu',,Austroasiatic,,,,false,
aav-khmu-2,khmu1256,kjg,Khmu,,Austroasiatic,Eurasia,20.2463,101.671,true,
aav-kintaq,kint1239,knq,Kintaq,,Austroasiatic,Eurasia,5.75004,101.277,true,
aav-koda,koda1236,cdz,Koda,,Austroasiatic,Eurasia,23.234,87.479,true,
aav-koho,koho1244,kpm,Koho,,Austroasiatic,Eurasia,11.6444,108.057,true,
aav-korku,kork1243,kfq,Korku,,Austroasiatic,Eurasia,21.8358,77.5541,true,
aav-korwa,korw1242,kfp,Korwa,,Austroasiatic,Eurasia,23.4102,83.8142,true,
aav-kriang-khlor,ngeq1245,ngt,Kriang-Khlor,,Austroasiatic,Eurasia,15.6211,106.877,true,
aav-krung,krun1240,krr,Krung,,Austroasiatic,Eurasia,13.5699,106.761,true,
aav-ksingmul,puoc1238,puo,Ksingmul,,Austroasiatic,Eurasia,20.8862,103.931,true,
aav-kuy,kuyy1240,kdt,Kuy,,Austroasiatic,Eurasia,14.6698,104.911,true,
aav-lamet,lame1256,lbn,Lamet,,Austroasiatic,Eurasia,20.40086,100.58413,true,
aav-lanoh,lano1248,lnh,Lanoh,,Austroasiatic,Eurasia,4.90934,100.986,true,
aav-laven,lave1248,lbo,Laven,,Austroasiatic,Eurasia,15.2726,106.322,true,
aav-lavia-awalai-damangnuo-awa,awac1238,vwa,Lavia-Awalai-Damangnuo Awa,,Austroasiatic,Eurasia,22.75,99.4833,true,
aav-lawi,lawi1235,lvi,Lawi,,Austroasiatic,Eurasia,15.306668,106.734345,true,
aav-lower-ta-oih,lowe1395,tto,Lower Ta'oih,,Austroasiatic,Eurasia,15.9083,106.873,true,
aav-ly-ha,lyha1238,,Ly Ha,,Austroasiatic,Eurasia,18.7849,104.772,true,
aav-maa,maaa1253,cma,Maa,,Austroasiatic,Eurasia,11.5205,107.339,true,
aav-mahali,maha1291,mjx,Mahali,,Austroasiatic,Eurasia,22.1698,86.7445,true,
aav-mal,mall1246,mlf,Mal,,Austroasiatic,Eurasia,19.273,101.204,true,
aav-maleng,male1282,pkt,Maleng,,Austroasiatic,Eurasia,17.913525,105.52746,true,
aav-malieng,mali1278,,Malieng,,Austroasiatic,Eurasia,17.913525,105.52746,true,
aav-man-met,manm1238,mml,Man Met,,Austroasiatic,Eurasia,22.0743,100.842,true,
aav-mang,mang1378,zng,Mang,,Austroasiatic,Eurasia,22.37,102.884,true,
aav-maniq,tong1308,tnz,Maniq,,Austroasiatic,Eurasia,6.88137,100.102,true,
aav-may,mayy1239,,May,,Austroasiatic,Eurasia,17.98149,105.62218,true,
aav-minriq,minr1238,mnq,Minriq,,Austroasiatic,Eurasia,5.01108,102.047,true,
aav-mintil,mint1239,mzt,Mintil,,Austroasiatic,Eurasia,4.59376,101.986,true,
aav-mlabri,mlab1235,mra,Mlabri,,Austroasiatic,Eurasia,18.5533,101.163,true,
aav-mok,mokk1243,mqt,Mok,,Austroasiatic,Eurasia,18.9117,99.5821,true,
aav-mon,monn1252,mnw,Mon,,Austroasiatic,Eurasia,15.49394,98.122465,true,
aav-muak,tail1246,tlq,Muak,,Austroasiatic,Eurasia,21.4293,100.985,true,
aav-mundari,mund1320,unr,Mundari,,Austroasiatic,Eurasia,23.03,85.85,true,
aav-muong,muon1246,mtq,Muong,,Austroasiatic,Eurasia,20.7374,105.186,true,
aav-nancowry,nanc1247,,Nancowry,,Austroasiatic,Eurasia,7.94812,93.3921,true,
aav-nguon,nguo1239,nuo,Nguôn,,Austroasiatic,Eurasia,17.7243,105.932,true,
aav-nicobaric,nico1262,,Nicobaric,,Austroasiatic,,,,false,
aav-north-aslian,nort2682,,North Aslian,,Austroasiatic,,,,false,
aav-northern-khmer,nort2684,kxm,Northern Khmer,,Austroasiatic,Eurasia,14.4674,103.863,true,
aav-northern-vietnamese,nort2683,,Northern Vietnamese,,Austroasiatic,Eurasia,20.681188,105.774071,true,
aav-nyaheun,nyah1249,nev,Nyaheun,,Austroasiatic,Eurasia,15.1034,106.543,true,
aav-nyahkur,nyah1250,cbn,Nyahkur,,Austroasiatic,Eurasia,15.8909,101.515,true,
aav-nyeu,nyeu1238,nyl,Nyeu,,Austroasiatic,Eurasia,14.8817,104.33,true,
aav-o-du,oduu1239,tyh,O'du,,Austroasiatic,Eurasia,19.3497,104.106,true,
aav-old-mon,oldm1242,omx,Old Mon,,Austroasiatic,Eurasia,14.83,100.5,true,
aav-ong-ir,ongg1239,oog,Ong-Ir,,Austroasiatic,Eurasia,15.1225,106.001,true,
aav-oy,oyyy1238,oyb,Oy,,Austroasiatic,Eurasia,15.42,106.658,true,
aav-pacoh,paco1243,pac,Pacoh,,Austroasiatic,Eurasia,16.3353,107.094,true,
aav-palaung,pala1336,,Palaung,,Austroasiatic,,,,false,
aav-pear,pear1247,pcb,Pear,,Austroasiatic,Eurasia,13.593,105.028,true,
aav-phong,phon1243,,Phong,,Austroasiatic,Eurasia,18.60928,104.92259,true,
aav-phong-kniang,phon1246,pnx,Phong-Kniang,,Austroasiatic,Eurasia,19.9622,104.088,true,
aav-phuong,phuo1238,phg,Phuong,,Austroasiatic,Eurasia,16.2118,107.467,true,
aav-pnar,pnar1238,pbv,Pnar,,Austroasiatic,Eurasia,24.8237,92.2628,true,
aav-prai,phai1238,prt,Prai,,Austroasiatic,Eurasia,19.0383,101.218,true,
aav-raojin,raoj1238,,Raojin,,Austroasiatic,Eurasia,21.6176,98.0915,true,
aav-rengao,reng1252,ren,Rengao,,Austroasiatic,Eurasia,14.456,107.9459,true,
aav-riang-myanmar,rian1261,ril,Riang (Myanmar),,Austroasiatic,Eurasia,24.0521,98.8333,true,
aav-romam,roma1331,rmx,Romam,,Austroasiatic,Eurasia,14.34,107.447,true,
aav-ruc,rucc1239,,Ruc,,Austroasiatic,Eurasia,17.68293,105.7841,true,
aav-ruching-palaung,ruch1235,pce,Ruching Palaung,,Austroasiatic,Eurasia,21.6176,98.0915,true,
aav-rumai-palaung,ruma1248,rbb,Rumai Palaung,,Austroasiatic,Eurasia,23.6404,97.3172,true,
aav-sa-och,saoc1239,scq,Sa'och,,Austroasiatic,Eurasia,10.8739,103.835,true,
aav-sabum,sabu1253,sbo,Sabüm,,Austroasiatic,Eurasia,5.34694,101.065,true,
aav-sach,sach1240,,Sach,,Austroasiatic,Eurasia,17.6819,105.773,true,
aav-samtao,samt1238,stu,Samtao,,Austroasiatic,Eurasia,22.0185,99.2576,true,
aav-santali,sant1410,sat,Santali,,Austroasiatic,Eurasia,25.0317,87.8185,true,
aav-sapuan,sapu1248,spu,Sapuan,,Austroasiatic,Eurasia,15.3692,106.843,true,
aav-sedang,seda1262,sed,Sedang,,Austroasiatic,Eurasia,14.7793,108.027,true,
aav-semai,sema1266,sea,Semai,,Austroasiatic,Eurasia,4.13257,101.477,true,
aav-semaq-beri,sema1265,szc,Semaq Beri,,Austroasiatic,Eurasia,4.1217,102.816,true,
aav-semelai,seme1247,sza,Semelai,,Austroasiatic,Eurasia,2.82799,102.806,true,
aav-semnam,semn1250,ssm,Semnam,,Austroasiatic,Eurasia,5.27617,101.058,true,
aav-senoic,seno1278,,Senoic,,Austroasiatic,,,,false,
aav-shwe-palaung,shwe1236,pll,Shwe Palaung,,Austroasiatic,Eurasia,23.6729,97.7972,true,
aav-so,sooo1254,sss,Sô,,Austroasiatic,Eurasia,16.9081,105.001,true,
aav-somray-of-battambang-somre-of-siem-reap,somr1240,smu,Somray of Battambang-Somre of Siem Reap,,Austroasiatic,Eurasia,12.243,103.139,true,
aav-son,sonn1238,,Son,,Austroasiatic,Eurasia,23.1024,99.108,true,
aav-sora,sora1254,srb,Sora,,Austroasiatic,Eurasia,19.1213,84.19,true,
aav-sou,souu1238,sqq,Sou,,Austroasiatic,Eurasia,14.687,106.54,true,
aav-south-wa,para1301,prk,South Wa,,Austroasiatic,Eurasia,22.8658,99.375,true,
aav-sre,sree1244,,Sre,,Austroasiatic,Eurasia,11.6444,108.057,true,
aav-suoy,suoy1242,syo,Suoy,,Austroasiatic,Eurasia,11.936,104.136,true,
aav-surin,suri1265,,Surin,,Austroasiatic,Eurasia,14.4674,103.863,true,
aav-talieng,tali1257,tdf,Talieng,,Austroasiatic,Eurasia,16.5287,106.102,true,
aav-tampuan,tamp1251,tpu,Tampuan,,Austroasiatic,Eurasia,13.56447,107.24544,true,
aav-temiar,temi1246,tea,Temiar,,Austroasiatic,Eurasia,4.974,101.438,true,
aav-temoq,temo1243,tmo,Temoq,,Austroasiatic,Eurasia,3.11331,102.916,true,
aav-teressa,tere1272,tef,Teressa,,Austroasiatic,Eurasia,8.23716,93.1297,true,
aav-thavung,aheu1239,thm,Thavung,,Austroasiatic,Eurasia,17.7655,104.229,true,
aav-tho,thoo1240,tou,Tho,,Austroasiatic,Eurasia,19.3563,105.363,true,
aav-todrah,todr1244,tdr,Todrah,,Austroasiatic,Eurasia,14.5672,108.114,true,
aav-toum,toum1239,,Toum,,Austroasiatic,Eurasia,18.8,104.8,true,
aav-tri,trii1240,,Tri,,Austroasiatic,Eurasia,17.1311,105.671,true,
aav-u,uuuu1243,uuu,U,,Austroasiatic,Eurasia,22.6767,101.772,true,
aav-upper-ta-oih,uppe1406,tth,Upper Ta'oih,,Austroasiatic,Eurasia,16.186515,107.056135,true,
aav-vietic,viet1250,,Vietic,,Austroasiatic,,,,false,
aav-vietnamese,viet1252,vie,Vietnamese,,Austroasiatic,Eurasia,20.681188,105.774071,true,
aav-war-jaintia,warj1242,aml,War-Jaintia,,Austroasiatic,Eurasia,25.1154,91.6266,true,
aav-western-bru,west2397,brv,Western Bru,,Austroasiatic,Eurasia,16.4906,104.754,true,
aav-western-katu,west2398,kuf,Western Katu,,Austroasiatic,Eurasia,15.7949,107.166,true,
aav-western-lawa,west2396,lcp,Western Lawa,,Austroasiatic,Eurasia,19.8678,99.2057,true,
aav-western-pearic,west2394,,Western Pearic,,Austroasiatic,,,,false,
aav-zhenkang-wa,nucl1290,wbm,Zhenkang Wa,,Austroasiatic,Eurasia,23.1024,99.108,true,
abi-abinomn,abin1243,bsa,Abinomn,,Abinomn,Papunesia,-2.92281,138.891,true,
abk-abaza,abaz1241,abq,Abaza,,Abkhaz-Adyge,Eurasia,44.25,42.0,true,
abk-abkhaz,abkh1244,abk,Abkhaz,,Abkhaz-Adyge,Eurasia,43.056218,41.159115,true,
abk-kabardian,kaba1278,kbd,Kabardian,,Abkhaz-Adyge,Eurasia,43.5082,43.3918,true,
abk-ubykh,ubyk1235,uby,Ubykh,,Abkhaz-Adyge,Eurasia,43.67,39.67,true,
abk-west-circassian,adyg1241,ady,West Circassian,,Abkhaz-Adyge,Eurasia,44.0,39.33,true,
abu-abun,abun1252,kgr,Abun,,Abun,Papunesia,-0.57073,132.416,true,
abu-abun-tat,abun1254,,Abun Tat,,Abun,Papunesia,-0.57073,132.416,true,
aew-aewa,abis1238,ash,Aewa,,Aewa,South America,-1.284096,-75.084405,true,
afa-aasax,aasa1238,aas,Aasax,,Afro-Asiatic,Africa,-4.00679,36.8648,true,
afa-afade,afad1236,aal,Afade,,Afro-Asiatic,Africa,12.0551,14.6343,true,
afa-afar,afar1241,aar,Afar,,Afro-Asiatic,Africa,12.2281,41.8083,true,
afa-akkadian,akka1240,akk,Akkadian,,Afro-Asiatic,Eurasia,33.1,44.1,true,
afa-alaba-k-abeena,alab1254,alw,Alaba-K'abeena,,Afro-Asiatic,Africa,7.39014,38.1732,true,
afa-alagwa,alag1248,wbj,Alagwa,,Afro-Asiatic,Africa,-4.64148,35.7231,true,
afa-ale-gawwada,gaww1239,gwd,Ale-Gawwada,,Afro-Asiatic,Africa,5.37869,37.2737,true,
afa-algerian-arabic,alge1239,arq,Algerian Arabic,,Afro-Asiatic,Africa,35.4208,3.23033,true,
afa-algerian-saharan-arabic,alge1240,aao,Algerian Saharan Arabic,,Afro-Asiatic,Africa,20.8884,4.80626,true,
afa-amharic,amha1245,amh,Amharic,,Afro-Asiatic,Africa,11.708182,39.543456,true,
afa-ancient-hebrew,anci1244,hbo,Ancient Hebrew,,Afro-Asiatic,Eurasia,31.7761,35.1725,true,
afa-andalusian-arabic,anda1287,xaa,Andalusian Arabic,,Afro-Asiatic,Eurasia,36.54,-5.2,true,
afa-arbore,arbo1245,arv,Arbore,,Afro-Asiatic,Africa,4.92183,36.7986,true,
afa-argobba,argo1244,agj,Argobba,,Afro-Asiatic,Africa,10.6596,39.756,true,
afa-assyrian-neo-aramaic,assy1241,aii,Assyrian Neo-Aramaic,,Afro-Asiatic,Eurasia,36.75,43.0,true,
afa-awjilah,awji1241,auj,Awjilah,,Afro-Asiatic,Africa,29.2341,21.1819,true,
afa-awngi,awng1244,awn,Awngi,,Afro-Asiatic,Africa,10.9819,36.6916,true,
afa-bacama,baca1246,bcy,Bacama,,Afro-Asiatic,Africa,9.53072,12.0416,true,
afa-bade,bade1248,bde,Bade,,Afro-Asiatic,Africa,12.789,10.6557,true,
afa-baharna-arabic,baha1259,abv,Baharna Arabic,,Afro-Asiatic,Eurasia,26.223615,50.580811,true,
afa-baiso,bais1246,bsw,Baiso,,Afro-Asiatic,Africa,6.44892,37.7681,true,
afa-baldamu,bald1241,bdn,Baldamu,,Afro-Asiatic,Africa,10.9078,14.4674,true,
afa-bana,bana1305,bcw,Bana,,Afro-Asiatic,Africa,10.3535,13.6131,true,
afa-bara,bara1395,,Bara,,Afro-Asiatic,Africa,10.30573,10.73936,true,
afa-barain,bare1279,bva,Barain,,Afro-Asiatic,Africa,10.970124,17.911727,true,
afa-bata,bata1314,bta,Bata,,Afro-Asiatic,Africa,9.68091,12.677,true,
afa-bathari,bath1244,bhm,Bathari,,Afro-Asiatic,Eurasia,17.88699,55.61232,true,
afa-beja,beja1238,bej,Beja,,Afro-Asiatic,Africa,17.2436,36.6666,true,
afa-bidiyo,bidi1241,bid,Bidiyo,,Afro-Asiatic,Africa,11.9204,18.8065,true,
afa-bilin,bili1260,byn,Bilin,,Afro-Asiatic,Africa,15.7833,38.3917,true,
afa-birgit,birg1239,btf,Birgit,,Afro-Asiatic,Africa,12.0228,19.8182,true,
afa-boga,boga1251,bvw,Boga,,Afro-Asiatic,Africa,10.188,12.936,true,
afa-boghom,bogh1241,bux,Boghom,,Afro-Asiatic,Africa,9.49679,10.11454,true,
afa-bole,nucl1695,bol,Bole,,Afro-Asiatic,Africa,11.4839,11.2322,true,
afa-boor,boor1242,bvf,Boor,,Afro-Asiatic,Africa,10.0904,17.5648,true,
afa-borana-arsi-guji-oromo,bora1271,gax,Borana-Arsi-Guji Oromo,,Afro-Asiatic,Africa,1.05676,37.882,true,
afa-buduma,budu1265,bdm,Buduma,,Afro-Asiatic,Africa,13.0692,14.4492,true,
afa-bura-pabir,bura1292,bwr,Bura-Pabir,,Afro-Asiatic,Africa,10.4822,12.3007,true,
afa-bure,bure1242,bvh,Bure,,Afro-Asiatic,Africa,10.4603,10.4554,true,
afa-burji,burj1242,bji,Burji,,Afro-Asiatic,Africa,4.44624,38.4646,true,
afa-burunge,buru1320,bds,Burunge,,Afro-Asiatic,Africa,-5.21369,35.963,true,
afa-bussa,buss1239,dox,Bussa,,Afro-Asiatic,Africa,5.74987,37.2017,true,
afa-buwal,buwa1243,bhs,Buwal,,Afro-Asiatic,Africa,10.6151,13.8838,true,
afa-cakfem-mushere,cakf1236,cky,Cakfem-Mushere,,Afro-Asiatic,Africa,9.00924,9.16071,true,
afa-central-moroccan-berber,cent2194,tzm,Central Moroccan Berber,,Afro-Asiatic,Africa,32.7415,-2.40872,true,
afa-chadian-arabic,chad1249,shu,Chadian Arabic,,Afro-Asiatic,Africa,14.67,13.5,true,
afa-chaha,chah1248,,Chaha,,Afro-Asiatic,Africa,8.11879,37.9891,true,
afa-chaldean-neo-aramaic,chal1275,cld,Chaldean Neo-Aramaic,,Afro-Asiatic,Eurasia,37.0972,43.5027,true,
afa-chaouia-of-the-aures,tach1249,shy,Chaouia of the Aures,,Afro-Asiatic,Africa,35.1867,6.88901,true,
afa-cibak,ciba1236,ckl,Cibak,,Afro-Asiatic,Africa,10.8977,12.902,true,
afa-cineni,cine1238,cie,Cineni,,Afro-Asiatic,Africa,11.1319,13.8187,true,
afa-classical-mandaic,clas1253,myz,Classical Mandaic,,Afro-Asiatic,Eurasia,36.1203,49.5659,true,
afa-classical-syriac,clas1252,syc,Classical Syriac,,Afro-Asiatic,Eurasia,37.1129,42.1432,true,
afa-coptic,copt1239,cop,Coptic,,Afro-Asiatic,Africa,29.472,31.2053,true,
afa-cuvok,cuvo1236,cuv,Cuvok,,Afro-Asiatic,Africa,10.6448,14.0006,true,
afa-cypriot-arabic,cypr1248,acy,Cypriot Arabic,,Afro-Asiatic,Eurasia,35.1674,33.0943,true,
afa-daasanach,daas1238,dsh,Daasanach,,Afro-Asiatic,Africa,4.58879,35.9888,true,
afa-daba,nucl1683,dbq,Daba,,Afro-Asiatic,Africa,10.3521,13.6318,true,
afa-dahalik,daha1247,dlk,Dahalik,,Afro-Asiatic,Africa,15.732898,40.081897,true,
afa-dahalo,daha1245,dal,Dahalo,,Afro-Asiatic,Africa,-2.1843,40.37,true,
afa-dangaleat,dang1274,daa,Dangaleat,,Afro-Asiatic,Africa,12.1517,18.385,true,
afa-dass,dass1243,dot,Dass,,Afro-Asiatic,Africa,9.9325,9.51838,true,
afa-dera-nigeria,dera1248,kna,Dera (Nigeria),,Afro-Asiatic,Africa,10.072,12.0256,true,
afa-dghwede,dghw1239,dgh,Dghwede,,Afro-Asiatic,Africa,11.05751,13.77847,true,
afa-dhofari-arabic,dhof1235,adf,Dhofari Arabic,,Afro-Asiatic,Eurasia,17.0796,54.4894,true,
afa-dirasha,dira1242,gdl,Dirasha,,Afro-Asiatic,Africa,5.60452,37.4026,true,
afa-diri,diri1259,dwa,Diri,,Afro-Asiatic,Africa,11.1701,9.32363,true,
afa-dugwor,dugw1239,dme,Dugwor,,Afro-Asiatic,Africa,10.752,14.2134,true,
afa-duhwa,duhw1236,kbz,Duhwa,,Afro-Asiatic,Africa,9.32586,8.77995,true,
afa-duwai,duwa1244,dbp,Duwai,,Afro-Asiatic,Africa,12.803,11.3367,true,
afa-eastern-oromo,east2652,hae,Eastern Oromo,,Afro-Asiatic,Africa,8.67428,41.4395,true,
afa-eblaite,ebla1238,xeb,Eblaite,,Afro-Asiatic,Eurasia,35.798,36.798,true,
afa-edomite,edom1234,xdm,Edomite,,Afro-Asiatic,Eurasia,31.7761,35.1725,true,
afa-egyptian-ancient,egyp1246,egy,Egyptian (Ancient),,Afro-Asiatic,Africa,28.381735,30.834959,true,
afa-egyptian-arabic,egyp1253,arz,Egyptian Arabic,,Afro-Asiatic,Africa;Eurasia,31.0,31.0,true,
afa-el-molo,elmo1238,elo,El Molo,,Afro-Asiatic,Africa,2.79312,36.7619,true,
afa-endegegny,eneg1238,,Endegegny,,Afro-Asiatic,Africa,7.94883,37.7968,true,
afa-ezha,ezha1238,,Ezha,,Afro-Asiatic,Africa,8.11879,37.9891,true,
afa-fali,fali1285,fli,Fali,,Afro-Asiatic,Africa,10.5419,13.4087,true,
afa-fyer,fyer1241,fie,Fyer,,Afro-Asiatic,Africa,9.49936,9.29503,true,
afa-ga-anda,gaan1243,gqa,Ga'anda,,Afro-Asiatic,Africa,10.2955,12.6479,true,
afa-gafat,gafa1240,gft,Gafat,,Afro-Asiatic,Africa,10.11067,38.18108,true,
afa-galambu,gala1264,glo,Galambu,,Afro-Asiatic,Africa,10.1258,10.2542,true,
afa-garre,garr1259,gex,Garre,,Afro-Asiatic,Africa,2.29633,44.6862,true,
afa-gavar,gava1241,gou,Gavar,,Afro-Asiatic,Africa,10.5603,13.8188,true,
afa-gedeo,gede1246,drs,Gedeo,,Afro-Asiatic,Africa,6.18469,38.2395,true,
afa-geez,geez1241,gez,Geez,,Afro-Asiatic,Africa,10.1342,40.6821,true,
afa-gejic,geji1246,,Gejic,,Afro-Asiatic,,,,false,
afa-gemzek,gemz1238,,Gemzek,,Afro-Asiatic,Africa,10.827,14.0578,true,
afa-gera,gera1246,gew,Gera,,Afro-Asiatic,Africa,10.4331,10.12,true,
afa-geruma,geru1240,gea,Geruma,,Afro-Asiatic,Africa,10.4775,9.78484,true,
afa-ghadames,ghad1239,gha,Ghadames,,Afro-Asiatic,Africa,30.1168,10.0165,true,
afa-ghomara,ghom1257,gho,Ghomara,,Afro-Asiatic,Africa,34.7979,-4.6696,true,
afa-gidar,gida1247,gid,Gidar,,Afro-Asiatic,Africa,9.874715,14.07845,true,
afa-giiwo,giiw1236,kks,Giiwo,,Afro-Asiatic,Africa,10.35754,10.46037,true,
afa-gilit-mesopotamian-arabic,meso1252,acm,Gilit Mesopotamian Arabic,,Afro-Asiatic,Eurasia,33.8178,43.1095,true,
afa-glavda,glav1244,glw,Glavda,,Afro-Asiatic,Africa,11.1334,13.8652,true,
afa-goemai,goem1240,ank,Goemai,,Afro-Asiatic,Africa,8.74455,9.72453,true,
afa-guanche,guan1277,gnc,Guanche,,Afro-Asiatic,Africa,28.0,-15.5,true,
afa-gude,gude1246,gde,Gude,,Afro-Asiatic,Africa,10.2138,13.403,true,
afa-gudu,gudu1250,gdu,Gudu,,Afro-Asiatic,Africa,10.1206,12.5359,true,
afa-guduf-gava,gudu1252,gdf,Guduf-Gava,,Afro-Asiatic,Africa,11.1057,13.7893,true,
afa-gulf-arabic,gulf1241,afb,Gulf Arabic,,Afro-Asiatic,Eurasia,30.17,47.5,true,
afa-gumer,gume1239,,Gumer,,Afro-Asiatic,Africa,8.11879,37.9891,true,
afa-gura-semitic,gura1260,,Gura (Semitic),,Afro-Asiatic,Africa,8.11879,37.9891,true,
afa-guruntum-mbaaru,guru1271,grd,Guruntum-Mbaaru,,Afro-Asiatic,Africa,9.87332,10.162,true,
afa-gvoko,gvok1239,ngs,Gvoko,,Afro-Asiatic,Africa,10.9918,13.7537,true,
afa-gwandara,gwan1268,gwn,Gwandara,,Afro-Asiatic,Africa,9.20464,7.49931,true,
afa-gyeta,gyet1241,,Gyeta,,Afro-Asiatic,Africa,7.94883,37.7968,true,
afa-hadiyya,hadi1240,hdy,Hadiyya,,Afro-Asiatic,Africa,7.57377,37.7577,true,
afa-hadrami,hadr1235,xhd,Hadrami,,Afro-Asiatic,Eurasia,15.528,47.603,true,
afa-hadrami-arabic,hadr1236,ayh,Hadrami Arabic,,Afro-Asiatic,Eurasia,15.4468,48.6524,true,
afa-harari,hara1271,har,Harari,,Afro-Asiatic,Africa,9.30485,42.1332,true,
afa-harsusi,hars1241,hss,Harsusi,,Afro-Asiatic,Eurasia,19.6511,56.1562,true,
afa-hassaniyya,hass1238,mey,Hassaniyya,,Afro-Asiatic,Africa,18.29,-14.11,true,
afa-hausa,haus1257,hau,Hausa,,Afro-Asiatic,Africa,11.1513,8.7804,true,
afa-hdi,hdii1240,xed,Hdi,,Afro-Asiatic,Africa,10.942,13.6881,true,
afa-herde,herd1236,hed,Herde,,Afro-Asiatic,Africa,9.14343,14.9267,true,
afa-hertevin,hert1241,hrt,Hertevin,,Afro-Asiatic,Eurasia,37.373,42.5192,true,
afa-hijazi-arabic,hija1235,acw,Hijazi Arabic,,Afro-Asiatic,Eurasia,22.8346,38.9237,true,
afa-hobyot,hoby1242,hoh,Hobyót,,Afro-Asiatic,Eurasia,17.216,52.8334,true,
afa-huba,huba1236,hbb,Huba,,Afro-Asiatic,Africa,10.3544,13.139,true,
afa-hulaula,hula1244,huy,Hulaulá,,Afro-Asiatic,Eurasia,31.9111,43.4865,true,
afa-hwana,hwan1240,hwo,Hwana,,Afro-Asiatic,Africa,10.3633,12.7683,true,
afa-hya,hyaa1239,hya,Hya,,Afro-Asiatic,Africa,10.4814,13.526,true,
afa-imperial-aramaic-700-300-bce,impe1235,arc,Imperial Aramaic (700-300 BCE),,Afro-Asiatic,Eurasia,33.905,42.185,true,
afa-inor,inor1240,,Inor,,Afro-Asiatic,Africa,7.94883,37.7968,true,
afa-inoric,inor1238,ior,Inoric,,Afro-Asiatic,Africa,7.94883,37.7968,true,
afa-iraqw,iraq1241,irk,Iraqw,,Afro-Asiatic,Africa,-4.19948,35.2939,true,
afa-jewish-babylonian-aramaic-ca-200-1200-ce,jewi1240,tmr,Jewish Babylonian Aramaic (ca. 200-1200 CE),,Afro-Asiatic,Eurasia,32.273,44.245,true,
afa-jewish-palestinian-aramaic,pale1261,jpa,Jewish Palestinian Aramaic,,Afro-Asiatic,Eurasia,32.276389,35.195,true,
afa-jibbali,sheh1240,shv,Jibbali,,Afro-Asiatic,Eurasia,17.29154,53.99526,true,
afa-jimi-nigeria,jimi1255,jmi,Jimi (Nigeria),,Afro-Asiatic,Africa,10.7299,9.8118,true,
afa-jina,jina1244,jia,Jina,,Afro-Asiatic,Africa,11.3555,14.9611,true,
afa-ju,juuu1243,juu,Ju,,Afro-Asiatic,Africa,10.1845,9.81175,true,
afa-judeo-iraqi-arabic,jude1266,yhd,Judeo-Iraqi Arabic,,Afro-Asiatic,Eurasia,31.5339,41.2595,true,
afa-judeo-moroccan-arabic,jude1265,aju,Judeo-Moroccan Arabic,,Afro-Asiatic,Africa,33.5,-7.5,true,
afa-judeo-tripolitanian-arabic,jude1264,yud,Judeo-Tripolitanian Arabic,,Afro-Asiatic,Eurasia,31.9567,34.7422,true,
afa-judeo-yemeni-arabic,jude1267,jye,Judeo-Yemeni Arabic,,Afro-Asiatic,Eurasia,15.0,45.0,true,
afa-kabalai,kaba1292,kvf,Kabalai,,Afro-Asiatic,Africa,9.38373,16.2821,true,
afa-kabyle,kaby1243,kab,Kabyle,,Afro-Asiatic,Africa,36.4103,4.76137,true,
afa-kajakse,kaja1254,ckq,Kajakse,,Afro-Asiatic,Africa,12.2492,20.879,true,
afa-kambaata,kamb1316,ktb,Kambaata,,Afro-Asiatic,Africa,7.37582,37.9088,true,
afa-kamwe,kamw1239,hig,Kamwe,,Afro-Asiatic,Africa,10.646,13.5136,true,
afa-karekare,kare1348,kai,Karekare,,Afro-Asiatic,Africa,12.5176,10.8732,true,
afa-kariya,kari1316,kil,Kariya,,Afro-Asiatic,Africa,11.0119,9.63992,true,
afa-kera,kera1255,ker,Kera,,Afro-Asiatic,Africa,9.88165,15.1419,true,
afa-kilba-south-margi,kilb1234,,Kilba-South Margi,,Afro-Asiatic,,,,false,
afa-kir-balar,kirb1236,kkr,Kir-Balar,,Afro-Asiatic,Africa,10.1456,9.77003,true,
afa-kirya-konzel,kiry1234,fkk,Kirya-Konzel,,Afro-Asiatic,Africa,10.48,13.36,true,
afa-kistane,kist1241,gru,Kistane,,Afro-Asiatic,Africa,8.33561,38.4763,true,
afa-koenoem,koen1239,kcs,Koenoem,,Afro-Asiatic,Africa,9.01129,9.46622,true,
afa-konso,kons1243,kxc,Konso,,Afro-Asiatic,Africa,5.39111,37.53,true,
afa-koy-sanjaq-jewish-neo-aramaic,koys1242,kqd,Koy Sanjaq Jewish Neo-Aramaic,,Afro-Asiatic,Eurasia,36.0451,44.6365,true,
afa-kulere,kule1247,kul,Kulere,,Afro-Asiatic,Africa,9.18,8.85,true,
afa-kushi,kush1236,kuh,Kushi,,Afro-Asiatic,Africa,9.40731,10.9396,true,
afa-kw-adza,kwad1248,wka,Kw'adza,,Afro-Asiatic,Africa,-4.00743,35.1828,true,
afa-kwaami,kwaa1269,ksq,Kwaami,,Afro-Asiatic,Africa,10.4141,11.0192,true,
afa-lagwan,lagw1237,kot,Lagwan,,Afro-Asiatic,Africa,11.5592,14.9884,true,
afa-lamang,lama1288,hia,Lamang,,Afro-Asiatic,Africa,11.0243,13.7362,true,
afa-lele-chad,lele1276,lln,Lele (Chad),,Afro-Asiatic,Africa,9.158,15.81149,true,
afa-levantine-arabic,nort3139,apc,Levantine Arabic,,Afro-Asiatic,Eurasia,34.1709,36.0468,true,
afa-libido,libi1250,liq,Libido,,Afro-Asiatic,Africa,8.09761,38.4997,true,
afa-libyan-arabic,liby1240,ayl,Libyan Arabic,,Afro-Asiatic,Africa,22.0032,15.0014,true,
afa-lishana-deni,lish1247,lsd,Lishana Deni,,Afro-Asiatic,Eurasia,31.7745,35.2225,true,
afa-lishanid-noshan,lish1245,aij,Lishanid Noshan,,Afro-Asiatic,Eurasia,36.213298,44.065281,true,
afa-maaka,maak1236,mew,Maaka,,Afro-Asiatic,Africa,11.5007,11.9035,true,
afa-maay,maay1238,ymm,Maay,,Afro-Asiatic,Africa,3.22288,43.6182,true,
afa-mabire,mabi1242,muj,Mabire,,Afro-Asiatic,Africa,11.698,18.6282,true,
afa-mada-cameroon,mada1293,mxu,Mada (Cameroon),,Afro-Asiatic,Africa,10.8806,14.1142,true,
afa-mafa,mafa1239,maf,Mafa,,Afro-Asiatic,Africa,10.943,13.8181,true,
afa-majera,maje1243,xmj,Majera,,Afro-Asiatic,Africa,11.1433,15.044,true,
afa-malgbe,malg1250,mxf,Malgbe,,Afro-Asiatic,Africa,12.5342,14.8475,true,
afa-maltese,malt1254,mlt,Maltese,,Afro-Asiatic,Eurasia,35.8884,14.4508,true,
afa-mangas,mang1416,zns,Mangas,,Afro-Asiatic,Africa,10.0839,9.76103,true,
afa-marghi-central,marg1265,mrt,Marghi Central,,Afro-Asiatic,Africa,10.93854,13.0521,true,
afa-marghi-south,marg1266,mfm,Marghi South,,Afro-Asiatic,Africa,10.53854,12.99521,true,
afa-masana,masa1322,mcn,Masana,,Afro-Asiatic,Africa,10.0606,15.4748,true,
afa-maslam,masl1241,msv,Maslam,,Afro-Asiatic,Africa,12.1918,14.8873,true,
afa-masmaje,masm1239,mes,Masmaje,,Afro-Asiatic,Africa,13.076,19.2769,true,
afa-matal,mata1306,mfh,Matal,,Afro-Asiatic,Africa,10.9284,14.0474,true,
afa-mawa-chad,mawa1270,mcw,Mawa (Chad),,Afro-Asiatic,Africa,11.7461,18.2999,true,
afa-mazagway,maza1304,dkx,Mazagway,,Afro-Asiatic,Africa,10.175,13.6873,true,
afa-mbara-chad,mbar1260,mpk,Mbara (Chad),,Afro-Asiatic,Africa,10.91,15.54,true,
afa-mbedam,mbed1242,xmd,Mbedam,,Afro-Asiatic,Africa,10.466,13.9322,true,
afa-mbuko,mbuk1243,mqb,Mbuko,,Afro-Asiatic,Africa,10.7788,14.1677,true,
afa-mburku,mbur1239,bbt,Mburku,,Afro-Asiatic,Africa,10.9276,9.81365,true,
afa-mefele,mefe1242,mfj,Mefele,,Afro-Asiatic,Africa,10.677,13.8201,true,
afa-mehri,mehr1241,gdq,Mehri,,Afro-Asiatic,Eurasia,16.793,52.473,true,
afa-merey,mere1246,meq,Merey,,Afro-Asiatic,Africa,10.7458,14.09,true,
afa-mesme,mesm1239,zim,Mesme,,Afro-Asiatic,Africa,9.28888,15.7018,true,
afa-mesmes,mesm1243,mys,Mesmes,,Afro-Asiatic,Africa,7.53825,37.5742,true,
afa-mesqan,mesq1240,mvz,Mesqan,,Afro-Asiatic,Africa,8.10617,38.3386,true,
afa-migaama,miga1249,mmy,Migaama,,Afro-Asiatic,Africa,12.2367,18.9614,true,
afa-miltu,milt1241,mlj,Miltu,,Afro-Asiatic,Africa,10.2347,17.4126,true,
afa-mina-cameroon,mina1276,hna,Mina (Cameroon),,Afro-Asiatic,Africa,10.38053,13.84054,true,
afa-minaean,mina1279,inm,Minaean,,Afro-Asiatic,Eurasia,16.166667,44.672778,true,
afa-mindat,mund1334,mmf,Mindat,,Afro-Asiatic,Africa,9.15151,8.76875,true,
afa-miship,mish1244,mjs,Miship,,Afro-Asiatic,Africa,9.20477,9.33752,true,
afa-miya,miya1266,mkf,Miya,,Afro-Asiatic,Africa,10.9234,9.71505,true,
afa-mlahso,mlah1239,lhs,Mlahsô,,Afro-Asiatic,Eurasia,37.0311,41.2209,true,
afa-moabite,moab1234,obm,Moabite,,Afro-Asiatic,Eurasia,31.7761,35.1725,true,
afa-modern-hebrew,hebr1245,heb,Modern Hebrew,,Afro-Asiatic,Eurasia,31.1056,35.0179,true,
afa-mofu-gudur,mofu1248,mif,Mofu-Gudur,,Afro-Asiatic,Africa,10.567,14.0314,true,
afa-moloko,molo1266,mlw,Moloko,,Afro-Asiatic,Africa,10.7933,14.2521,true,
afa-montol,mont1280,mtl,Montol,,Afro-Asiatic,Africa,9.01778,9.65014,true,
afa-moroccan-arabic,moro1292,ary,Moroccan Arabic,,Afro-Asiatic,Africa,32.5,-7.5,true,
afa-mpade,mpad1242,mpi,Mpade,,Afro-Asiatic,Africa,12.561391,14.446893,true,
afa-mser,mser1242,kqx,Mser,,Afro-Asiatic,Africa,11.9765,15.0373,true,
afa-mubi,mubi1246,mub,Mubi,,Afro-Asiatic,Africa,12.6893,19.5902,true,
afa-muher,muhe1234,,Muher,,Afro-Asiatic,Africa,8.11879,37.9891,true,
afa-mukulu,muku1242,moz,Mukulu,,Afro-Asiatic,Africa,11.8644,18.1822,true,
afa-musey,muse1242,mse,Musey,,Afro-Asiatic,Africa,9.81612,15.4115,true,
afa-musgu,musg1254,mug,Musgu,,Afro-Asiatic,Africa,10.8439,15.1065,true,
afa-muskum,musk1256,mje,Muskum,,Afro-Asiatic,Africa,11.5697,15.4113,true,
afa-muyang,muya1243,muy,Muyang,,Afro-Asiatic,Africa,10.86047,14.21246,true,
afa-mwaghavul,mwag1236,sur,Mwaghavul,,Afro-Asiatic,Africa,9.47205,8.96522,true,
afa-nafusi,nafu1238,jbn,Nafusi,,Afro-Asiatic,Africa,31.93488,11.78231,true,
afa-najdi-arabic,najd1235,ars,Najdi Arabic,,Afro-Asiatic,Eurasia,30.3371,42.1773,true,
afa-ndam,ndam1251,ndm,Ndam,,Afro-Asiatic,Africa,9.79369,17.326,true,
afa-neo-mandaic,nucl1706,mid,Neo-Mandaic,,Afro-Asiatic,Eurasia,31.3443,48.8128,true,
afa-ngamo,ngam1282,nbh,Ngamo,,Afro-Asiatic,Africa,12.0048,11.2108,true,
afa-ngas,ngas1240,anc,Ngas,,Afro-Asiatic,Africa,9.32042,9.46146,true,
afa-nggwahyi,nggw1242,ngx,Nggwahyi,,Afro-Asiatic,Africa,10.6058,12.9234,true,
afa-ngizim,ngiz1242,ngi,Ngizim,,Afro-Asiatic,Africa,12.1051,11.0178,true,
afa-north-giziga,nort3047,gis,North Giziga,,Afro-Asiatic,Africa,10.6755,14.219,true,
afa-north-mesopotamian-arabic,nort3142,ayp,North Mesopotamian Arabic,,Afro-Asiatic,Eurasia,36.2986,42.0047,true,
afa-north-mofu,nort3046,mfk,North Mofu,,Afro-Asiatic,Africa,10.6834,14.1117,true,
afa-nubi,nubi1253,kcn,Nubi,,Afro-Asiatic,Africa,-0.183215,34.7552,true,
afa-nuclear-oromo,nucl1736,,Nuclear Oromo,,Afro-Asiatic,,,,false,
afa-nyam,nyam1285,nmi,Nyam,,Afro-Asiatic,Africa,9.18024,10.83652,true,
afa-nyimatli,nyim1251,,Nyimatli,,Afro-Asiatic,Africa,11.0376,11.80953,true,
afa-nzanyi,nzan1240,nja,Nzanyi,,Afro-Asiatic,Africa,10.0666,13.3343,true,
afa-ogaden,ogad1238,,Ogaden,,Afro-Asiatic,Africa,4.778704,45.152856,true,
afa-old-aramaic-sam-alian,olda1245,oar,Old Aramaic-Sam'alian,,Afro-Asiatic,Eurasia,32.84,37.0,true,
afa-omani-arabic,oman1239,acx,Omani Arabic,,Afro-Asiatic,Eurasia,23.25,58.5,true,
afa-orma,orma1241,orc,Orma,,Afro-Asiatic,Africa,-1.79489,39.60749,true,
afa-ouargli,taga1278,oua,Ouargli,,Afro-Asiatic,Africa,31.9454,5.28444,true,
afa-pa-a,paaa1242,pqa,Pa'a,,Afro-Asiatic,Africa,11.0175,9.30091,true,
afa-pan,kofy1242,kwl,Pan,,Afro-Asiatic,Africa,8.79947,9.15279,true,
afa-parkwa,park1239,pbi,Parkwa,,Afro-Asiatic,Africa,11.0206,14.0964,true,
afa-pero,pero1241,pip,Pero,,Afro-Asiatic,Africa,9.62092,11.044,true,
afa-pesse,polc1243,pze,Pesse,,Afro-Asiatic,Africa,10.1346,9.5961,true,
afa-peve,peve1243,lme,Peve,,Afro-Asiatic,Africa,9.16111,14.441,true,
afa-phoenician,phoe1239,phn,Phoenician,,Afro-Asiatic,Eurasia,34.12,35.65,true,
afa-psikye,psik1239,kvj,Psikye,,Afro-Asiatic,Africa,10.677,13.569,true,
afa-punic,puni1241,xpu,Punic,,Afro-Asiatic,Africa,36.527295,10.356444,true,
afa-putai,puta1243,mfl,Putai,,Afro-Asiatic,Africa,10.83854,12.99521,true,
afa-qashqa-darya-arabic,uzbe1248,auz,Qashqa-Darya Arabic,,Afro-Asiatic,Eurasia,40.2612,65.3864,true,
afa-qatabanian,qata1238,xqt,Qatabanian,,Afro-Asiatic,Eurasia,14.8,45.733333,true,
afa-qimant,qima1242,ahg,Qimant,,Afro-Asiatic,Africa,12.8119,37.0542,true,
afa-rendille,rend1243,rel,Rendille,,Afro-Asiatic,Africa,2.27065,37.3608,true,
afa-ron,ronn1241,cla,Ron,,Afro-Asiatic,Africa,9.3,9.02,true,
afa-saba,saba1276,saa,Saba,,Afro-Asiatic,Africa,11.3072,18.4906,true,
afa-sabaic,saba1279,xsa,Sabaic,,Afro-Asiatic,Eurasia,15.42,45.35,true,
afa-saho,saho1246,ssy,Saho,,Afro-Asiatic,Africa,14.75,39.75,true,
afa-samaritan,sama1313,smp,Samaritan,,Afro-Asiatic,Eurasia,32.0817,35.4487,true,
afa-samaritan-aramaic,sama1314,sam,Samaritan Aramaic,,Afro-Asiatic,Eurasia,32.3107,35.258,true,
afa-sanaani-arabic,sana1295,ayn,Sanaani Arabic,,Afro-Asiatic,Eurasia,15.6552,44.8412,true,
afa-sarua,saru1245,swy,Sarua,,Afro-Asiatic,Africa,10.5987,17.031,true,
afa-sawknah-fogaha,sawk1238,swn,Sawknah-Fogaha,,Afro-Asiatic,Africa,29.16,15.9742,true,
afa-saya,saya1246,say,Saya,,Afro-Asiatic,Africa,9.69441,9.71748,true,
afa-sebat-bet-gurage,seba1251,sgw,Sebat Bet Gurage,,Afro-Asiatic,Africa,8.11879,37.9891,true,
afa-sened,sene1271,sds,Sened,,Afro-Asiatic,Africa,34.4678,9.43778,true,
afa-senhaja-de-srair,senh1238,sjs,Senhaja De Srair,,Afro-Asiatic,Africa,34.9992,-4.51293,true,
afa-sharwa,shar1249,swq,Sharwa,,Afro-Asiatic,Africa,10.1414,13.5657,true,
afa-sidamo,sida1246,sid,Sidamo,,Afro-Asiatic,Africa,6.74176,38.3729,true,
afa-silt-e,silt1240,stv,Silt'e,,Afro-Asiatic,Africa,7.77004,38.1449,true,
afa-siwi,siwi1239,siz,Siwi,,Afro-Asiatic,Africa,29.200415,25.519627,true,
afa-soddo,sodd1242,,Soddo,,Afro-Asiatic,Africa,8.33561,38.4763,true,
afa-sokoro,soko1263,sok,Sokoro,,Afro-Asiatic,Africa,11.4634,17.6423,true,
afa-somali,soma1255,som,Somali,,Afro-Asiatic,Africa,4.778704,45.152856,true,
afa-soqotri,soqo1240,sqt,Soqotri,,Afro-Asiatic,Africa;Eurasia,12.4892,53.9168,true,
afa-south-giziga,sout3051,giz,South Giziga,,Afro-Asiatic,Africa,10.2809,14.1931,true,
afa-south-levantine-arabic,sout3123,ajp,South Levantine Arabic,,Afro-Asiatic,Eurasia,31.5601,38.0837,true,
afa-south-sudanese-creole-arabic,suda1237,pga,South Sudanese Creole Arabic,,Afro-Asiatic,Africa,5.654,28.774,true,
afa-standard-arabic,stan1318,arb,Standard Arabic,,Afro-Asiatic,Eurasia,27.9625,43.8525,true,
afa-standard-moroccan-tamazight,stan1324,zgh,Standard Moroccan Tamazight,,Afro-Asiatic,Africa,32.7415,-2.40872,true,
afa-sudanese-arabic,suda1236,apd,Sudanese Arabic,,Afro-Asiatic,Africa,17.8021,33.3179,true,
afa-sukur,suku1272,syk,Sukur,,Afro-Asiatic,Africa,10.8933,13.6437,true,
afa-sya,shaa1247,scw,Sya,,Afro-Asiatic,Africa,9.23281,8.77569,true,
afa-tachelhit,tach1250,shi,Tachelhit,,Afro-Asiatic,Africa,29.7854,-7.77879,true,
afa-tahaggart-tamahaq,taha1241,thv,Tahaggart Tamahaq,,Afro-Asiatic,Africa,22.5908,8.73169,true,
afa-tal,tall1250,tal,Tal,,Afro-Asiatic,Africa,9.15354,9.50774,true,
afa-tala,tala1295,tak,Tala,,Afro-Asiatic,Africa,10.233,9.85457,true,
afa-tamasheq,tama1365,taq,Tamasheq,,Afro-Asiatic,Africa,14.2038,-2.41269,true,
afa-tambas,tamb1267,tdk,Tambas,,Afro-Asiatic,Africa,9.36039,9.32836,true,
afa-tamki,tamk1242,tax,Tamki,,Afro-Asiatic,Africa,11.4926,18.2295,true,
afa-tangale,nucl1696,tan,Tangale,,Afro-Asiatic,Africa,9.75444,11.3228,true,
afa-tarifiyt-beni-iznasen-eastern-middle-atlas-berber,tari1263,rif,Tarifiyt-Beni-Iznasen-Eastern Middle Atlas Berber,,Afro-Asiatic,Africa,34.916974,-3.430616,true,
afa-tawallammat-tamajaq,tawa1286,ttq,Tawallammat Tamajaq,,Afro-Asiatic,Africa,13.9878,4.47692,true,
afa-tayart-tamajeq,taya1257,thz,Tayart Tamajeq,,Afro-Asiatic,Africa,16.9232,7.6743,true,
afa-tera,tera1251,ttr,Tera,,Afro-Asiatic,Africa,11.0376,11.80953,true,
afa-tigre,tigr1270,tig,Tigre,,Afro-Asiatic,Africa,17.3494,38.2233,true,
afa-tigrinya,tigr1271,tir,Tigrinya,,Afro-Asiatic,Africa,15.3359,38.9266,true,
afa-tsamai,tsam1247,tsb,Tsamai,,Afro-Asiatic,Africa,5.3097,36.9139,true,
afa-tsuvan,tsuv1243,tsh,Tsuvan,,Afro-Asiatic,Africa,10.1551,13.628,true,
afa-tumak,tuma1260,tmc,Tumak,,Afro-Asiatic,Africa,9.43747,17.4216,true,
afa-tumzabt,tumz1238,mzb,Tumzabt,,Afro-Asiatic,Africa,32.5014,3.85035,true,
afa-tunisian-arabic,tuni1259,aeb,Tunisian Arabic,,Afro-Asiatic,Africa;Eurasia,33.7966,9.56156,true,
afa-tunni,tunn1238,tqq,Tunni,,Afro-Asiatic,Africa,1.06167,43.6847,true,
afa-turoyo,turo1239,tru,Turoyo,,Afro-Asiatic,Eurasia,37.2275,42.1451,true,
afa-ubi,ubii1238,ubi,Ubi,,Afro-Asiatic,Africa,11.8006,18.558,true,
afa-ugaritic,ugar1238,uga,Ugaritic,,Afro-Asiatic,Eurasia,35.6,35.78,true,
afa-vame,vame1236,mlr,Vame,,Afro-Asiatic,Africa,10.9481,14.2131,true,
afa-vemgo-mabas,vemg1240,vem,Vemgo-Mabas,,Afro-Asiatic,Africa,10.8301,13.6633,true,
afa-waata,waat1238,ssn,Waata,,Afro-Asiatic,Africa,-3.25406,40.03761,true,
afa-wandala,wand1278,mfi,Wandala,,Afro-Asiatic,Africa,11.3169,13.8996,true,
afa-warji-gala,warj1253,wji,Warji-Gala,,Afro-Asiatic,Africa,11.1718,9.56925,true,
afa-west-central-oromo,west2721,gaz,West Central Oromo,,Afro-Asiatic,Africa,8.81391,36.7365,true,
afa-western-algerian-berber,chen1266,cnu,Western Algerian Berber,,Afro-Asiatic,Africa,36.5917,2.19899,true,
afa-western-neo-aramaic,west2763,amw,Western Neo-Aramaic,,Afro-Asiatic,Eurasia,33.8162,36.484,true,
afa-wolane,wola1253,wle,Wolane,,Afro-Asiatic,Africa,8.23,38.14,true,
afa-wuzlam,wuzl1236,udl,Wuzlam,,Afro-Asiatic,Africa,10.955,14.1378,true,
afa-xamtanga,xamt1239,xan,Xamtanga,,Afro-Asiatic,Africa,12.4479,38.8352,true,
afa-yaaku,yaak1241,muu,Yaaku,,Afro-Asiatic,Africa,0.46863,37.1008,true,
afa-yiwom,yiwo1237,gek,Yiwom,,Afro-Asiatic,Africa,8.97395,9.78757,true,
afa-zangwal,zang1255,zah,Zangwal,,Afro-Asiatic,Africa,10.2284,9.74694,true,
afa-zari,zari1242,zaz,Zari,,Afro-Asiatic,Africa,9.71269,9.40332,true,
afa-zay,zayy1238,zwa,Zay,,Afro-Asiatic,Africa,8.01148,38.8258,true,
afa-zeem,zeem1242,zem,Zeem,,Afro-Asiatic,Africa,10.1464,9.2826,true,
afa-zenaga,zena1248,zen,Zenaga,,Afro-Asiatic,Africa,16.82,-16.1711,true,
afa-zina,zina1234,,Zina,,Afro-Asiatic,Africa,11.3555,14.9611,true,
afa-zirenkel,zire1244,zrn,Zirenkel,,Afro-Asiatic,Africa,12.2275,18.5374,true,
afa-zizilivakan,zizi1238,ziz,Zizilivakan,,Afro-Asiatic,Africa,10.4689,13.5233,true,
afa-zulgo-gemzek,zulg1242,gnd,Zulgo-Gemzek,,Afro-Asiatic,Africa,10.827,14.0578,true,
afa-zumbun,zumb1240,jmb,Zumbun,,Afro-Asiatic,Africa,10.827,9.9683,true,
aik-aikana,aika1237,tba,Aikanã,,Aikanã,South America,-12.6695,-60.5353,true,
ain-ainu,ainu1252,,Ainu,,Ainu,,,,false,
ain-hokkaido,hokk1243,,Hokkaido,,Ainu,Eurasia,43.633654,142.46167,true,
ain-hokkaido-ainu,ainu1240,ain,Hokkaido Ainu,,Ainu,Eurasia,43.633654,142.46167,true,
ain-sakhalin-ainu,sakh1245,,Sakhalin Ainu,,Ainu,Eurasia,48.141866,142.329834,true,
alg-algonquin,algo1255,alq,Algonquin,,Algic,North America,47.3876,-77.5258,true,
alg-arapaho,arap1274,arp,Arapaho,,Algic,North America,43.3879,-108.81,true,
alg-atikamekw,atik1240,atj,Atikamekw,,Algic,North America,47.9555,-73.7989,true,
alg-cheyenne,chey1247,chy,Cheyenne,,Algic,North America,45.5321,-106.659,true,
alg-chippewa,chip1241,ciw,Chippewa,,Algic,North America,47.347,-94.2738,true,
alg-eastern-abenaki,east2544,aaq,Eastern Abenaki,,Algic,North America,45.0112,-68.6617,true,
alg-eastern-ojibwa,east2542,ojg,Eastern Ojibwa,,Algic,North America,45.0112,-79.7503,true,
alg-gros-ventre,gros1243,ats,Gros Ventre,,Algic,North America,48.4834,-108.738,true,
alg-heritage-michif,mich1243,crg,Heritage Michif,,Algic,North America,49.1681,-99.9119,true,
alg-kickapoo,kick1244,kic,Kickapoo,,Algic,North America,41.655145,-89.03034,true,
alg-mahican,mahi1248,mjy,Mahican,,Algic,North America,42.587,-73.788,true,
alg-malecite-passamaquoddy,male1292,pqm,Malecite-Passamaquoddy,,Algic,North America,45.494475,-67.40805,true,
alg-menominee,meno1252,mez,Menominee,,Algic,North America,44.9794,-88.6395,true,
alg-meskwaki,mesk1242,sac,Meskwaki,,Algic,North America,44.0,-89.0,true,
alg-mi-kmaq,mikm1235,mic,Mi'kmaq,,Algic,North America,46.0,-64.0,true,
alg-miami,miam1252,mia,Miami,,Algic,North America,40.0,-90.0,true,
alg-montagnais,mont1268,moe,Montagnais,,Algic,North America,49.0533,-68.7376,true,
alg-moose-cree,moos1236,crm,Moose Cree,,Algic,North America,51.0686,-80.6912,true,
alg-munsee,muns1251,umu,Munsee,,Algic,North America,41.11,-74.17,true,
alg-nanticoke,nant1249,nnt,Nanticoke,,Algic,North America,39.67781,-74.98648,true,
alg-narrangansett,narr1280,xnt,Narrangansett,,Algic,North America,41.8581,-72.1701,true,
alg-naskapi,nask1242,nsk,Naskapi,,Algic,North America,55.9316,-61.1318,true,
alg-nawathinehena,nawa1259,nwa,Nawathinehena,,Algic,North America,41.316,-104.45,true,
alg-nipmuck,loup1243,xlo,Nipmuck,,Algic,North America,42.364,-72.731,true,
alg-northern-east-cree,nort1552,crl,Northern East Cree,,Algic,North America,55.1928,-77.7505,true,
alg-northwestern-ojibwa,nort2961,ojb,Northwestern Ojibwa,,Algic,North America,51.6192,-87.7862,true,
alg-ottawa,otta1242,otw,Ottawa,,Algic,North America,44.5988,-83.226,true,
alg-pequot-mohegan,pequ1242,xpq,Pequot-Mohegan,,Algic,North America,41.55,-72.0,true,
alg-piscataway,pisc1239,psy,Piscataway,,Algic,North America,39.073,-76.803,true,
alg-plains-cree,plai1258,crk,Plains Cree,,Algic,North America,51.2437,-110.463,true,
alg-potawatomi,pota1247,pot,Potawatomi,,Algic,North America,40.955,-89.1881,true,
alg-powhatan,powh1243,pim,Powhatan,,Algic,North America,36.99422,-77.20752,true,
alg-severn-ojibwa,seve1240,ojs,Severn Ojibwa,,Algic,North America,53.9092,-89.9331,true,
alg-shawnee,shaw1249,sjw,Shawnee,,Algic,North America,40.0,-83.0,true,
alg-siksika,siks1238,bla,Siksika,,Algic,North America,49.0669,-113.109,true,
alg-southern-east-cree,sout2978,crj,Southern East Cree,,Algic,North America,51.4078,-78.6971,true,
alg-swampy-cree,swam1239,csw,Swampy Cree,,Algic,North America,56.0,-95.0,true,
alg-unami,unam1242,unm,Unami,,Algic,North America,40.4,-74.3,true,
alg-wampano,wamp1250,qyp,Wampano,,Algic,North America,41.2021,-73.3798,true,
alg-wampanoag,wamp1249,wam,Wampanoag,,Algic,North America,41.705,-73.3148,true,
alg-western-abenaki,west2630,abe,Western Abenaki,,Algic,North America,46.1381,-72.6511,true,
alg-western-ojibwa,west1510,ojw,Western Ojibwa,,Algic,North America,50.5664,-102.525,true,
alg-wiyot,wiyo1248,wiy,Wiyot,,Algic,North America,39.2492,-122.952,true,
alg-woods-cree,wood1236,cwd,Woods Cree,,Algic,North America,57.0,-99.0,true,
alg-yurok,yuro1248,yur,Yurok,,Algic,North America,41.3262,-123.824,true,
als-alsea-yaquina,alse1251,aes,Alsea-Yaquina,,Alsea-Yaquina,North America,44.408,-123.94,true,
amt-amto,amto1250,amt,Amto,,Amto-Musan,Papunesia,-4.12165,141.339,true,
amt-siawi,siaw1243,mmp,Siawi,,Amto-Musan,Papunesia,-4.05312,141.42,true,
ana-andoque,ando1256,ano,Andoque,,Andoque,South America,-0.53751,-72.0869,true,
and-andaqui,anda1286,ana,Andaqui,,Andaqui,South America,2.74999,-76.0,true,
ane-anem,anem1249,anz,Anem,,Anem,Papunesia,-5.54836,148.993,true,
ang-akoye,akoy1238,miw,Akoye,,Angan,Papunesia,-7.66067,145.669,true,
ang-angaataha,anga1290,agm,Angaataha,,Angan,Papunesia,-7.15012,146.352,true,
ang-ankave,anka1246,aak,Ankave,,Angan,Papunesia,-7.19444,145.754,true,
ang-baruya,baru1267,byr,Baruya,,Angan,Papunesia,-6.89261,145.818,true,
ang-hamtai,hamt1247,hmt,Hamtai,,Angan,Papunesia,-7.54975,146.227,true,
ang-kamasa,kama1360,klp,Kamasa,,Angan,Papunesia,-6.97411,146.20797,true,
ang-kawacha,kawa1276,kcb,Kawacha,,Angan,Papunesia,-6.95411,146.20997,true,
ang-menya,meny1245,mcr,Menya,,Angan,Papunesia,-7.17425,146.071,true,
ang-safeyoka,safe1240,apz,Safeyoka,,Angan,Papunesia,-7.05417,146.09,true,
ang-simbari,simb1255,smb,Simbari,,Angan,Papunesia,-7.02259,145.603,true,
ang-tainae,tain1253,ago,Tainae,,Angan,Papunesia,-7.40306,145.682,true,
ang-yagwoia,yagw1240,ygw,Yagwoia,,Angan,Papunesia,-7.14042,145.854,true,
ani-abom,abom1238,aob,Abom,,Anim,Papunesia,-8.42448,142.842,true,
ani-bagwa,bagw1238,,Bagwa,,Anim,Papunesia,-7.3701,141.452,true,
ani-bian-marind,bian1251,bpv,Bian Marind,,Anim,Papunesia,-7.35942,140.568,true,
ani-coastal-marind,hali1245,,Coastal Marind,,Anim,Papunesia,-8.15651,140.009,true,
ani-gawir,gawi1240,,Gawir,,Anim,Papunesia,-8.15651,140.009,true,
ani-hoyahoya-matakaia,hoya1235,hhy,Hoyahoya-Matakaia,,Anim,Papunesia,-7.7935,143.2783,true,
ani-ipiko,ipik1244,ipo,Ipiko,,Anim,Papunesia,-7.37424,144.863,true,
ani-kuni-boazi,kuni1265,kvg,Kuni-Boazi,,Anim,Papunesia,-6.97504,141.365,true,
ani-makayam,maka1315,aup,Makayam,,Anim,Papunesia,-8.37312,142.706,true,
ani-marind,nucl1622,mrz,Marind,,Anim,Papunesia,-8.15651,140.009,true,
ani-minanibai-foia-foia,mina1274,mcv,Minanibai-Foia Foia,,Anim,Papunesia,-7.61717,144.011,true,
ani-mubami,muba1238,tsx,Mubami,,Anim,Papunesia,-7.5501,142.998,true,
ani-warkay-bipim,wark1247,bgv,Warkay-Bipim,,Anim,Papunesia,-5.7716,138.638,true,
ani-were,were1244,wei,Were,,Anim,Papunesia,-8.42194,142.447,true,
ani-yaqay,yaqa1246,jaq,Yaqay,,Anim,Papunesia,-6.66632,139.249,true,
ani-zimakani,zima1244,zik,Zimakani,,Anim,Papunesia,-7.3701,141.452,true,
ara-achagua,acha1250,aca,Achagua,,Arawakan,South America,4.38649,-72.2005,true,
ara-ajyininka-apurucayali,ajyi1238,cpc,Ajyíninka Apurucayali,,Arawakan,South America,-9.82364,-74.61947,true,
ara-anauya,anau1243,,Anauyá,,Arawakan,South America,1.480584,-65.413237,true,
ara-apurina,apur1254,apu,Apurinã,,Arawakan,South America,-8.21692,-66.7714,true,
ara-araicu,arai1239,,Araicu,,Arawakan,South America,-3.104315,-67.2052,true,
ara-aruan,arua1264,,Aruan,,Arawakan,South America,-0.608631,-50.123291,true,
ara-ashaninka,asha1243,cni,Asháninka,,Arawakan,South America,-11.9311,-73.9073,true,
ara-asheninka-perene,ashe1272,prq,Ashéninka Perené,,Arawakan,South America,-10.9777,-74.9153,true,
ara-avane,bani1254,bvv,Avane,,Arawakan,South America,5.26123,-67.5633,true,
ara-bahuanaic,bahu1238,,Bahuanaic,,Arawakan,,,,false,
ara-baniva-de-maroa,guar1293,gae,Baniva de Maroa,,Arawakan,South America,1.80835,-66.922505,true,
ara-baniwa-do-alto-icana,bani1262,,Baniwa do Alto Icana,,Arawakan,South America,2.17859,-67.7704,true,
ara-baniwa-do-icana,bani1255,bwi,Baniwa do Icana,,Arawakan,South America,2.17859,-67.7704,true,
ara-baniwa-do-rio-guainia,bani1263,,Baniwa do Rio Guainia,,Arawakan,South America,2.17859,-67.7704,true,
ara-baniwa-meridional,bani1261,,Baniwa Meridional,,Arawakan,South America,2.17859,-67.7704,true,
ara-bare,bare1276,bae,Baré,,Arawakan,South America,1.91649,-66.828,true,
ara-baure,baur1253,brg,Baure,,Arawakan,South America,-13.61,-63.68,true,
ara-cabiyari,cabi1241,cbb,Cabiyarí,,Arawakan,South America,0.16101,-71.0622,true,
ara-caquinte,caqu1242,cot,Caquinte,,Arawakan,South America,-11.4812,-73.4451,true,
ara-cariay,cari1280,,Cariay,,Arawakan,South America,-1.072848,-62.887131,true,
ara-chamicuro,cham1318,ccc,Chamicuro,,Arawakan,South America,-5.1149,-75.6778,true,
ara-curripaco,curr1243,kpc,Curripaco,,Arawakan,South America,0.69618,-67.5028,true,
ara-enawene-nawe,enaw1238,unk,Enawené-Nawé,,Arawakan,South America,-12.4302,-58.9802,true,
ara-garifuna,gari1256,cab,Garifuna,,Arawakan,North America,15.3529,-86.9091,true,
ara-guinau,guin1258,,Guinau,,Arawakan,South America,4.797607,-64.73877,true,
ara-ignaciano,igna1246,ign,Ignaciano,,Arawakan,South America,-15.1188,-65.3993,true,
ara-inapari,inap1242,inp,Iñapari,,Arawakan,South America,-12.46525,-69.30827,true,
ara-island-carib,isla1278,crb,Island Carib,,Arawakan,North America,15.364795,-61.342957,true,
ara-jumana,juma1250,,Jumana,,Arawakan,South America,-1.930054,-68.295609,true,
ara-kaishana,kais1242,,Kaishana,,Arawakan,South America,-2.171598,-67.319199,true,
ara-kinikinao,guan1270,gqn,Kinikinao,,Arawakan,South America,-19.1667,-54.0333,true,
ara-lokono,araw1276,arw,Lokono,,Arawakan,South America,5.64295,-56.9243,true,
ara-machiguenga,mach1267,mcb,Machiguenga,,Arawakan,South America,-12.1291,-72.5017,true,
ara-machinere,mach1268,mpd,Machinere,,Arawakan,South America,-10.661655,-70.208108,true,
ara-maipure,maip1246,,Maipure,,Arawakan,South America,4.8,-67.5,true,
ara-manao,mana1299,,Manao,,Arawakan,South America,-0.540066,-64.5186,true,
ara-mandahuaca,mand1448,mht,Mandahuaca,,Arawakan,South America,1.48,-66.52,true,
ara-mapidian-mawayana,mapi1252,mpw,Mapidian-Mawayana,,Arawakan,South America,1.190187,-58.585983,true,
ara-maragua,mara1409,,Maragua,,Arawakan,South America,-3.0,-67.512818,true,
ara-mashco-piro,mash1270,cuj,Mashco Piro,,Arawakan,South America,-11.4745,-70.7953,true,
ara-mehinaku,mehi1240,mmh,Mehináku,,Arawakan,South America,-12.5364,-53.521,true,
ara-modern-inapari,inap1243,,Modern Iñapari,,Arawakan,South America,-12.4653,-69.3083,true,
ara-nanti,nant1250,cox,Nanti,,Arawakan,South America,-12.1018,-72.3507,true,
ara-nomatsiguenga,noma1263,not,Nomatsiguenga,,Arawakan,South America,-11.5349,-74.4371,true,
ara-palikur,pali1279,plu,Palikúr,,Arawakan,South America,3.63993,-51.6246,true,
ara-paraujano,para1316,pbg,Paraujano,,Arawakan,South America,10.8427,-71.8399,true,
ara-parecis,pare1272,pab,Parecís,,Arawakan,South America,-14.5929,-57.4059,true,
ara-passe,pass1250,,Passe,,Arawakan,South America,-2.596949,-68.468643,true,
ara-paunaka,paun1241,pnk,Paunaka,,Arawakan,South America,-14.353747,-63.086994,true,
ara-piapoco,piap1246,pio,Piapoco,,Arawakan,South America,4.37718,-68.5953,true,
ara-pichis-asheninka,pich1237,cpu,Pichis Ashéninka,,Arawakan,South America,-10.47249,-74.60281,true,
ara-purus,puru1265,,Purus,,Arawakan,,,,false,
ara-resigaro,resi1247,rgr,Resígaro,,Arawakan,South America,-1.169535,-71.60524,true,
ara-saraveca,sara1331,sar,Saraveca,,Arawakan,South America,-16.07,-57.8,true,
ara-taino,tain1254,tnq,Taino,,Arawakan,North America,18.2836,-66.8042,true,
ara-tariana,tari1256,tae,Tariana,,Arawakan,South America,0.440205,-68.9042,true,
ara-terena,tere1281,,Terena,,Arawakan,South America,-20.6614,-56.0329,true,
ara-terena-kinikinao-chane,tere1279,ter,Terena-Kinikinao-Chane,,Arawakan,South America,-20.6614,-56.0329,true,
ara-trinitario-javeriano-loretano,trin1274,trn,Trinitario-Javeriano-Loretano,,Arawakan,South America,-15.3331,-65.4096,true,
ara-uainuma-mariate,uain1239,,Uainuma-Mariate,,Arawakan,South America,-1.676121,-71.149307,true,
ara-wapishana,wapi1253,wap,Wapishana,,Arawakan,South America,2.58744,-59.8021,true,
ara-warekena-do-san-miguel,ware1255,,Warekena do San Miguel,,Arawakan,South America,2.904099,-67.092099,true,
ara-warekena-do-xie,ware1257,,Warekéna do Xiê,,Arawakan,South America,1.80835,-66.922505,true,
ara-waura,waur1244,wau,Waurá,,Arawakan,South America,-13.296,-53.6971,true,
ara-wayuu,wayu1243,guc,Wayuu,,Arawakan,South America,11.395566,-72.199791,true,
ara-xiriana,xiri1243,xir,Xiriâna,,Arawakan,South America,0.83868,-63.452927,true,
ara-yanesha,yane1238,ame,Yanesha',,Arawakan,South America,-10.5454,-75.315,true,
ara-yavitero-pareni,yavi1244,yvt,Yavitero-Pareni,,Arawakan,South America,2.924844,-67.438886,true,
ara-yawalapiti,yawa1261,yaw,Yawalapití,,Arawakan,South America,-12.5104,-53.4236,true,
ara-yine,yine1238,pib,Yine,,Arawakan,South America,-11.1086,-73.3087,true,
ara-yucuna,yucu1253,ycn,Yucuna,,Arawakan,South America,-0.76075,-71.0033,true,
arb-arawa-amazonas-state,arua1263,aru,Arawá (Amazonas State),,Arawan,South America,-5.5,-67.98,true,
arb-banawa,bana1307,,Banawa,,Arawan,South America,-6.741,-64.89624,true,
arb-culina,culi1244,cul,Culina,,Arawan,South America,-8.55268,-70.6648,true,
arb-deni,deni1241,dny,Deni,,Arawan,South America,-6.74962,-67.5029,true,
arb-jarawara,jara1276,,Jarawara,,Arawan,South America,-7.62223,-66.5662,true,
arb-madi,jama1261,jaa,Madi,,Arawan,South America,-7.62223,-66.5662,true,
arb-paumari,paum1247,pad,Paumari,,Arawan,South America,-5.78403,-64.2803,true,
arb-suruaha,suru1263,swx,Suruahá,,Arawan,South America,-6.82525,-66.3146,true,
arc-mapudungun,mapu1245,arn,Mapudungun,,Araucanian,South America,-38.7392,-71.277,true,
ard-tapei,tape1242,afp,Tapei,,Arafundi,Papunesia,-4.77763,143.337,true,
art-eskayan,eska1234,esy,Eskayan,,Artificial Language,Papunesia,,,true,
art-esperanto,espe1235,epo,Esperanto,,Artificial Language,Eurasia,49.3273,2.81045,true,
art-ido,idoo1234,ido,Ido,,Artificial Language,Eurasia,,,true,
art-interlingua-international-auxiliary-language-association,inte1239,ina,Interlingua (International Auxiliary Language Association),,Artificial Language,Eurasia,48.203,2.615,true,
art-n-ko,nkoa1234,nqo,N'Ko,,Artificial Language,Africa,,,true,
art-volapuk,vola1234,vol,Volapük,,Artificial Language,Eurasia,,,true,
aru-arutani,arut1244,atx,Arutani,,Arutani,South America,4.0673594,-62.8676118,true,
ata-atakapa,atak1252,aqp,Atakapa,,Atakapa,North America,30.9121,-93.0827,true,
ath-ahtena,ahte1237,aht,Ahtena,,Athabaskan-Eyak-Tlingit,North America,61.7068,-144.889,true,
ath-beaver,beav1236,bea,Beaver,,Athabaskan-Eyak-Tlingit,North America,56.7984,-120.352,true,
ath-central-carrier,carr1249,crx,Central Carrier,,Athabaskan-Eyak-Tlingit,North America,54.3768,-124.328,true,
ath-chilcotin-nicola,chil1280,clc,Chilcotin-Nicola,,Athabaskan-Eyak-Tlingit,North America,51.98952,-123.24458,true,
ath-chipewyan,chip1261,chp,Chipewyan,,Athabaskan-Eyak-Tlingit,North America,58.98,-104.44,true,
ath-degexit-an,dege1248,ing,Degexit'an,,Athabaskan-Eyak-Tlingit,North America,62.0697,-160.044,true,
ath-dena-ina,tana1289,tfn,Dena'ina,,Athabaskan-Eyak-Tlingit,North America,60.4712,-150.759,true,
ath-dogrib,dogr1252,dgr,Dogrib,,Athabaskan-Eyak-Tlingit,North America,63.17,-117.25,true,
ath-eel-river-athabaskan,wail1244,wlk,Eel River Athabaskan,,Athabaskan-Eyak-Tlingit,North America,39.1513,-123.284,true,
ath-eyak,eyak1241,eya,Eyak,,Athabaskan-Eyak-Tlingit,North America,60.4232,-144.762,true,
ath-galice,gali1261,gce,Galice,,Athabaskan-Eyak-Tlingit,North America,42.56343,-123.5854,true,
ath-gwich-in,gwic1235,gwi,Gwich'in,,Athabaskan-Eyak-Tlingit,North America,67.4307,-142.963,true,
ath-han,hann1241,haa,Han,,Athabaskan-Eyak-Tlingit,North America,64.5002,-140.352,true,
ath-holikachuk,holi1241,hoi,Holikachuk,,Athabaskan-Eyak-Tlingit,North America,62.7266,-159.831,true,
ath-hupa-chilula,hupa1239,hup,Hupa-Chilula,,Athabaskan-Eyak-Tlingit,North America,41.0982,-123.68,true,
ath-jicarilla-apache,jica1244,apj,Jicarilla Apache,,Athabaskan-Eyak-Tlingit,North America,36.8079,-107.007,true,
ath-kaska,kask1239,kkz,Kaska,,Athabaskan-Eyak-Tlingit,North America,61.0,-130.0,true,
ath-kato,kato1244,ktw,Kato,,Athabaskan-Eyak-Tlingit,North America,39.7002,-123.432,true,
ath-kiowa-apache,kiow1264,apk,Kiowa Apache,,Athabaskan-Eyak-Tlingit,North America,34.9077,-98.2461,true,
ath-koyukon,koyu1237,koy,Koyukon,,Athabaskan-Eyak-Tlingit,North America,65.6093,-154.229,true,
ath-kwalhioqua-clatskanie,kwal1258,qwt,Kwalhioqua-Clatskanie,,Athabaskan-Eyak-Tlingit,North America,46.111979,-123.209332,true,
ath-lipan-apache,lipa1241,apl,Lipan Apache,,Athabaskan-Eyak-Tlingit,North America,29.93117,-98.94286,true,
ath-lower-tanana,lowe1425,taa,Lower Tanana,,Athabaskan-Eyak-Tlingit,North America,64.8834,-149.451,true,
ath-mattole-bear-river,matt1238,mvb,Mattole-Bear River,,Athabaskan-Eyak-Tlingit,North America,40.4321,-122.863,true,
ath-mescalero-chiricahua-apache,mesc1238,apm,Mescalero-Chiricahua Apache,,Athabaskan-Eyak-Tlingit,North America,33.1291,-105.566,true,
ath-navajo,nava1243,nav,Navajo,,Athabaskan-Eyak-Tlingit,North America,36.33,-109.38,true,
ath-north-slavey,nort2942,scs,North Slavey,,Athabaskan-Eyak-Tlingit,North America,63.5,-125.67,true,
ath-northern-tutchone,nort2941,ttm,Northern Tutchone,,Athabaskan-Eyak-Tlingit,North America,62.8235,-136.644,true,
ath-sarsi,sars1236,srs,Sarsi,,Athabaskan-Eyak-Tlingit,North America,50.8822,-114.301,true,
ath-sekani,seka1250,sek,Sekani,,Athabaskan-Eyak-Tlingit,North America,57.4421,-125.664,true,
ath-south-slavey,sout2959,xsl,South Slavey,,Athabaskan-Eyak-Tlingit,North America,59.8794,-117.047,true,
ath-southern-carrier,sout2958,caf,Southern Carrier,,Athabaskan-Eyak-Tlingit,North America,53.1763,-124.452,true,
ath-southern-tutchone,sout2957,tce,Southern Tutchone,,Athabaskan-Eyak-Tlingit,North America,60.7823,-136.573,true,
ath-tagish,tagi1240,tgx,Tagish,,Athabaskan-Eyak-Tlingit,North America,60.242,-134.799,true,
ath-tahltan,tahl1239,tht,Tahltan,,Athabaskan-Eyak-Tlingit,North America,58.4498,-130.052,true,
ath-tanacross,tana1290,tcb,Tanacross,,Athabaskan-Eyak-Tlingit,North America,63.4046,-143.338,true,
ath-tlingit,tlin1245,tli,Tlingit,,Athabaskan-Eyak-Tlingit,North America,59.4447,-135.29,true,
ath-tolowa-chetco,tolo1259,tol,Tolowa-Chetco,,Athabaskan-Eyak-Tlingit,North America,41.9192,-124.1,true,
ath-upper-kuskokwim,uppe1438,kuu,Upper Kuskokwim,,Athabaskan-Eyak-Tlingit,North America,62.2976,-155.951,true,
ath-upper-tanana,uppe1437,tau,Upper Tanana,,Athabaskan-Eyak-Tlingit,North America,62.6867,-141.37,true,
ath-western-apache,west2615,apw,Western Apache,,Athabaskan-Eyak-Tlingit,North America,33.8574,-110.123,true,
ath-witsuwit-en-babine,babi1235,bcr,Witsuwit'en-Babine,,Athabaskan-Eyak-Tlingit,North America,55.0997,-126.41,true,
atl-abanyom,aban1242,abm,Abanyom,,Atlantic-Congo,Africa,6.30619,8.63055,true,
atl-abe,abee1242,aba,Abé,,Atlantic-Congo,Africa,5.59682,-4.38497,true,
atl-abidji,abid1235,abi,Abidji,,Atlantic-Congo,Africa,5.65656,-4.58421,true,
atl-abon,abon1238,abo,Abon,,Atlantic-Congo,Africa,6.90621,10.8769,true,
atl-abron,abro1238,abr,Abron,,Atlantic-Congo,Africa,7.72094,-2.50289,true,
atl-abua,abua1244,abn,Abua,,Atlantic-Congo,Africa,4.83057,6.61492,true,
atl-abure,abur1243,abu,Abure,,Atlantic-Congo,Africa,5.21534,-3.64123,true,
atl-adamawa-fulfulde,adam1253,fub,Adamawa Fulfulde,,Atlantic-Congo,Africa,8.140326,13.077338,true,
atl-adangbe,adan1248,adq,Adangbe,,Atlantic-Congo,Africa,6.50546,0.727155,true,
atl-adangme,adan1247,ada,Adangme,,Atlantic-Congo,Africa,5.9437,0.13243,true,
atl-adele,adel1244,ade,Adele,,Atlantic-Congo,Africa,8.16975,0.619185,true,
atl-adioukrou,adio1239,adj,Adioukrou,,Atlantic-Congo,Africa,5.38228,-4.52522,true,
atl-agatu,agat1236,agc,Agatu,,Atlantic-Congo,Africa,7.97915,7.71639,true,
atl-aghem,aghe1239,agq,Aghem,,Atlantic-Congo,Africa,6.38956,10.0807,true,
atl-agwagwune,agwa1247,yay,Agwagwune,,Atlantic-Congo,Africa,5.81055,8.03166,true,
atl-ahan,ahan1244,ahn,Àhàn,,Atlantic-Congo,Africa,7.44139,6.00896,true,
atl-ahanta,ahan1243,aha,Ahanta,,Atlantic-Congo,Africa,4.85147,-1.94657,true,
atl-aja-benin,ajab1235,ajg,Aja (Benin),,Atlantic-Congo,Africa,7.06634,1.64992,true,
atl-ajiri,eloy1241,afo,Ajiri,,Atlantic-Congo,Africa,8.24696,7.97061,true,
atl-ajumbu,mbuu1238,muc,Ajumbu,,Atlantic-Congo,Africa,6.53792,10.2556,true,
atl-akan,akan1250,aka,Akan,,Atlantic-Congo,Africa,6.34756,-1.33254,true,
atl-akebu,akeb1238,keu,Akebu,,Atlantic-Congo,Africa,7.78365,0.77668,true,
atl-akoose,akoo1248,bss,Akoose,,Atlantic-Congo,Africa,4.9243,9.65522,true,
atl-akpa,akpa1238,akf,Akpa,,Atlantic-Congo,Africa,7.32586,8.01629,true,
atl-akpes,akpe1248,ibe,Akpes,,Atlantic-Congo,Africa,7.50256,5.95559,true,
atl-akum,akum1238,aku,Akum,,Atlantic-Congo,Africa,6.85716,9.96261,true,
atl-akwa,akwa1248,akw,Akwa,,Atlantic-Congo,Africa,-0.39897,15.4623,true,
atl-akye,akee1238,aik,Akye,,Atlantic-Congo,Africa,8.59543,8.75768,true,
atl-alago,alag1242,ala,Alago,,Atlantic-Congo,Africa,8.34986,8.52085,true,
atl-alege,aleg1238,alf,Alege,,Atlantic-Congo,Africa,6.59423,9.00394,true,
atl-ali,alii1240,aiy,Ali,,Atlantic-Congo,Africa,4.60014,18.0352,true,
atl-alladian,alla1248,ald,Alladian,,Atlantic-Congo,Africa,5.22371,-4.42647,true,
atl-amba-uganda,amba1263,rwm,Amba (Uganda),,Atlantic-Congo,Africa,0.81206,30.0014,true,
atl-ambele,ambe1247,ael,Ambele,,Atlantic-Congo,Africa,5.94043,9.62028,true,
atl-amo,amoo1242,amo,Amo,,Atlantic-Congo,Africa,10.3229,8.65405,true,
atl-anaang,anaa1238,anw,Anaang,,Atlantic-Congo,Africa,4.94832,7.57969,true,
atl-anii,anii1245,blo,Anii,,Atlantic-Congo,Africa,9.11127,1.60169,true,
atl-animere,anim1239,anf,Animere,,Atlantic-Congo,Africa,7.60385,0.41962,true,
atl-anufo,anuf1239,cko,Anufo,,Atlantic-Congo,Africa,10.2839,0.56021,true,
atl-anyin,anyi1245,any,Anyin,,Atlantic-Congo,Africa,6.31781,-3.30532,true,
atl-arigidi,arig1246,aqg,Arigidi,,Atlantic-Congo,Africa,7.56324,5.89556,true,
atl-arum,alum1246,aab,Arum,,Atlantic-Congo,Africa,9.01513,8.55956,true,
atl-ashe,ashe1269,ahs,Ashe,,Atlantic-Congo,Africa,9.36574,7.39443,true,
atl-asu-nigeria,asun1235,aum,Asu (Nigeria),,Atlantic-Congo,Africa,10.0849,5.42081,true,
atl-asu-tanzania,asut1235,asa,Asu (Tanzania),,Atlantic-Congo,Africa,-4.17978,37.8323,true,
atl-atong,aton1242,ato,Atong,,Atlantic-Congo,Africa,6.03539,9.72121,true,
atl-atsam,atsa1241,cch,Atsam,,Atlantic-Congo,Africa,9.95914,8.48301,true,
atl-attie,atti1239,ati,Attié,,Atlantic-Congo,Africa,5.9977,-3.8209,true,
atl-aushi,aush1241,auh,Aushi,,Atlantic-Congo,Africa,-11.6295,29.0168,true,
atl-avatime,avat1244,avn,Avatime,,Atlantic-Congo,Africa,6.8688,0.41314,true,
atl-avikam,avik1243,avi,Avikam,,Atlantic-Congo,Africa,5.15838,-5.2529,true,
atl-awing,awin1248,azo,Awing,,Atlantic-Congo,Africa,5.88362,10.264,true,
atl-awutu,awut1241,afu,Awutu,,Atlantic-Congo,Africa,5.42441,-0.59545,true,
atl-ayere,ayer1245,aye,Ayere,,Atlantic-Congo,Africa,7.52206,6.01979,true,
atl-ayu,ayuu1242,ayu,Ayu,,Atlantic-Congo,Africa,9.2634,8.60225,true,
atl-baa,kwaa1262,kwb,Baa,,Atlantic-Congo,Africa,9.42222,11.4439,true,
atl-baan,baan1241,bvj,Baan,,Atlantic-Congo,Africa,4.66709,7.30065,true,
atl-baatonum,baat1238,bba,Baatonum,,Atlantic-Congo,Africa,9.63186,2.99607,true,
atl-baba,baba1264,bbw,Baba,,Atlantic-Congo,Africa,6.11222,10.5216,true,
atl-babango,baba1263,bbm,Babango,,Atlantic-Congo,Africa,1.79475,23.5851,true,
atl-babanki,baba1266,bbk,Babanki,,Atlantic-Congo,Africa,5.97863,10.2869,true,
atl-bada-nigeria,bada1258,bau,Bada (Nigeria),,Atlantic-Congo,Africa,9.62456,9.95,true,
atl-bafanji,bafa1249,bfj,Bafanji,,Atlantic-Congo,Africa,5.84612,10.4518,true,
atl-bafaw-balong,bafa1247,bwt,Bafaw-Balong,,Atlantic-Congo,Africa,4.53307,9.522,true,
atl-bafia,bafi1243,ksf,Bafia,,Atlantic-Congo,Africa,4.72603,11.0982,true,
atl-bafut,bafu1246,bfd,Bafut,,Atlantic-Congo,Africa,6.14153,10.1194,true,
atl-baga-koga,baga1273,bgo,Baga Koga,,Atlantic-Congo,Africa,10.1286,-13.947,true,
atl-baga-manduri,baga1270,bmd,Baga Manduri,,Atlantic-Congo,Africa,10.76747,-14.60521,true,
atl-baga-sitemu,baga1272,bsp,Baga Sitemu,,Atlantic-Congo,Africa,10.4793,-14.4756,true,
atl-bago-kusuntu,bago1245,bqg,Bago-Kusuntu,,Atlantic-Congo,Africa,8.52697,1.41214,true,
atl-bai,baii1251,bdj,Bai,,Atlantic-Congo,Africa,7.57221,26.48246,true,
atl-bainouk-gunyaamolo-gutobor,bain1261,bcz,Bainouk-Gunyaamolo-Gutobor,,Atlantic-Congo,Africa,12.8672,-16.229,true,
atl-bainounk-gujaher,bain1259,bab,Bainounk-Gujaher,,Atlantic-Congo,Africa,12.3128,-16.0586,true,
atl-baka-cameroon,baka1272,bkc,Baka (Cameroon),,Atlantic-Congo,Africa,2.16013,13.7804,true,
atl-bakaka,baka1273,bqz,Bakaka,,Atlantic-Congo,Africa,4.79991,9.80402,true,
atl-bakoko,bako1249,bkh,Bakoko,,Atlantic-Congo,Africa,3.56518,9.99905,true,
atl-bakole,bako1250,kme,Bakole,,Atlantic-Congo,Africa,4.43654,8.97387,true,
atl-balanta-ganja,bala1302,bjt,Balanta-Ganja,,Atlantic-Congo,Africa,12.5382,-15.6658,true,
atl-balanta-kentohe,bala1301,ble,Balanta-Kentohe,,Atlantic-Congo,Africa,11.8203,-15.3221,true,
atl-bali-democratic-republic-of-congo,bali1274,bcp,Bali (Democratic Republic of Congo),,Atlantic-Congo,Africa,1.1807,26.5941,true,
atl-bali-nigeria,bali1245,bcn,Bali (Nigeria),,Atlantic-Congo,Africa,8.81345,11.2952,true,
atl-balo,balo1264,bqo,Balo,,Atlantic-Congo,Africa,6.12552,9.69365,true,
atl-bambili-bambui,bamb1266,baw,Bambili-Bambui,,Atlantic-Congo,Africa,6.10821,10.2233,true,
atl-bamenyam,bame1260,bce,Bamenyam,,Atlantic-Congo,Africa,5.77049,10.3302,true,
atl-bamukumbit,bamu1254,bqt,Bamukumbit,,Atlantic-Congo,Africa,5.87292,10.3537,true,
atl-bamun,bamu1253,bax,Bamun,,Atlantic-Congo,Africa,5.49017,10.8477,true,
atl-bamunka,bamu1256,bvm,Bamunka,,Atlantic-Congo,Africa,6.00203,10.5127,true,
atl-bamwe,bamw1238,bmg,Bamwe,,Atlantic-Congo,Africa,2.16773,19.1644,true,
atl-banda-bambari,band1344,liy,Banda-Bambari,,Atlantic-Congo,Africa,6.21563,20.9827,true,
atl-banda-banda,band1343,bpd,Banda-Banda,,Atlantic-Congo,Africa,6.63889,22.7568,true,
atl-banda-mbres,band1342,bqk,Banda-Mbrès,,Atlantic-Congo,Africa,7.32924,23.0108,true,
atl-banda-ndele,band1345,bfl,Banda-Ndélé,,Atlantic-Congo,Africa,8.03339,23.9021,true,
atl-banda-yangere,band1348,yaj,Banda-Yangere,,Atlantic-Congo,Africa,3.95763,16.5907,true,
atl-bandial,band1340,bqj,Bandial,,Atlantic-Congo,Africa,12.5258,-16.4245,true,
atl-bangala,bang1353,bxg,Bangala,,Atlantic-Congo,Africa,3.3466,28.04453,true,
atl-bangba,bang1345,bbe,Bangba,,Atlantic-Congo,Africa,3.39956,28.3138,true,
atl-bangolan,bang1356,bgj,Bangolan,,Atlantic-Congo,Africa,6.0125,10.667,true,
atl-bangubangu,bang1350,bnx,Bangubangu,,Atlantic-Congo,Africa,-4.31464,27.2438,true,
atl-bankal,bank1257,jjr,Bankal,,Atlantic-Congo,Africa,9.5,10.5,true,
atl-bankon,bank1256,abb,Bankon,,Atlantic-Congo,Africa,4.3702,9.6403,true,
atl-baoule,baou1238,bci,Baoulé,,Atlantic-Congo,Africa,5.42509,-4.76565,true,
atl-barama,bara1362,bbg,Barama,,Atlantic-Congo,Africa,-2.49659,10.6777,true,
atl-barombi,baro1252,bbi,Barombi,,Atlantic-Congo,Africa,4.64584,9.25261,true,
atl-basa-cameroon,basa1284,bas,Basa (Cameroon),,Atlantic-Congo,Africa,3.80765,10.4213,true,
atl-bassa-kontagora,bass1259,bsr,Bassa-Kontagora,,Atlantic-Congo,Africa,10.3333,4.98331,true,
atl-bassari-tanda,bass1258,bsc,Bassari-Tanda,,Atlantic-Congo,Africa,12.4529,-13.3495,true,
atl-bassossi,bass1260,bsi,Bassossi,,Atlantic-Congo,Africa,5.23655,9.52275,true,
atl-batanga,bata1285,bnm,Batanga,,Atlantic-Congo,Africa,1.397041,9.51011,true,
atl-batu,batu1255,btu,Batu,,Atlantic-Congo,Africa,6.81588,10.9377,true,
atl-bauchi,bauc1238,bsf,Bauchi,,Atlantic-Congo,Africa,10.2077,6.61686,true,
atl-beba,beba1238,bfp,Beba,,Atlantic-Congo,Africa,6.32256,9.73577,true,
atl-bebe,bebe1250,bzv,Bebe,,Atlantic-Congo,Africa,6.74825,10.5646,true,
atl-bebele,bebe1248,beb,Bebele,,Atlantic-Congo,Africa,4.78874,12.824,true,
atl-bedik,bedi1235,tnr,Bedik,,Atlantic-Congo,Africa,12.7531,-12.4796,true,
atl-beembe,beem1239,beq,Beembe,,Atlantic-Congo,Africa,-3.95895,14.1,true,
atl-beezen,beez1238,bnz,Beezen,,Atlantic-Congo,Africa,6.81552,10.109,true,
atl-begbere-ejar,begb1241,bqv,Begbere-Ejar,,Atlantic-Congo,Africa,9.40519,7.59566,true,
atl-bekwarra,bekw1241,bkv,Bekwarra,,Atlantic-Congo,Africa,6.73737,8.86489,true,
atl-bekwil,bekw1242,bkw,Bekwil,,Atlantic-Congo,Africa,1.71801,14.6527,true,
atl-belanda-viri,bela1255,bvi,Belanda Viri,,Atlantic-Congo,Africa,7.41311,27.6956,true,
atl-bemba-zambia,bemb1257,bem,Bemba (Zambia),,Atlantic-Congo,Africa,-10.6122,29.2993,true,
atl-bena-nigeria,bena1260,yun,Bena (Nigeria),,Atlantic-Congo,Africa,9.74861,12.3972,true,
atl-bena-tanzania,bena1262,bez,Bena (Tanzania),,Atlantic-Congo,Africa,-9.26671,35.0364,true,
atl-bende,bend1258,bdp,Bende,,Atlantic-Congo,Africa,-6.22082,30.5926,true,
atl-benga,beng1282,bng,Benga,,Atlantic-Congo,Africa,1.075766,9.600739,true,
atl-bera,bera1259,brf,Bera,,Atlantic-Congo,Africa,1.50054,30.0293,true,
atl-berom,bero1242,bom,Berom,,Atlantic-Congo,Africa,9.67037,8.81221,true,
atl-besme,besm1235,bes,Besme,,Atlantic-Congo,Africa,9.59226,16.0938,true,
atl-bete-bendi,bete1262,btt,Bete-Bendi,,Atlantic-Congo,Africa,6.62037,9.20189,true,
atl-beti-cote-d-ivoire,beti1248,eot,Beti (Côte d'Ivoire),,Atlantic-Congo,Africa,5.26495,-3.28627,true,
atl-biafada,biaf1240,bif,Biafada,,Atlantic-Congo,Africa,11.467,-15.1347,true,
atl-bijimic,vagh1247,,Bijimic,,Atlantic-Congo,,,,false,
atl-bila,bila1255,bip,Bila,,Atlantic-Congo,Africa,1.16839,28.7626,true,
atl-bile,bile1244,bil,Bile,,Atlantic-Congo,Africa,8.90052,11.1907,true,
atl-bimoba,bimo1239,bim,Bimoba,,Atlantic-Congo,Africa,10.4575,0.06121,true,
atl-bini,bini1246,bin,Bini,,Atlantic-Congo,Africa,6.40701,5.70426,true,
atl-bitare,bita1251,brt,Bitare,,Atlantic-Congo,Africa,6.87398,11.3072,true,
atl-bo-rukul,boru1244,mae,Bo-Rukul,,Atlantic-Congo,Africa,8.9352,8.90506,true,
atl-bobangi,bang1354,bni,Bobangi,,Atlantic-Congo,Africa,-0.87437,17.227,true,
atl-bodo-central-african-republic,bodo1272,boy,Bodo (Central African Republic),,Atlantic-Congo,Africa,6.0,26.0,true,
atl-bofi,bofi1238,bff,Bofi,,Atlantic-Congo,Africa,4.02043,17.3032,true,
atl-boko-democratic-republic-of-congo,boko1263,bkp,Boko (Democratic Republic of Congo),,Atlantic-Congo,Africa,1.51612,18.8806,true,
atl-bokoto,boko1261,bdt,Bokoto,,Atlantic-Congo,Africa,4.75111,16.6721,true,
atl-bokyi,boky1238,bky,Bokyi,,Atlantic-Congo,Africa,6.10475,9.05875,true,
atl-bolgo,bolg1251,bvo,Bolgo,,Atlantic-Congo,Africa,10.9025,18.8076,true,
atl-bolia,boli1255,bli,Bolia,,Atlantic-Congo,Africa,-1.38362,18.09748,true,
atl-boloki,bolo1262,bkt,Boloki,,Atlantic-Congo,Africa,0.83463,18.4555,true,
atl-bolondo,bolo1263,bzm,Bolondo,,Atlantic-Congo,Africa,2.46327,19.6181,true,
atl-bom-kim,bomk1234,bmf,Bom-Kim,,Atlantic-Congo,Africa,9.27518,-11.59696,true,
atl-boma-nord,boma1251,,Boma Nord,,Atlantic-Congo,Africa,-3.01,16.92,true,
atl-boma-yumu,boma1246,boh,Boma Yumu,,Atlantic-Congo,Africa,-3.27,17.45,true,
atl-bomboma,bomb1262,bws,Bomboma,,Atlantic-Congo,Africa,2.40195,18.7841,true,
atl-bomitaba,bomi1238,zmx,Bomitaba,,Atlantic-Congo,Africa,1.70044,17.3733,true,
atl-bomu,bomu1247,bmq,Bomu,,Atlantic-Congo,Africa,12.3816,-4.538,true,
atl-bomwali,bomw1238,bmw,Bomwali,,Atlantic-Congo,Africa,1.71005,15.9546,true,
atl-bon-gula,bong1282,glc,Bon Gula,,Atlantic-Congo,Africa,10.6577,19.5774,true,
atl-bondei,bond1247,bou,Bondei,,Atlantic-Congo,Africa,-5.10749,38.5079,true,
atl-bondoukou-kulango,bond1246,kzc,Bondoukou Kulango,,Atlantic-Congo,Africa,7.85945,-2.87379,true,
atl-bongili,bong1284,bui,Bongili,,Atlantic-Congo,Africa,0.37063,16.6079,true,
atl-borgu-fulfulde,borg1235,fue,Borgu Fulfulde,,Atlantic-Congo,Africa,9.801,3.988,true,
atl-bouna-kulango,boun1243,nku,Bouna Kulango,,Atlantic-Congo,Africa,8.46011,-2.74627,true,
atl-bu,buuu1244,jid,Bu,,Atlantic-Congo,Africa,9.05077,8.65697,true,
atl-bua,buaa1245,bub,Bua,,Atlantic-Congo,Africa,9.92491,18.0821,true,
atl-buamu,buam1238,box,Buamu,,Atlantic-Congo,Africa,11.1687,-3.50303,true,
atl-bube,bube1242,bvb,Bube,,Atlantic-Congo,Africa,3.53638,8.68929,true,
atl-bubi,bubi1250,buw,Bubi,,Atlantic-Congo,Africa,-1.16762,12.32251,true,
atl-budu,budu1250,buu,Budu,,Atlantic-Congo,Africa,2.00501,27.951,true,
atl-budza,budz1238,bja,Budza,,Atlantic-Congo,Africa,2.19951,22.6107,true,
atl-bukusu,buku1249,bxk,Bukusu,,Atlantic-Congo,Africa,0.68043,34.7719,true,
atl-buli-ghana,buli1254,bwu,Buli (Ghana),,Atlantic-Congo,Africa,10.5763,-1.26748,true,
atl-bullom-so,bull1247,buy,Bullom So,,Atlantic-Congo,Africa,9.0,-13.16,true,
atl-bulu-cameroon,bulu1251,bum,Bulu (Cameroon),,Atlantic-Congo,Africa,3.16141,11.6365,true,
atl-bum,bumm1238,bmv,Bum,,Atlantic-Congo,Africa,6.48655,10.418,true,
atl-bungu,bung1265,wun,Bungu,,Atlantic-Congo,Africa,-8.32587,32.8801,true,
atl-burak,bura1271,bys,Burak,,Atlantic-Congo,Africa,9.49451,11.0698,true,
atl-buru-angwe,buru1299,bqw,Buru-Angwe,,Atlantic-Congo,Africa,7.01091,10.8617,true,
atl-busam,busa1251,bxs,Busam,,Atlantic-Congo,Africa,5.8604,9.68068,true,
atl-bushoong,bush1247,buf,Bushoong,,Atlantic-Congo,Africa,-4.69463,21.4556,true,
atl-buyu,buyu1239,byi,Buyu,,Atlantic-Congo,Africa,-5.41806,28.5545,true,
atl-bwa,bwaa1238,bww,Bwa,,Atlantic-Congo,Africa,2.5957,25.2514,true,
atl-bwela,bwel1238,bwl,Bwela,,Atlantic-Congo,Africa,3.22,19.28,true,
atl-bwile,bwil1245,bwc,Bwile,,Atlantic-Congo,Africa,-8.3041,29.4071,true,
atl-bwisi,bwis1242,bwz,Bwisi,,Atlantic-Congo,Africa,-3.23686,11.9595,true,
atl-c-lela,clel1238,dri,C'lela,,Atlantic-Congo,Africa,11.4653,5.26544,true,
atl-caka,caka1240,ckx,Caka,,Atlantic-Congo,Africa,6.26979,9.77746,true,
atl-cara,cara1270,cfd,Cara,,Atlantic-Congo,Africa,10.1281,8.74567,true,
atl-central-dagaare,sout2789,dga,Central Dagaare,,Atlantic-Congo,Africa,10.4226,-2.52265,true,
atl-central-eastern-niger-fulfulde,cent2018,fuq,Central-Eastern Niger Fulfulde,,Atlantic-Congo,Africa,15.0907,8.43261,true,
atl-central-wambo,mbal1255,lnb,Central Wambo,,Atlantic-Congo,Africa,-17.578884,16.027517,true,
atl-cerma,cerm1238,cme,Cerma,,Atlantic-Congo,Africa,10.1245,-4.94917,true,
atl-chahi,chah1242,,Chahi,,Atlantic-Congo,Africa,-5.12263,34.6657,true,
atl-chakali,chak1271,cli,Chakali,,Atlantic-Congo,Africa,9.83446,-1.90181,true,
atl-che,chee1238,ruk,Che,,Atlantic-Congo,Africa,10.0031,8.67024,true,
atl-cherepon,cher1271,cpn,Cherepon,,Atlantic-Congo,Africa,6.05387,-0.10955,true,
atl-chiga,chig1238,cgg,Chiga,,Atlantic-Congo,Africa,-1.04387,29.9122,true,
atl-chikunda,kund1255,kdn,Chikunda,,Atlantic-Congo,Africa,-15.7337,30.2804,true,
atl-chimwiini,chim1312,,Chimwiini,,Atlantic-Congo,Africa,1.111787,44.026991,true,
atl-chokwe,chok1245,cjk,Chokwe,,Atlantic-Congo,Africa,-9.66082,21.3992,true,
atl-chonyi-dzihana-kauma,chon1287,coh,Chonyi-Dzihana-Kauma,,Atlantic-Congo,Africa,-6.518,38.672,true,
atl-chopi,chop1243,cce,Chopi,,Atlantic-Congo,Africa,-24.8327,34.1097,true,
atl-chuka,chuk1274,cuh,Chuka,,Atlantic-Congo,Africa,-0.27405,37.6116,true,
atl-chumburung,chum1261,ncu,Chumburung,,Atlantic-Congo,Africa,8.15211,-0.2755,true,
atl-chung,cung1238,cnq,Chung,,Atlantic-Congo,Africa,6.59687,10.4104,true,
atl-chuwabu,chuw1238,chw,Chuwabu,,Atlantic-Congo,Africa,-17.3428,37.1231,true,
atl-cicipu,cici1237,awc,Cicipu,,Atlantic-Congo,Africa,11.0417,5.54073,true,
atl-cross-river-mbembe,cros1244,mfn,Cross River Mbembe,,Atlantic-Congo,Africa,6.16926,8.23592,true,
atl-dagaari-dioula,daga1272,dgd,Dagaari Dioula,,Atlantic-Congo,Africa,11.6839,-2.48569,true,
atl-dagbani,dagb1246,dag,Dagbani,,Atlantic-Congo,Africa,9.64745,-0.43227,true,
atl-dama-cameroon,dama1267,dmm,Dama (Cameroon),,Atlantic-Congo,Africa,8.72207,14.0597,true,
atl-day,dayy1236,dai,Day,,Atlantic-Congo,Africa,8.52612,17.5146,true,
atl-deg,degg1238,mzw,Deg,,Atlantic-Congo,Africa,8.43846,-2.28724,true,
atl-degema,dege1246,deg,Degema,,Atlantic-Congo,Africa,4.73373,6.80991,true,
atl-deko-dusanga,doko1243,uya,Deko-Dusanga,,Atlantic-Congo,Africa,5.39961,8.26925,true,
atl-dengese,deng1250,dez,Dengese,,Atlantic-Congo,Africa,-3.26337,21.4194,true,
atl-denya,deny1238,anv,Denya,,Atlantic-Congo,Africa,5.97237,9.39989,true,
atl-dhaiso,dhai1238,dhs,Dhaiso,,Atlantic-Congo,Africa,-4.81209,38.818,true,
atl-dibo,dibo1247,dio,Dibo,,Atlantic-Congo,Africa,9.0611,6.3731,true,
atl-dibole,dibo1245,bvx,Dibole,,Atlantic-Congo,Africa,1.07773,17.2305,true,
atl-digo,digo1243,dig,Digo,,Atlantic-Congo,Africa,-4.62101,39.1752,true,
atl-dii,diii1241,dur,Dii,,Atlantic-Congo,Africa,7.77412,13.9884,true,
atl-dimbong,dimb1238,dii,Dimbong,,Atlantic-Congo,Africa,4.80551,10.9888,true,
atl-ding,ding1239,diz,Ding,,Atlantic-Congo,Africa,-4.44304,19.3881,true,
atl-diriku-shambyu,diri1252,diu,Diriku-Shambyu,,Atlantic-Congo,Africa,-18.1681,20.6678,true,
atl-ditammari,dita1238,tbz,Ditammari,,Atlantic-Congo,Africa,10.1614,1.18045,true,
atl-djimini-senoufo,djim1235,dyi,Djimini Senoufo,,Atlantic-Congo,Africa,8.36279,-4.45627,true,
atl-doe,doee1238,doe,Doe,,Atlantic-Congo,Africa,-6.25844,38.4902,true,
atl-dogose,dogo1295,dos,Dogosé,,Atlantic-Congo,Africa,10.1899,-4.1493,true,
atl-dompo,domp1238,doy,Dompo,,Atlantic-Congo,Africa,8.182,-2.295,true,
atl-dong,dong1293,doh,Dong,,Atlantic-Congo,Africa,8.64119,11.9924,true,
atl-donga-mambila,came1252,mcu,Donga Mambila,,Atlantic-Congo,Africa,6.43829,11.41953,true,
atl-dongo,dong1290,doo,Dongo,,Atlantic-Congo,Africa,2.96683,29.9619,true,
atl-doyayo,doya1240,dow,Doyayo,,Atlantic-Congo,Africa,8.68604,13.0768,true,
atl-duala,dual1243,dua,Duala,,Atlantic-Congo,Africa,4.10208,9.61877,true,
atl-dugun,dugu1248,ndu,Dugun,,Atlantic-Congo,Africa,8.38689,13.3966,true,
atl-duguri,dugu1249,dbm,Duguri,,Atlantic-Congo,Africa,10.05,10.21,true,
atl-duma,duma1253,dma,Duma,,Atlantic-Congo,Africa,-0.91927,13.0046,true,
atl-duruma,duru1249,dug,Duruma,,Atlantic-Congo,Africa,-4.09629,39.322,true,
atl-duya,idun1241,ldb,Dũya,,Atlantic-Congo,Africa,9.12585,7.77525,true,
atl-dwang,dwan1238,nnu,Dwang,,Atlantic-Congo,Africa,7.70712,-0.43011,true,
atl-dyan,dyan1251,dya,Dyan,,Atlantic-Congo,Africa,10.8342,-3.59179,true,
atl-dza,dzaa1238,jen,Dza,,Atlantic-Congo,Africa,9.26671,11.3884,true,
atl-dzodinka,dzod1238,add,Dzodinka,,Atlantic-Congo,Africa,6.89005,10.7633,true,
atl-east-limba,east2387,lma,East Limba,,Atlantic-Congo,Africa,9.71107,-11.7496,true,
atl-east-nyala,east2409,nle,East Nyala,,Atlantic-Congo,Africa,0.38163,34.6626,true,
atl-eastern-acipa,east2403,acp,Eastern Acipa,,Atlantic-Congo,Africa,10.7104,6.0105,true,
atl-eastern-kikongo,east2782,,Eastern Kikongo,,Atlantic-Congo,Africa,-5.25,15.5,true,
atl-ebira,ebir1243,igb,Ebira,,Atlantic-Congo,Africa,8.15516,7.06183,true,
atl-ebrie,ebri1238,ebr,Ebrié,,Atlantic-Congo,Africa,5.36868,-4.03188,true,
atl-ebughu,ebug1241,ebg,Ebughu,,Atlantic-Congo,Africa,4.82544,8.01304,true,
atl-ede-idaca,edei1244,idd,Ede Idaca,,Atlantic-Congo,Africa,7.78428,2.27039,true,
atl-ede-nago,eden1244,nqg,Ede Nago,,Atlantic-Congo,Africa,6.75763,2.64908,true,
atl-efai,efai1241,efa,Efai,,Atlantic-Congo,Africa,4.60447,8.27625,true,
atl-efik,efik1245,efi,Efik,,Atlantic-Congo,Africa,4.89379,8.38121,true,
atl-efutop,efut1242,ofu,Efutop,,Atlantic-Congo,Africa,5.92431,8.35425,true,
atl-ega,egaa1242,ega,Ega,,Atlantic-Congo,Africa,5.56081,-5.41732,true,
atl-egene,enge1239,enn,Egene,,Atlantic-Congo,Africa,5.11931,6.37339,true,
atl-eggon,eggo1239,ego,Eggon,,Atlantic-Congo,Africa,8.71442,8.45686,true,
atl-ejagham,ejag1239,etu,Ejagham,,Atlantic-Congo,Africa,5.54442,8.90959,true,
atl-ejamat,ejam1238,eja,Ejamat,,Atlantic-Congo,Africa,12.3355,-16.515,true,
atl-ejuele,doka1242,dbi,Ejuele,,Atlantic-Congo,Africa,10.2287,7.96099,true,
atl-ekajuk,ekaj1238,eka,Ekajuk,,Atlantic-Congo,Africa,6.45731,8.55058,true,
atl-ekit,ekit1246,eke,Ekit,,Atlantic-Congo,Africa,4.7645,7.89222,true,
atl-ekpeye,ekpe1253,ekp,Ekpeye,,Atlantic-Congo,Africa,5.06715,6.53362,true,
atl-eleme,elem1253,elm,Eleme,,Atlantic-Congo,Africa,4.72964,7.267,true,
atl-elip,elip1238,ekm,Elip,,Atlantic-Congo,Africa,4.45694,11.193,true,
atl-emai-iuleha-ora,emai1241,ema,Emai-Iuleha-Ora,,Atlantic-Congo,Africa,7.09089,5.84494,true,
atl-eman,eman1238,emn,Eman,,Atlantic-Congo,Africa,6.22923,9.70562,true,
atl-embu,embu1241,ebu,Embu,,Atlantic-Congo,Africa,-0.62822,37.5933,true,
atl-enwan-akwa-ibom-state,enwa1245,enw,Enwan (Akwa Ibom State),,Atlantic-Congo,Africa,4.68739,8.20974,true,
atl-enwan-edo-state,enwa1246,env,Enwan (Edo State),,Atlantic-Congo,Africa,7.15316,6.07393,true,
atl-enya-kisangani,enya1247,gey,Enya-Kisangani,,Atlantic-Congo,Africa,0.56,25.15,true,
atl-epie,epie1238,epi,Epie,,Atlantic-Congo,Africa,5.00894,6.3146,true,
atl-esan,esan1238,ish,Esan,,Atlantic-Congo,Africa,6.25685,6.33917,true,
atl-esimbi,esim1238,ags,Esimbi,,Atlantic-Congo,Africa,6.50094,9.86936,true,
atl-etebi,eteb1238,etb,Etebi,,Atlantic-Congo,Africa,4.79059,7.97357,true,
atl-eten,eten1239,etx,Eten,,Atlantic-Congo,Africa,9.73073,8.61443,true,
atl-etkywan,etky1238,ich,Etkywan,,Atlantic-Congo,Africa,7.13773,10.3501,true,
atl-eton-mengisa,eton1253,eto,Eton-Mengisa,,Atlantic-Congo,Africa,4.21045,11.3935,true,
atl-etulo,etul1245,utr,Etulo,,Atlantic-Congo,Africa,7.75865,9.44447,true,
atl-evant,evan1238,bzz,Evant,,Atlantic-Congo,Africa,6.34906,9.46432,true,
atl-ewe,ewee1241,ewe,Ewe,,Atlantic-Congo,Africa,6.46061,0.814975,true,
atl-ewondo,ewon1239,ewo,Ewondo,,Atlantic-Congo,Africa,4.21141,11.93646,true,
atl-fang-cameroon,fang1248,fak,Fang (Cameroon),,Atlantic-Congo,Africa,6.54384,10.319,true,
atl-fang-equatorial-guinea,fang1246,fan,Fang (Equatorial Guinea),,Atlantic-Congo,Africa,1.723965,11.61454,true,
atl-farefare,fare1241,gur,Farefare,,Atlantic-Congo,Africa,11.0918,-0.81109,true,
atl-fe-fe,fefe1239,fmp,Fe'fe',,Atlantic-Congo,Africa,5.18158,10.1442,true,
atl-fipa,fipa1238,fip,Fipa,,Atlantic-Congo,Africa,-7.88963,31.3442,true,
atl-fon,fonn1241,fon,Fon,,Atlantic-Congo,Africa,7.15484,1.66495,true,
atl-fula,fula1264,,Fula,,Atlantic-Congo,Africa,,,false,
atl-fuliiru,fuli1240,flr,Fuliiru,,Atlantic-Congo,Africa,-3.04022,28.9865,true,
atl-fungwa,fung1245,ula,Fungwa,,Atlantic-Congo,Africa,10.5021,6.59138,true,
atl-fwe,fwee1238,fwe,Fwe,,Atlantic-Congo,Africa,-17.72372,24.43151,true,
atl-fyam,fyam1238,pym,Fyam,,Atlantic-Congo,Africa,9.59006,9.22293,true,
atl-ga,gaaa1244,gaa,Ga,,Atlantic-Congo,Africa,5.65488,-0.18598,true,
atl-gade,gade1242,ged,Gade,,Atlantic-Congo,Africa,8.71139,7.49869,true,
atl-gambian-wolof,gamb1252,wof,Gambian Wolof,,Atlantic-Congo,Africa,13.5337,-16.1544,true,
atl-gamo-ningi,gamo1241,bte,Gamo-Ningi,,Atlantic-Congo,Africa,10.9346,9.24843,true,
atl-ganang,gana1270,gne,Ganang,,Atlantic-Congo,Africa,9.93195,9.09741,true,
atl-ganda,gand1255,lug,Ganda,,Atlantic-Congo,Africa,0.66884,32.15153,true,
atl-gbagyi,gbag1258,gbr,Gbagyi,,Atlantic-Congo,Africa,9.29842,6.90495,true,
atl-gbanu,gban1260,gbv,Gbanu,,Atlantic-Congo,Africa,5.28183,17.3887,true,
atl-gbanziri-boraka,gban1258,gbg,Gbanziri-Boraka,,Atlantic-Congo,Africa,4.68467,20.2609,true,
atl-gbari,gbar1246,gby,Gbari,,Atlantic-Congo,Africa,8.46411,7.10757,true,
atl-gbaya-bossangoa,gbay1287,gbp,Gbaya-Bossangoa,,Atlantic-Congo,Africa,6.61896,17.645,true,
atl-gbaya-bozoum,gbay1286,gbq,Gbaya-Bozoum,,Atlantic-Congo,Africa,5.9879,16.4643,true,
atl-gbaya-mbodomo,gbay1281,gmm,Gbaya-Mbodomo,,Atlantic-Congo,Africa,4.800365,14.606865,true,
atl-gbayi,gbay1278,gyg,Gbayi,,Atlantic-Congo,Africa,5.57378,21.9707,true,
atl-gbiri-niragu,gbir1241,grh,Gbiri-Niragu,,Atlantic-Congo,Africa,10.3923,8.43157,true,
atl-geme,geme1244,geq,Geme,,Atlantic-Congo,Africa,8.48359,20.6611,true,
atl-gen,genn1243,gej,Gen,,Atlantic-Congo,Africa,6.25971,1.67727,true,
atl-ghomala,ghom1247,bbj,Ghomálá',,Atlantic-Congo,Africa,5.39619,10.352,true,
atl-ghotuo,ghot1243,aaa,Ghotuo,,Atlantic-Congo,Africa,7.11551,5.95663,true,
atl-gikyode,giky1238,acd,Gikyode,,Atlantic-Congo,Africa,8.39478,0.56975,true,
atl-gilima,gili1241,gix,Gilima,,Atlantic-Congo,Africa,4.5585,19.0091,true,
atl-giryama,giry1241,nyf,Giryama,,Atlantic-Congo,Africa,-3.30638,39.6648,true,
atl-gitonga,gito1238,toh,Gitonga,,Atlantic-Congo,Africa,-23.7964,35.1577,true,
atl-gobu,gobu1238,gox,Gobu,,Atlantic-Congo,Africa,5.01201,20.0194,true,
atl-gogo,gogo1263,gog,Gogo,,Atlantic-Congo,Africa,-6.35951,35.4807,true,
atl-gokana,goka1239,gkn,Gokana,,Atlantic-Congo,Africa,4.61889,7.34457,true,
atl-gola,gola1255,gol,Gola,,Atlantic-Congo,Africa,7.06193,-10.8138,true,
atl-gonja,gonj1241,gjn,Gonja,,Atlantic-Congo,Africa,8.48801,-0.72757,true,
atl-goundo,goun1238,goy,Goundo,,Atlantic-Congo,Africa,9.46683,16.255,true,
atl-gourmanchema,gour1243,gux,Gourmanchéma,,Atlantic-Congo,Africa,11.6711,1.28489,true,
atl-gua,guaa1238,gwx,Gua,,Atlantic-Congo,Africa,6.52106,0.16932,true,
atl-gun,gunn1250,guw,Gun,,Atlantic-Congo,Africa,6.48529,2.76767,true,
atl-gungu,gung1250,rub,Gungu,,Atlantic-Congo,Africa,2.06754,31.4819,true,
atl-gupa,gupa1248,gpa,Gupa,,Atlantic-Congo,Africa,8.21291,6.69128,true,
atl-gusii,gusi1247,guz,Gusii,,Atlantic-Congo,Africa,-0.78872,34.76751,true,
atl-gusilay,gusi1246,gsl,Gusilay,,Atlantic-Congo,Africa,12.7761,-16.5026,true,
atl-gwamhi-wuri,gwam1244,bga,Gwamhi-Wuri,,Atlantic-Congo,Africa,11.8081,5.07897,true,
atl-gweno,gwen1239,gwe,Gweno,,Atlantic-Congo,Africa,-3.68407,37.6827,true,
atl-gwere,gwer1238,gwr,Gwere,,Atlantic-Congo,Africa,1.11392,33.8227,true,
atl-gyele,gyel1242,gyi,Gyele,,Atlantic-Congo,Africa,2.47457,10.2493,true,
atl-gyem,gyem1238,gye,Gyem,,Atlantic-Congo,Africa,10.4109,9.23923,true,
atl-ha,haaa1252,haq,Ha,,Atlantic-Congo,Africa,-3.77873,30.4894,true,
atl-hanga,hang1258,hag,Hanga,,Atlantic-Congo,Africa,9.33929,-1.57833,true,
atl-hangaza,hang1260,han,Hangaza,,Atlantic-Congo,Africa,-2.52347,30.7074,true,
atl-hasha,hash1238,ybj,Hasha,,Atlantic-Congo,Africa,9.14063,8.66137,true,
atl-hausa-states-fulfulde,nige1253,fuv,Hausa States Fulfulde,,Atlantic-Congo,Africa,10.9972,11.1188,true,
atl-havu,havu1238,hav,Havu,,Atlantic-Congo,Africa,-1.99975,28.8624,true,
atl-haya,haya1250,hay,Haya,,Atlantic-Congo,Africa,-1.70878,31.4846,true,
atl-hehe,hehe1240,heh,Hehe,,Atlantic-Congo,Africa,-7.71572,35.7255,true,
atl-hemba-yazi,hemb1242,hem,Hemba-Yazi,,Atlantic-Congo,Africa,-7.77459,27.5913,true,
atl-herero,here1253,her,Herero,,Atlantic-Congo,Africa,-21.0231,20.5655,true,
atl-holoholo,holo1240,hoo,Holoholo,,Atlantic-Congo,Africa,-5.37545,28.3274,true,
atl-holu,holu1245,hol,Holu,,Atlantic-Congo,Africa,-8.14754,17.572,true,
atl-homa,homa1239,hom,Homa,,Atlantic-Congo,Africa,4.97912,28.0039,true,
atl-hone,hone1235,juh,Hõne,,Atlantic-Congo,Africa,9.79715,10.9206,true,
atl-horom,horo1245,hoe,Horom,,Atlantic-Congo,Africa,9.05742,8.98482,true,
atl-hun-saare,huns1239,dud,Hun-Saare,,Atlantic-Congo,Africa,10.7898,5.07312,true,
atl-hunde,hund1239,hke,Hunde,,Atlantic-Congo,Africa,-1.46762,28.9308,true,
atl-hungan,hung1278,hum,Hungan,,Atlantic-Congo,Africa,-3.69695,18.4312,true,
atl-hungworo,hung1276,nat,Hungworo,,Atlantic-Congo,Africa,10.3243,6.3024,true,
atl-hyam,hyam1245,jab,Hyam,,Atlantic-Congo,Africa,9.57832,7.95163,true,
atl-ibibio,ibib1240,ibb,Ibibio,,Atlantic-Congo,Africa,5.15279,7.86688,true,
atl-ibino,ibin1241,ibn,Ibino,,Atlantic-Congo,Africa,4.59603,8.15254,true,
atl-ibuoro,ibuo1242,ibr,Ibuoro,,Atlantic-Congo,Africa,5.49672,7.93108,true,
atl-iceve-maci,icev1238,bec,Iceve-Maci,,Atlantic-Congo,Africa,6.42426,9.50264,true,
atl-idakho-isukha-tiriki,idak1243,ida,Idakho-Isukha-Tiriki,,Atlantic-Congo,Africa,0.21557,34.817,true,
atl-idoma,idom1241,idu,Idoma,,Atlantic-Congo,Africa,7.19139,7.71261,true,
atl-ife,ifee1241,ife,Ifè,,Atlantic-Congo,Africa,7.63568,1.58494,true,
atl-igala,igal1242,igl,Igala,,Atlantic-Congo,Africa,7.34325,7.17974,true,
atl-igbo,nucl1417,ibo,Igbo,,Atlantic-Congo,Africa,4.62705,7.23441,true,
atl-igede,iged1239,ige,Igede,,Atlantic-Congo,Africa,6.95522,8.27362,true,
atl-igo,igoo1238,ahl,Igo,,Atlantic-Congo,Africa,7.25499,0.67846,true,
atl-iguta,igut1238,nar,Iguta,,Atlantic-Congo,Africa,9.98505,8.81708,true,
atl-ihanja,ihan1234,,Ihanja,,Atlantic-Congo,Africa,-9.10589,34.6563,true,
atl-ika,ikaa1238,ikk,Ika,,Atlantic-Congo,Africa,6.36423,6.31058,true,
atl-ikizu,ikiz1238,ikz,Ikizu,,Atlantic-Congo,Africa,-1.9915,34.3589,true,
atl-iko,ikoo1245,iki,Iko,,Atlantic-Congo,Africa,4.56197,7.9866,true,
atl-ikoma-nata,ikom1245,ntk,Ikoma-Nata,,Atlantic-Congo,Africa,-1.94989,34.5361,true,
atl-ikpana,logb1245,lgq,Ikpana,,Atlantic-Congo,Africa,6.92838,0.43068,true,
atl-ikpeshi,ikpe1243,ikp,Ikpeshi,,Atlantic-Congo,Africa,7.04475,6.17647,true,
atl-ikposo,ikpo1238,kpo,Ikposo,,Atlantic-Congo,Africa,7.44776,0.83312,true,
atl-ikulu,ikul1238,ikl,Ikulu,,Atlantic-Congo,Africa,10.1339,7.86684,true,
atl-ikuna,ikun1241,,Ikuna,,Atlantic-Congo,Africa,-9.13708,34.9083,true,
atl-ikwere,ikwe1242,ikw,Ikwere,,Atlantic-Congo,Africa,5.04333,6.86651,true,
atl-ila,ilaa1246,ilb,Ila,,Atlantic-Congo,Africa,-15.60807,26.45548,true,
atl-ilue,ilue1241,ilv,Ilue,,Atlantic-Congo,Africa,4.78618,8.25236,true,
atl-ilwana,ilwa1237,mlk,Ilwana,,Atlantic-Congo,Africa,-0.66322,39.793,true,
atl-imenti,imen1238,,Imenti,,Atlantic-Congo,Africa,0.26484,37.7396,true,
atl-impfondo,bonj1234,bok,Impfondo,,Atlantic-Congo,Africa,2.39823,17.6298,true,
atl-ipulo-olulu,ipul1238,ass,Ipulo-Olulu,,Atlantic-Congo,Africa,6.2918,9.64676,true,
atl-irigwe,irig1241,iri,Irigwe,,Atlantic-Congo,Africa,9.85197,8.6525,true,
atl-isanzu,isan1243,isn,Isanzu,,Atlantic-Congo,Africa,-3.99991,34.846,true,
atl-isekiri,isek1239,its,Isekiri,,Atlantic-Congo,Africa,5.81898,5.5862,true,
atl-isoko,isok1239,iso,Isoko,,Atlantic-Congo,Africa,5.52889,6.24682,true,
atl-isu-fako-division,isuf1235,szv,Isu (Fako Division),,Atlantic-Congo,Africa,3.96758,9.36535,true,
atl-isu-menchum-division,isum1240,isu,Isu (Menchum Division),,Atlantic-Congo,Africa,6.63731,9.96577,true,
atl-itambo,itam1234,,Itambo,,Atlantic-Congo,Africa,-9.36073,35.32647,true,
atl-itipula,itip1234,,Itipula,,Atlantic-Congo,Africa,-9.34988,35.21523,true,
atl-itu-mbon-uzo,itum1245,itm,Itu Mbon Uzo,,Atlantic-Congo,Africa,5.52679,7.80378,true,
atl-iyive,iyiv1238,uiv,Iyive,,Atlantic-Congo,Africa,6.50437,9.53302,true,
atl-iyongiyong,bakp1238,bbs,Iyongiyong,,Atlantic-Congo,Africa,5.26756,8.26321,true,
atl-izere,izer1241,izr,Izere,,Atlantic-Congo,Africa,9.5,8.7,true,
atl-izi,izii1239,izz,Izi,,Atlantic-Congo,Africa,6.33,8.0,true,
atl-izora,izor1238,cbo,Izora,,Atlantic-Congo,Africa,10.4735,8.76468,true,
atl-jaad-badyara,bady1239,pbp,Jaad-Badyara,,Atlantic-Congo,Africa,12.6425,-13.4759,true,
atl-janji,janj1240,jni,Janji,,Atlantic-Congo,Africa,10.1197,8.63029,true,
atl-jarawa-nigeria,jara1263,jar,Jarawa (Nigeria),,Atlantic-Congo,Africa,9.8,9.61,true,
atl-jere,jere1244,jer,Jere,,Atlantic-Congo,Africa,10.1962,8.95834,true,
atl-jibu,jibu1239,jib,Jibu,,Atlantic-Congo,Africa,7.49214,11.3086,true,
atl-jita,jita1239,jit,Jita,,Atlantic-Congo,Africa,-1.62681,33.9141,true,
atl-jju,jjuu1238,kaj,Jju,,Atlantic-Congo,Africa,9.83116,7.97167,true,
atl-joba,joba1238,job,Joba,,Atlantic-Congo,Africa,-3.45787,28.9978,true,
atl-jola-esulalu,jola1262,csk,Jola-Esulalu,,Atlantic-Congo,Africa,12.5089,-16.5539,true,
atl-jola-fonyi,jola1263,dyo,Jola-Fonyi,,Atlantic-Congo,Africa,12.75752,-15.7354766667,true,
atl-jukun-takum,juku1254,jbu,Jukun Takum,,Atlantic-Congo,Africa,7.20236,10.2576,true,
atl-kaansa,kaan1246,gna,Kaansa,,Atlantic-Congo,Africa,10.1675,-3.70994,true,
atl-kabiye,kabi1261,kbp,Kabiyé,,Atlantic-Congo,Africa,8.96816,0.495023,true,
atl-kabwa,kabw1241,cwa,Kabwa,,Atlantic-Congo,Africa,-1.7124,34.3923,true,
atl-kagoma,kago1247,kdm,Kagoma,,Atlantic-Congo,Africa,9.22607,8.18694,true,
atl-kagulu,kagu1239,kki,Kagulu,,Atlantic-Congo,Africa,-6.38204,37.0534,true,
atl-kahe,kahe1238,hka,Kahe,,Atlantic-Congo,Africa,-3.51412,37.5759,true,
atl-kajoko,kajo1240,,Kajoko,,Atlantic-Congo,Africa,11.1097,-16.1497,true,
atl-kakanda,kaka1264,kka,Kakanda,,Atlantic-Congo,Africa,8.33931,6.55923,true,
atl-kako,kako1242,kkj,Kako,,Atlantic-Congo,Africa,3.79989,15.6282,true,
atl-kalanga,kala1384,kck,Kalanga,,Atlantic-Congo,Africa,-21.2887,27.401,true,
atl-kamara,kama1357,jmr,Kamara,,Atlantic-Congo,Africa,8.93891,-2.34944,true,
atl-kamba-kenya,kamb1297,kam,Kamba (Kenya),,Atlantic-Congo,Africa,-1.60827,37.9532,true,
atl-kami-nigeria,kami1258,kmi,Kami (Nigeria),,Atlantic-Congo,Africa,8.57444,6.66088,true,
atl-kami-tanzania,kami1256,kcu,Kami (Tanzania),,Atlantic-Congo,Africa,-6.71075,37.98,true,
atl-kamona,kamo1253,,Kamona,,Atlantic-Congo,Africa,11.1097,-16.1497,true,
atl-kanamalenga,kana1293,,Kanamalenga,,Atlantic-Congo,Africa,-8.91872,34.63776,true,
atl-kande,kand1300,kbs,Kande,,Atlantic-Congo,Africa,-0.00776,11.7076,true,
atl-kango-bas-uele-district,kang1286,kty,Kango (Bas-Uélé District),,Atlantic-Congo,Africa,3.47633,24.8202,true,
atl-kango-tshopo-district,kang1285,kzy,Kango (Tshopo District),,Atlantic-Congo,Africa,1.59855,27.0186,true,
atl-kaningdon-nindem,kani1277,kdp,Kaningdon-Nindem,,Atlantic-Congo,Africa,9.525,8.37644,true,
atl-kaningi,kani1279,kzo,Kaningi,,Atlantic-Congo,Africa,-1.71316,13.6111,true,
atl-kanufi,kanu1277,kni,Kanufi,,Atlantic-Congo,Africa,9.55,8.6,true,
atl-kanyaki-kagbaaga-kajoko-bidyogo,bidy1244,bjg,Kanyaki-Kagbaaga-Kajoko Bidyogo,,Atlantic-Congo,Africa,11.1097,-16.1497,true,
atl-kanyok,kany1247,kny,Kanyok,,Atlantic-Congo,Africa,-7.31878,23.613,true,
atl-kaonde,kaon1241,kqn,Kaonde,,Atlantic-Congo,Africa,-12.4129,25.7646,true,
atl-kara-tanzania,kara1481,reg,Kara (Tanzania),,Atlantic-Congo,Africa,-1.83511,33.0488,true,
atl-karang,kara1478,kzr,Karang,,Atlantic-Congo,Africa,8.01727,15.2114,true,
atl-kare-central-african-republic,kare1338,kbn,Kare (Central African Republic),,Atlantic-Congo,Africa,7.05641,15.2207,true,
atl-karon,karo1294,krx,Karon,,Atlantic-Congo,Africa,12.9918,-16.7382,true,
atl-kasanga,kasa1248,ccj,Kasanga,,Atlantic-Congo,Africa,12.4173,-15.9413,true,
atl-kasem,kase1253,xsm,Kasem,,Atlantic-Congo,Africa,11.0824,-1.39076,true,
atl-keerak,kera1248,hhr,Keerak,,Atlantic-Congo,Africa,12.3652,-16.6857,true,
atl-kela-democratic-republic-of-congo,kela1254,kel,Kela (Democratic Republic of Congo),,Atlantic-Congo,Africa,-1.39085,24.0051,true,
atl-kele,kele1257,keb,Kélé,,Atlantic-Congo,Africa,-0.78854,10.3836,true,
atl-kele-foma,kele1255,khy,Kele-Foma,,Atlantic-Congo,Africa,0.36906,24.3098,true,
atl-kemezung,keme1240,dmo,Kemezung,,Atlantic-Congo,Africa,6.69577,10.4984,true,
atl-kendem,kend1252,kvm,Kendem,,Atlantic-Congo,Africa,5.77429,9.63201,true,
atl-keni,keni1245,,Keni,,Atlantic-Congo,Africa,-3.07772,37.5382,true,
atl-kenswei-nsei,kens1251,ndb,Kenswei Nsei,,Atlantic-Congo,Africa,6.01713,10.412,true,
atl-kenyang,keny1279,ken,Kenyang,,Atlantic-Congo,Africa,5.58288,9.55918,true,
atl-kerewe,kere1283,ked,Kerewe,,Atlantic-Congo,Africa,-2.09315,33.5326,true,
atl-kete,kete1252,kcv,Kete,,Atlantic-Congo,Africa,-7.15104,22.9027,true,
atl-kgalagadi,kgal1244,xkv,Kgalagadi,,Atlantic-Congo,Africa,-24.9208,22.72016,true,
atl-khana,khan1278,ogo,Khana,,Atlantic-Congo,Africa,4.70908,7.44363,true,
atl-kibala,bolo1261,blv,Kibala,,Atlantic-Congo,Africa,-10.3511,15.0867,true,
atl-kikuyu,kiku1240,kik,Kikuyu,,Atlantic-Congo,Africa,-0.29005,36.719,true,
atl-kim,kimm1246,kia,Kim,,Atlantic-Congo,Africa,9.79442,15.8936,true,
atl-kimbu,kimb1242,kiv,Kimbu,,Atlantic-Congo,Africa,-7.23023,33.6445,true,
atl-kimbundu,kimb1241,kmb,Kimbundu,,Atlantic-Congo,Africa,-8.97835,14.8893,true,
atl-kinga,nucl1379,zga,Kinga,,Atlantic-Congo,Africa,-9.35868,34.2321,true,
atl-kinshasa-lingala,ling1263,lin,Kinshasa Lingala,,Atlantic-Congo,Africa,-4.409174,15.28532,true,
atl-kinyarwanda,kiny1244,kin,Kinyarwanda,,Atlantic-Congo,Africa,-1.56771,29.6441,true,
atl-kiong,kion1242,kkm,Kiong,,Atlantic-Congo,Africa,5.20497,8.35234,true,
atl-kisa,kisa1263,lks,Kisa,,Atlantic-Congo,Africa,0.1529,34.5708,true,
atl-kisi,kisi1243,kiz,Kisi,,Atlantic-Congo,Africa,-9.93,34.4825,true,
atl-kituba-democratic-republic-of-congo,kitu1246,ktu,Kituba (Democratic Republic of Congo),,Atlantic-Congo,Africa,-2.29601,17.1548,true,
atl-kiwoso,bosh1240,,Kiwoso,,Atlantic-Congo,Africa,-3.29385,37.0703,true,
atl-kobiana,kobi1241,kcj,Kobiana,,Atlantic-Congo,Africa,13.5269,-14.4527,true,
atl-kohumono,kohu1244,bcs,Kohumono,,Atlantic-Congo,Africa,5.92596,7.96202,true,
atl-kol-cameroon,kolc1235,biw,Kol (Cameroon),,Atlantic-Congo,Africa,3.65994,12.8574,true,
atl-kolbila,kolb1240,klc,Kolbila,,Atlantic-Congo,Africa,8.26797,13.2707,true,
atl-kom-cameroon,komc1235,bkm,Kom (Cameroon),,Atlantic-Congo,Africa,6.2596,10.3348,true,
atl-komo-democratic-republic-of-congo,komo1260,kmw,Komo (Democratic Republic of Congo),,Atlantic-Congo,Africa,-0.76333,26.7144,true,
atl-konkomba,konk1269,xon,Konkomba,,Atlantic-Congo,Africa,9.82224,0.2783,true,
atl-konni,konn1242,kma,Konni,,Atlantic-Congo,Africa,10.2368,-1.54376,true,
atl-konzo,konz1239,koo,Konzo,,Atlantic-Congo,Africa,0.32395,29.8696,true,
atl-koonzime,koon1245,ozm,Koonzime,,Atlantic-Congo,Africa,3.25933,13.54152,true,
atl-koromfe,koro1298,kfz,Koromfé,,Atlantic-Congo,Africa,14.046,-1.96187,true,
atl-korop,koro1304,krp,Korop,,Atlantic-Congo,Africa,5.16206,8.80859,true,
atl-koshin,kosh1246,kid,Koshin,,Atlantic-Congo,Africa,6.5817,10.299,true,
atl-kota-gabon,kota1274,koq,Kota (Gabon),,Atlantic-Congo,Africa,1.016,13.97,true,
atl-koti,koti1238,eko,Koti,,Atlantic-Congo,Africa,-16.4823,39.7602,true,
atl-koyo,koyo1242,koh,Koyo,,Atlantic-Congo,Africa,-0.69688,15.7508,true,
atl-kpan,kpan1246,kpk,Kpan,,Atlantic-Congo,Africa,7.58343,10.1642,true,
atl-kpasam,kpas1242,pbn,Kpasam,,Atlantic-Congo,Africa,8.75286,11.231,true,
atl-krache,krac1238,kye,Krache,,Atlantic-Congo,Africa,7.93475,0.01925,true,
atl-krobu,krob1245,kxb,Krobu,,Atlantic-Congo,Africa,5.86161,-4.47739,true,
atl-kuanyama,kuan1247,kua,Kuanyama,,Atlantic-Congo,Africa,-17.7176,16.58,true,
atl-kudu-camo,kudu1241,kov,Kudu-Camo,,Atlantic-Congo,Africa,11.0819,9.07725,true,
atl-kugbo,kugb1241,kes,Kugbo,,Atlantic-Congo,Africa,4.72951,6.56333,true,
atl-kugere-kuxinge,bayo1255,bda,Kugere-Kuxinge,,Atlantic-Congo,Africa,12.6881,-16.3947,true,
atl-kukele,kuke1242,kez,Kukele,,Atlantic-Congo,Africa,6.70286,8.39343,true,
atl-kulung-nigeria,kulu1255,bbu,Kulung (Nigeria),,Atlantic-Congo,Africa,9.20815,11.04651,true,
atl-kunyi,kuny1238,njx,Kunyi,,Atlantic-Congo,Africa,-3.69702,12.5197,true,
atl-kuo,kuoo1238,xuo,Kuo,,Atlantic-Congo,Africa,7.97771,15.4843,true,
atl-kupa,kupa1238,kug,Kupa,,Atlantic-Congo,Africa,8.48437,6.35806,true,
atl-kurama,kura1249,krh,Kurama,,Atlantic-Congo,Africa,10.4766,7.93507,true,
atl-kuria,kuri1259,kuj,Kuria,,Atlantic-Congo,Africa,-1.50636,34.5049,true,
atl-kusaal,kusa1250,kus,Kusaal,,Atlantic-Congo,Africa,10.9703,-0.38756,true,
atl-kusu,kusu1252,ksv,Kusu,,Atlantic-Congo,Africa,-3.61459,25.2923,true,
atl-kutep,kute1248,kub,Kutep,,Atlantic-Congo,Africa,7.07479,10.0916,true,
atl-kutu,kutu1263,kdc,Kutu,,Atlantic-Congo,Africa,-7.23789,37.8623,true,
atl-kuturmi,kutu1262,khj,Kuturmi,,Atlantic-Congo,Africa,10.1485,7.96524,true,
atl-kuwaataay,kuwa1246,cwt,Kuwaataay,,Atlantic-Congo,Africa,12.48255,-16.74835,true,
atl-kwa-south,ibal1241,tek,Kwa South,,Atlantic-Congo,Africa,-4.20697,15.3893,true,
atl-kwakum,kwak1266,kwu,Kwakum,,Atlantic-Congo,Africa,4.34393,13.6446,true,
atl-kwambi,kwam1251,kwm,Kwambi,,Atlantic-Congo,Africa,-18.0339,15.7294,true,
atl-kwangali,kwan1273,kwn,Kwangali,,Atlantic-Congo,Africa,-17.9026,19.256,true,
atl-kwanja,kwan1276,knp,Kwanja,,Atlantic-Congo,Africa,6.30293,11.6931,true,
atl-kwasio,kwas1243,nmg,Kwasio,,Atlantic-Congo,Africa,2.39354,10.0812,true,
atl-kwaya,kway1241,kya,Kwaya,,Atlantic-Congo,Africa,-1.80737,33.71,true,
atl-kwere,kwer1261,cwe,Kwere,,Atlantic-Congo,Africa,-6.50666,38.4449,true,
atl-kwese,kwes1244,kws,Kwese,,Atlantic-Congo,Africa,-5.60445,18.5759,true,
atl-kyak,kyak1243,bka,Kyak,,Atlantic-Congo,Africa,9.51524,11.2785,true,
atl-kyoli,cori1240,cry,Kyoli,,Atlantic-Congo,Africa,9.59,8.06,true,
atl-laari,laar1238,ldi,Laari,,Atlantic-Congo,Africa,-4.25,14.9,true,
atl-labir,labi1245,jku,Labir,,Atlantic-Congo,Africa,10.4847,9.59527,true,
atl-laimbue,laim1240,lmx,Laimbue,,Atlantic-Congo,Africa,6.28158,10.1427,true,
atl-lala-bisa,lala1264,leb,Lala-Bisa,,Atlantic-Congo,Africa,-12.945,30.2297,true,
atl-lala-roba,lala1261,lla,Lala-Roba,,Atlantic-Congo,Africa,9.89429,12.169,true,
atl-lama-togo,lama1275,las,Lama (Togo),,Atlantic-Congo,Africa,8.66954,0.833293,true,
atl-lamba,lamb1271,lam,Lamba,,Atlantic-Congo,Africa,-12.3366,27.9026,true,
atl-lambya,lamb1272,lai,Lambya,,Atlantic-Congo,Africa,-9.49372,33.15852,true,
atl-lame,lame1257,bma,Lame,,Atlantic-Congo,Africa,10.7229,8.78768,true,
atl-lamnso,lamn1239,lns,Lamnso',,Atlantic-Congo,Africa,6.19194,10.84295,true,
atl-landoma,land1256,ldm,Landoma,,Atlantic-Congo,Africa,10.8753,-14.0895,true,
atl-langbashe,lang1318,lna,Langbashe,,Atlantic-Congo,Africa,4.87523,20.109,true,
atl-langi,lang1320,lag,Langi,,Atlantic-Congo,Africa,-4.71413,35.9517,true,
atl-larteh,lart1238,lar,Larteh,,Atlantic-Congo,Africa,5.9367,-0.07822,true,
atl-laru-nigeria,laru1238,lan,Laru (Nigeria),,Atlantic-Congo,Africa,10.5756,4.43514,true,
atl-latege,teke1275,teg,Latege,,Atlantic-Congo,Africa,-1.61688,14.8664,true,
atl-leelau,leel1242,ldk,Leelau,,Atlantic-Congo,Africa,9.29145,11.1636,true,
atl-lefa,lefa1242,lfa,Lefa,,Atlantic-Congo,Africa,5.05845,11.114,true,
atl-lega-mwenga,lega1250,lgm,Lega-Mwenga,,Atlantic-Congo,Africa,-3.39007,28.2621,true,
atl-lega-shabunda,lega1249,lea,Lega-Shabunda,,Atlantic-Congo,Africa,-3.83196,27.1424,true,
atl-legbo,legb1242,agb,Legbo,,Atlantic-Congo,Africa,6.02645,7.98385,true,
atl-lehar,leha1242,cae,Lehar,,Atlantic-Congo,Africa,14.9387,-16.8816,true,
atl-lele-democratic-republic-of-congo,lele1265,lel,Lele (Democratic Republic of Congo),,Atlantic-Congo,Africa,-4.94672,20.5674,true,
atl-lelemi,lele1264,lef,Lelemi,,Atlantic-Congo,Africa,7.34549,0.50746,true,
atl-lema,lema1242,,Lema,,Atlantic-Congo,Africa,-3.42531,37.5847,true,
atl-lengola,leng1258,lej,Lengola,,Atlantic-Congo,Africa,-1.95874,25.3343,true,
atl-lenje,lenj1248,leh,Lenje,,Atlantic-Congo,Africa,-14.7192,28.2581,true,
atl-lenyima,leny1238,ldg,Lenyima,,Atlantic-Congo,Africa,6.00131,8.28951,true,
atl-lere,lere1241,gnh,Lere,,Atlantic-Congo,Africa,10.4789,8.93337,true,
atl-leti-cameroon,leti1245,leo,Leti (Cameroon),,Atlantic-Congo,Africa,4.57457,11.405,true,
atl-leyigha,leyi1238,ayi,Leyigha,,Atlantic-Congo,Africa,5.98832,8.20861,true,
atl-libinza,libi1244,liz,Libinza,,Atlantic-Congo,Africa,1.97729,18.8886,true,
atl-lijili,liji1238,mgi,Lijili,,Atlantic-Congo,Africa,8.52193,8.35562,true,
atl-liko,lika1243,lik,Liko,,Atlantic-Congo,Africa,2.13777,27.6088,true,
atl-limbum,limb1268,lmp,Limbum,,Atlantic-Congo,Africa,6.49888,10.78224,true,
atl-liwengi,liwe1234,,Liwengi,,Atlantic-Congo,Africa,-9.58491,35.12116,true,
atl-lobala,loba1239,loq,Lobala,,Atlantic-Congo,Africa,2.04881,18.3667,true,
atl-lobi,lobi1245,lob,Lobi,,Atlantic-Congo,Africa,9.96122,-3.336,true,
atl-logooli,logo1258,rag,Logooli,,Atlantic-Congo,Africa,0.09487,34.729,true,
atl-loi-likila,balo1261,biz,Loi-Likila,,Atlantic-Congo,Africa,0.93777,18.1266,true,
atl-lokaa,loka1252,yaz,Lokaa,,Atlantic-Congo,Africa,5.91483,8.0933,true,
atl-lolo,lolo1261,llb,Lolo,,Atlantic-Congo,Africa,-17.0232,35.9451,true,
atl-loma-cote-d-ivoire,loma1258,loi,Loma (Côte d'Ivoire),,Atlantic-Congo,Africa,9.40172,-3.47051,true,
atl-lombo,lomb1260,loo,Lombo,,Atlantic-Congo,Africa,0.88267,24.6862,true,
atl-longto,long1387,wok,Longto,,Atlantic-Congo,Africa,8.33313,13.0568,true,
atl-loo,looo1238,ldo,Loo,,Atlantic-Congo,Africa,9.4066,11.0511,true,
atl-lopa,lopa1238,lop,Lopa,,Atlantic-Congo,Africa,10.3756,4.67396,true,
atl-lozi,lozi1239,loz,Lozi,,Atlantic-Congo,Africa,-17.7052,24.7398,true,
atl-luba-katanga,luba1250,lub,Luba-Katanga,,Atlantic-Congo,Africa,-8.2816,25.8918,true,
atl-luba-lulua,luba1249,lua,Luba-Lulua,,Atlantic-Congo,Africa,-5.72717,22.4422,true,
atl-lubila,lubi1238,kcc,Lubila,,Atlantic-Congo,Africa,5.46011,8.29204,true,
atl-lucumi,lucu1238,luq,Lucumi,,Atlantic-Congo,North America,22.9514,-82.441,true,
atl-lufu,lufu1237,ldq,Lufu,,Atlantic-Congo,Africa,7.25555,10.9499,true,
atl-luguru,lugu1238,ruf,Luguru,,Atlantic-Congo,Africa,-6.86828,37.5557,true,
atl-lukpa,lukp1238,dop,Lukpa,,Atlantic-Congo,Africa,9.51949,1.66954,true,
atl-lumbu,lumb1249,lup,Lumbu,,Atlantic-Congo,Africa,-3.37917,11.124,true,
atl-lunda,lund1266,lun,Lunda,,Atlantic-Congo,Africa,-11.1793,23.8662,true,
atl-lusengo,luse1252,lse,Lusengo,,Atlantic-Congo,Africa,0.16988,18.3991,true,
atl-luvale,luva1239,lue,Luvale,,Atlantic-Congo,Africa,-13.5382,22.2924,true,
atl-luyi,luya1241,lyn,Luyi,,Atlantic-Congo,Africa,-15.01,22.67,true,
atl-lwalu,lwal1238,lwa,Lwalu,,Atlantic-Congo,Africa,-7.16388,22.1097,true,
atl-lwanzali,lwan1234,,Lwanzali,,Atlantic-Congo,Africa,-9.3404,35.27635,true,
atl-lwel,lwel1234,lvl,Lwel,,Atlantic-Congo,Africa,-4.38475,20.6314,true,
atl-ma-democratic-republic-of-congo,made1252,msj,Ma (Democratic Republic of Congo),,Atlantic-Congo,Africa,3.69351,26.9939,true,
atl-maasina-fulfulde,maas1239,ffm,Maasina Fulfulde,,Atlantic-Congo,Africa,11.1324,-3.64763,true,
atl-mabaale,maba1270,mmz,Mabaale,,Atlantic-Congo,Africa,2.11942,20.8759,true,
atl-machame,mach1266,jmc,Machame,,Atlantic-Congo,Africa,-3.29385,37.0703,true,
atl-mada-nigeria,mada1282,mda,Mada (Nigeria),,Atlantic-Congo,Africa,9.02294,8.34119,true,
atl-maghdi,magh1238,gmd,Mághdì,,Atlantic-Congo,Africa,9.2888,11.0232,true,
atl-mahongwe,maho1248,mhb,Mahongwe,,Atlantic-Congo,Africa,0.64356,14.0472,true,
atl-mak-nigeria,makn1235,pbl,Mak (Nigeria),,Atlantic-Congo,Africa,9.37299,11.1337,true,
atl-makaa,maka1304,mcp,Makaa,,Atlantic-Congo,Africa,4.15471,13.0789,true,
atl-makanjaula,maka1325,,Makanjaula,,Atlantic-Congo,Africa,-9.52396,34.79638,true,
atl-makhuwa,makh1264,vmw,Makhuwa,,Atlantic-Congo,Africa,-14.8509,38.8052,true,
atl-makhuwa-meetto,makh1261,mgh,Makhuwa-Meetto,,Atlantic-Congo,Africa,-11.9553,38.6874,true,
atl-makhuwa-shirima,makh1260,vmk,Makhuwa-Shirima,,Atlantic-Congo,Africa,-14.251,36.5249,true,
atl-makonde,mako1251,kde,Makonde,,Atlantic-Congo,Africa,-10.9906,39.5133,true,
atl-malawi-lomwe,mala1256,lon,Malawi Lomwe,,Atlantic-Congo,Africa,-15.56729,35.43347,true,
atl-malila,mali1279,mgq,Malila,,Atlantic-Congo,Africa,-9.16619,33.339,true,
atl-malimba,mali1280,mzd,Malimba,,Atlantic-Congo,Africa,3.67696,9.67186,true,
atl-mama,mama1272,mma,Mama,,Atlantic-Congo,Africa,8.8062,8.78601,true,
atl-mamara-senoufo,mama1271,myk,Mamara Senoufo,,Atlantic-Congo,Africa,12.4871,-5.28245,true,
atl-mamba,mamb1298,,Mamba,,Atlantic-Congo,Africa,-3.42531,37.5847,true,
atl-mambai,mamb1294,mcs,Mambai,,Atlantic-Congo,Africa,9.6121,14.0013,true,
atl-mambwe,mamb1297,,Mambwe,,Atlantic-Congo,Africa,-8.86817,31.2269,true,
atl-mambwe-lungu,mamb1296,mgr,Mambwe-Lungu,,Atlantic-Congo,Africa,-8.86817,31.2269,true,
atl-mampruli,mamp1244,maw,Mampruli,,Atlantic-Congo,Africa,10.3884,-0.74675,true,
atl-manda-matumba,mand1423,mgs,Manda-Matumba,,Atlantic-Congo,Africa,-10.3991,34.7424,true,
atl-mandjak,mand1419,mfv,Mandjak,,Atlantic-Congo,Africa,12.829,-15.9217,true,
atl-mankanya,mank1251,knf,Mankanya,,Atlantic-Congo,Africa,12.2615066667,-15.74389,true,
atl-mansoanka,mans1259,msw,Mansoanka,,Atlantic-Congo,Africa,12.8218,-15.9202,true,
atl-manta,mant1267,myg,Manta,,Atlantic-Congo,Africa,6.0213,9.59489,true,
atl-manyawa,many1259,mny,Manyawa,,Atlantic-Congo,Africa,-16.4963,36.8459,true,
atl-manyika,many1258,mxc,Manyika,,Atlantic-Congo,Africa,-18.1927,32.8052,true,
atl-manza,manz1243,mzv,Manza,,Atlantic-Congo,Africa,6.51218,18.7935,true,
atl-maore-comorian,maor1244,swb,Maore Comorian,,Atlantic-Congo,Africa,-12.830306,45.154942,true,
atl-marama,mara1392,lrm,Marama,,Atlantic-Congo,Africa,0.19,34.49,true,
atl-masaaba,masa1299,myx,Masaaba,,Atlantic-Congo,Africa,1.05906,34.2829,true,
atl-masaku,masa1295,,Masaku,,Atlantic-Congo,Africa,-1.60827,37.9532,true,
atl-mashi-nigeria,mash1269,jms,Mashi (Nigeria),,Atlantic-Congo,Africa,6.91719,10.2778,true,
atl-mashi-zambia,mash1267,mho,Mashi (Zambia),,Atlantic-Congo,Africa,-16.7256,22.5983,true,
atl-matengo,mate1258,mgv,Matengo,,Atlantic-Congo,Africa,-11.554,35.0056,true,
atl-matumbi,matu1259,mgw,Matumbi,,Atlantic-Congo,Africa,-8.53734,39.0409,true,
atl-maxi-gbe,maxi1236,mxl,Maxi Gbe,,Atlantic-Congo,Africa,7.57292,1.78181,true,
atl-mayogo,mayo1261,mdm,Mayogo,,Atlantic-Congo,Africa,2.79827,27.8282,true,
atl-mba,mbaa1245,mfc,Mba,,Atlantic-Congo,Africa,1.06885,25.143,true,
atl-mbala,mbal1257,mdp,Mbala,,Atlantic-Congo,Africa,-5.11888,18.041,true,
atl-mbandja,mban1263,zmz,Mbandja,,Atlantic-Congo,Africa,3.98003,19.4455,true,
atl-mbangala,mban1264,mxg,Mbangala,,Atlantic-Congo,Africa,-9.15592,17.4086,true,
atl-mbangwe,mban1268,zmn,Mbangwe,,Atlantic-Congo,Africa,-2.28729,13.5956,true,
atl-mbati,mbat1248,mdn,Mbati,,Atlantic-Congo,Africa,3.94184,17.7529,true,
atl-mbato,mbat1247,gwa,Mbato,,Atlantic-Congo,Africa,5.34421,-3.70421,true,
atl-mbe,mbee1249,mfo,Mbe,,Atlantic-Congo,Africa,6.57067,8.82998,true,
atl-mbelime,mbel1240,mql,Mbelime,,Atlantic-Congo,Africa,10.4532,0.95645,true,
atl-mbere-mbamba,mber1257,mdt,Mbere-Mbamba,,Atlantic-Congo,Africa,-0.477445,14.2877,true,
atl-mbesa,mbes1238,zms,Mbesa,,Atlantic-Congo,Africa,1.6207,22.8389,true,
atl-mbo-cameroon,mboc1235,mbo,Mbo (Cameroon),,Atlantic-Congo,Africa,5.13981,9.92766,true,
atl-mbo-democratic-republic-of-congo,mbod1238,zmw,Mbo (Democratic Republic of Congo),,Atlantic-Congo,Africa,1.11602,28.018,true,
atl-mboko,mbok1243,mdu,Mboko,,Atlantic-Congo,Africa,0.43541,14.7935,true,
atl-mbole,mbol1247,mdq,Mbole,,Atlantic-Congo,Africa,-0.57181,24.0443,true,
atl-mbosi,mbos1242,mdw,Mbosi,,Atlantic-Congo,Africa,-1.23019,15.5322,true,
atl-mbre,mbre1244,mka,Mbre,,Atlantic-Congo,Africa,8.20929,-5.72944,true,
atl-mbugu,mbug1240,mhd,Mbugu,,Atlantic-Congo,Africa,-4.72863,38.3519,true,
atl-mbugwe,mbug1242,mgz,Mbugwe,,Atlantic-Congo,Africa,-3.75763,35.8133,true,
atl-mbukushu,mbuk1240,mhw,Mbukushu,,Atlantic-Congo,Africa,-17.6827,22.5026,true,
atl-mbula-bwazza,mbul1260,mbu,Mbula-Bwazza,,Atlantic-Congo,Africa,9.60769,12.2439,true,
atl-mbule,mbul1262,mlb,Mbule,,Atlantic-Congo,Africa,4.50635,10.9924,true,
atl-mbum,mbum1254,mdd,Mbum,,Atlantic-Congo,Africa,7.5789,14.2722,true,
atl-mbunda,mbun1249,mck,Mbunda,,Atlantic-Congo,Africa,-14.603,21.9768,true,
atl-mbunga,mbun1248,mgy,Mbunga,,Atlantic-Congo,Africa,-8.19661,36.5362,true,
atl-mbuun,mpuo1241,zmp,Mbuun,,Atlantic-Congo,Africa,-5.21134,19.4269,true,
atl-medumba,medu1238,byv,Medumba,,Atlantic-Congo,Africa,5.10901,10.6118,true,
atl-menchum,befa1241,bby,Menchum,,Atlantic-Congo,Africa,6.27562,10.0342,true,
atl-mendankwe-nkwen,mend1261,mfd,Mendankwe-Nkwen,,Atlantic-Congo,Africa,6.00034,10.2307,true,
atl-mengaka,meng1264,xmg,Mengaka,,Atlantic-Congo,Africa,5.71399,10.3377,true,
atl-mengisa,meng1263,mct,Mengisa,,Atlantic-Congo,Africa,4.5932,11.3947,true,
atl-menka,menk1238,mea,Menka,,Atlantic-Congo,Africa,5.94639,9.69161,true,
atl-meru,meru1245,mer,Meru,,Atlantic-Congo,Africa,0.26484,37.7396,true,
atl-meta,meta1238,mgo,Meta',,Atlantic-Congo,Africa,5.88942,9.87416,true,
atl-mfinu,mfin1238,zmf,Mfinu,,Atlantic-Congo,Africa,-4.26573,16.2559,true,
atl-mid-southern-banda,mids1243,bjo,Mid-Southern Banda,,Atlantic-Congo,Africa,5.87893,22.4666,true,
atl-mingang-doso,ming1254,mko,Mingang Doso,,Atlantic-Congo,Africa,9.25942,11.295,true,
atl-mituku,mitu1240,zmq,Mituku,,Atlantic-Congo,Africa,-1.57031,25.104,true,
atl-miyobe,miyo1238,soy,Miyobe,,Atlantic-Congo,Africa,9.94366,1.33302,true,
atl-mkuu,mkuu1238,,Mkuu,,Atlantic-Congo,Africa,-3.07772,37.5382,true,
atl-mlomp,mlom1238,mlo,Mlomp,,Atlantic-Congo,Africa,12.8318,-16.5383,true,
atl-mmaala,mmaa1238,mmu,Mmaala,,Atlantic-Congo,Africa,4.52188,11.0599,true,
atl-mmen,mmen1238,bfm,Mmen,,Atlantic-Congo,Africa,6.43213,10.2541,true,
atl-moba,moba1244,mfq,Moba,,Atlantic-Congo,Africa,10.9496,0.159565,true,
atl-mochi,moch1256,old,Mochi,,Atlantic-Congo,Africa,-3.33743,37.3357,true,
atl-mokpwe,mokp1239,bri,Mokpwe,,Atlantic-Congo,Africa,4.24178,9.23887,true,
atl-mom-jango,momj1237,ver,Mom Jango,,Atlantic-Congo,Africa,8.8658,12.7473,true,
atl-mongo,mong1338,lol,Mongo,,Atlantic-Congo,Africa,-1.54228,20.4259,true,
atl-mono-cameroon,mono1269,mru,Mono (Cameroon),,Atlantic-Congo,Africa,8.78372,14.2254,true,
atl-mono-democratic-republic-of-congo,mono1270,mnh,Mono (Democratic Republic of Congo),,Atlantic-Congo,Africa,4.57915,19.8264,true,
atl-monzombo,monz1249,moj,Monzombo,,Atlantic-Congo,Africa,3.19008,18.5129,true,
atl-moo,mooo1239,gwg,Moo,,Atlantic-Congo,Africa,9.44081,11.204,true,
atl-mossi,moss1236,mos,Mossi,,Atlantic-Congo,Africa,11.95,-1.32,true,
atl-mozambique-lomwe,lomw1241,ngl,Mozambique Lomwe,,Atlantic-Congo,Africa,-16.0381,37.2437,true,
atl-mpama,mpam1239,,Mpama,,Atlantic-Congo,Africa,-0.739203,17.685662,true,
atl-mpiemo,mpie1238,mcx,Mpiemo,,Atlantic-Congo,Africa,3.45776,15.5246,true,
atl-mpongmpong,mpon1254,mgg,Mpongmpong,,Atlantic-Congo,Africa,3.14015,14.866,true,
atl-mpoto,mpot1240,mpa,Mpoto,,Atlantic-Congo,Africa,-11.13767,34.71269,true,
atl-mumuye,nucl1240,mzm,Mumuye,,Atlantic-Congo,Africa,8.90347,11.71545,true,
atl-mundabli-mufu,mund1328,boe,Mundabli-Mufu,,Atlantic-Congo,Africa,6.59969,10.2704,true,
atl-mundang,mund1325,mua,Mundang,,Atlantic-Congo,Africa,9.83195,14.4751,true,
atl-mundani,mund1327,mnf,Mundani,,Atlantic-Congo,Africa,5.68073,9.91533,true,
atl-mundu,mund1326,muh,Mündü,,Atlantic-Congo,Africa,4.22755,29.9967,true,
atl-mungaka,mung1266,mhk,Mungaka,,Atlantic-Congo,Africa,5.89752,10.0294,true,
atl-mungbam,abar1238,mij,Mungbam,,Atlantic-Congo,Africa,6.5805,10.2267,true,
atl-musukotwani,musu1242,,Musukotwani,,Atlantic-Congo,Africa,-18.37,26.502,true,
atl-mwali-comorian,mwal1237,wlc,Mwali Comorian,,Atlantic-Congo,Africa,-12.3164,43.741,true,
atl-mwani,mwan1247,wmw,Mwani,,Atlantic-Congo,Africa,-12.5821,40.4601,true,
atl-mwera-chimwera,mwer1248,mwe,Mwera (Chimwera),,Atlantic-Congo,Africa,-9.75639,38.8762,true,
atl-mwesa,mwes1234,,Mwesa,,Atlantic-Congo,Africa,0.086134,13.30037,true,
atl-mwimbi-muthambi,mwim1241,mws,Mwimbi-Muthambi,,Atlantic-Congo,Africa,-0.11968,37.5939,true,
atl-myene,myen1241,mye,Myene,,Atlantic-Congo,Africa,-1.48741,9.50247,true,
atl-nafanan,nafa1258,nfr,Nafanan,,Atlantic-Congo,Africa,8.00522,-2.51001,true,
atl-naki,naki1238,mff,Naki,,Atlantic-Congo,Africa,6.62784,10.2378,true,
atl-nalu,nalu1240,naj,Nalu,,Atlantic-Congo,Africa,11.0397,-14.8188,true,
atl-nambya,namb1291,nmq,Nambya,,Atlantic-Congo,Africa,-19.0899,26.0394,true,
atl-nande,nand1264,nnb,Nande,,Atlantic-Congo,Africa,-0.24904,29.0243,true,
atl-nanerige-senoufo,nane1238,sen,Nanerigé Sénoufo,,Atlantic-Congo,Africa,11.7548,-4.92148,true,
atl-nateni,nate1242,ntm,Nateni,,Atlantic-Congo,Africa,10.5191,1.21879,true,
atl-natioro,nati1243,nti,Natioro,,Atlantic-Congo,Africa,10.7176,-5.19517,true,
atl-nawdm,nawd1238,nmz,Nawdm,,Atlantic-Congo,Africa,7.17037,0.58553,true,
atl-nawuri,nawu1242,naw,Nawuri,,Atlantic-Congo,Africa,8.45116,0.04947,true,
atl-ncane-mungong,ncan1245,ncr,Ncane-Mungong,,Atlantic-Congo,Africa,6.50696,10.5312,true,
atl-nda-nda,ndan1241,nnz,Nda'nda',,Atlantic-Congo,Africa,5.14715,10.3942,true,
atl-ndai,ndai1238,gke,Ndai,,Atlantic-Congo,Africa,8.09039,14.2888,true,
atl-ndaka,ndak1241,ndk,Ndaka,,Atlantic-Congo,Africa,1.53341,27.9693,true,
atl-ndaktup,ndak1242,ncp,Ndaktup,,Atlantic-Congo,Africa,6.7,11.03,true,
atl-ndali,ndal1241,ndh,Ndali,,Atlantic-Congo,Africa,-9.88948,33.6118,true,
atl-ndamba,ndam1239,ndj,Ndamba,,Atlantic-Congo,Africa,-8.40485,36.0271,true,
atl-ndambomo,ndam1254,nxo,Ndambomo,,Atlantic-Congo,Africa,-0.82,12.77,true,
atl-ndasa,ndas1238,nda,Ndasa,,Atlantic-Congo,Africa,-2.449015,13.369465,true,
atl-ndau,ndau1241,ndc,Ndau,,Atlantic-Congo,Africa,-20.1239,33.1739,true,
atl-nde,ndee1242,,Nde,,Atlantic-Congo,Africa,6.17426,8.49836,true,
atl-nde-nsele-nta,nden1250,ndd,Nde-Nsele-Nta,,Atlantic-Congo,Africa,6.17426,8.49836,true,
atl-ndemli,ndem1249,nml,Ndemli,,Atlantic-Congo,Africa,4.58061,10.2197,true,
atl-ndendeule,nden1249,dne,Ndendeule,,Atlantic-Congo,Africa,-10.4203,36.0105,true,
atl-ndengereko,nden1248,ndg,Ndengereko,,Atlantic-Congo,Africa,-7.54628,38.958,true,
atl-ndoe,ndoe1238,nbb,Ndoe,,Atlantic-Congo,Africa,6.08134,8.69131,true,
atl-ndogo,ndog1248,ndz,Ndogo,,Atlantic-Congo,Africa,7.73028,27.5588,true,
atl-ndolo,ndol1238,ndl,Ndolo,,Atlantic-Congo,Africa,2.15101,19.4087,true,
atl-ndonga,ndon1254,ndo,Ndonga,,Atlantic-Congo,Africa,-17.22,17.35,true,
atl-ndumu,ndum1239,nmd,Ndumu,,Atlantic-Congo,Africa,-1.67033,13.7279,true,
atl-ndunga,ndun1249,ndt,Ndunga,,Atlantic-Congo,Africa,2.3886,21.5755,true,
atl-ndunic,ahwa1235,nfd,Ndunic,,Atlantic-Congo,Africa,9.17635,8.56205,true,
atl-ndut,ndut1239,ndv,Ndut,,Atlantic-Congo,Africa,14.925,-16.9811,true,
atl-ndzwani-comorian,ndzw1235,wni,Ndzwani Comorian,,Atlantic-Congo,Africa,-12.2123,44.3709,true,
atl-ngamambo,ngam1267,nbv,Ngamambo,,Atlantic-Congo,Africa,5.87975,10.0779,true,
atl-ngando-central-african-republic,ngan1304,ngd,Ngando (Central African Republic),,Atlantic-Congo,Africa,3.71666,17.6499,true,
atl-ngazidja-comorian,ngaz1238,zdj,Ngazidja Comorian,,Atlantic-Congo,Africa,-11.6129,43.36,true,
atl-ngbaka-ma-bo,ngba1284,nbm,Ngbaka Ma'bo,,Atlantic-Congo,Africa,4.0,18.12,true,
atl-ngbaka-manza,ngba1287,ngg,Ngbaka Manza,,Atlantic-Congo,Africa,5.30167,18.4119,true,
atl-ngbaka-minagende,ngba1285,nga,Ngbaka Minagende,,Atlantic-Congo,Africa,2.98887,18.994,true,
atl-ngbinda-mayeka,ngbi1238,nbd,Ngbinda-Mayeka,,Atlantic-Congo,Africa,3.27251,23.5669,true,
atl-ngbundu,ngbu1241,nuu,Ngbundu,,Atlantic-Congo,Africa,3.82245,18.7183,true,
atl-ngelima,ngel1238,agh,Ngelima,,Atlantic-Congo,Africa,1.81314,24.8754,true,
atl-ngemba,ngem1255,nge,Ngemba,,Atlantic-Congo,Africa,5.97864,10.1469,true,
atl-ngie,ngie1242,ngj,Ngie,,Atlantic-Congo,Africa,5.93852,9.79389,true,
atl-ngiemboon,ngie1241,nnh,Ngiemboon,,Atlantic-Congo,Africa,5.56777,10.1266,true,
atl-ngindo,ngin1244,nnq,Ngindo,,Atlantic-Congo,Africa,-9.78145,37.9832,true,
atl-ngom,ngom1270,nra,Ngom,,Atlantic-Congo,Africa,0.882925,14.1345,true,
atl-ngomba,ngom1272,jgo,Ngomba,,Atlantic-Congo,Africa,5.63067,10.237,true,
atl-ngombe-bangandu,bang1347,bgf,Ngombe-Bangandu,,Atlantic-Congo,Africa,2.18716,14.7506,true,
atl-ngombe-democratic-republic-of-congo,ngom1268,ngc,Ngombe (Democratic Republic of Congo),,Atlantic-Congo,Africa,1.45357,20.14148,true,
atl-ngongo,ngon1267,noq,Ngongo,,Atlantic-Congo,Africa,-5.5,18.2,true,
atl-ngoreme,ngur1263,ngq,Ngoreme,,Atlantic-Congo,Africa,-1.8485,34.6173,true,
atl-ngoshie,ngos1238,nsh,Ngoshie,,Atlantic-Congo,Africa,6.04616,9.83193,true,
atl-ngubi,ngub1239,,Ngubi,,Atlantic-Congo,Africa,-3.433411,10.768112,true,
atl-ngulu,ngul1246,ngp,Ngulu,,Atlantic-Congo,Africa,-5.79734,37.6823,true,
atl-ngundi,ngun1270,ndn,Ngundi,,Atlantic-Congo,Africa,3.02108,16.21457,true,
atl-ngundu,ngun1266,nue,Ngundu,,Atlantic-Congo,Africa,4.88628,20.4218,true,
atl-ngwe,ngwe1238,nwe,Ngwe,,Atlantic-Congo,Africa,5.49787,9.9028,true,
atl-ngwii,ngul1247,nlo,Ngwii,,Atlantic-Congo,Africa,-4.09816,19.5129,true,
atl-ngwo,ngwo1241,ngn,Ngwo,,Atlantic-Congo,Africa,6.17739,9.84369,true,
atl-nilamba,nila1242,nim,Nilamba,,Atlantic-Congo,Africa,-4.50002,34.3068,true,
atl-ningye,ning1271,nns,Ningye,,Atlantic-Congo,Africa,9.29341,8.43562,true,
atl-ninzo,ninz1246,nin,Ninzo,,Atlantic-Congo,Africa,8.95791,8.47328,true,
atl-nizaa,suga1248,sgi,Nizaa,,Atlantic-Congo,Africa,7.12906,12.3779,true,
atl-njebi,njeb1242,nzb,Njebi,,Atlantic-Congo,Africa,-2.18115,12.7063,true,
atl-njen,njen1238,njj,Njen,,Atlantic-Congo,Africa,5.75169,9.90439,true,
atl-njerep,njer1242,njr,Njerep,,Atlantic-Congo,Africa,6.82183,11.521,true,
atl-njyem,njye1238,njy,Njyem,,Atlantic-Congo,Africa,2.30483,14.1175,true,
atl-nkari,nkar1238,nkz,Nkari,,Atlantic-Congo,Africa,5.43898,7.76345,true,
atl-nkem-nkum,nkem1242,isi,Nkem-Nkum,,Atlantic-Congo,Africa,6.59158,8.68668,true,
atl-nkhumbi,nkhu1238,khu,Nkhumbi,,Atlantic-Congo,Africa,-15.4126,13.9704,true,
atl-nkongho,nkon1247,nkc,Nkongho,,Atlantic-Congo,Africa,5.33848,9.80096,true,
atl-nkonya,nkon1248,nko,Nkonya,,Atlantic-Congo,Africa,7.20316,0.3209,true,
atl-nkoya,nkoy1244,nka,Nkoya,,Atlantic-Congo,Africa,-14.8513,24.7649,true,
atl-nkukoli,nkuk1238,nbo,Nkukoli,,Atlantic-Congo,Africa,5.7562,8.28051,true,
atl-nkutu,nkut1238,nkw,Nkutu,,Atlantic-Congo,Africa,-3.67432,22.6802,true,
atl-nnam,nnam1238,nbp,Nnam,,Atlantic-Congo,Africa,6.31319,8.48975,true,
atl-nomaande,noma1260,lem,Nomaande,,Atlantic-Congo,Africa,4.5893,10.9157,true,
atl-noon,noon1242,snf,Noon,,Atlantic-Congo,Africa,14.792,-16.9205,true,
atl-noone,noon1243,nhu,Noone,,Atlantic-Congo,Africa,6.37256,10.5707,true,
atl-north-fali,nort2770,fll,North Fali,,Atlantic-Congo,Africa,9.9249,13.6567,true,
atl-northern-dagara,nort2780,dgi,Northern Dagara,,Atlantic-Congo,Africa,11.0441,-3.0124,true,
atl-northern-kissi,nort2765,kqs,Northern Kissi,,Atlantic-Congo,Africa,8.7283,-10.4063,true,
atl-northern-ngbandi,nort2774,ngb,Northern Ngbandi,,Atlantic-Congo,Africa,3.56357,21.85251,true,
atl-northern-nuni,nort2784,nuv,Northern Nuni,,Atlantic-Congo,Africa,12.131,-2.98206,true,
atl-northwest-gbaya,nort2775,gya,Northwest Gbaya,,Atlantic-Congo,Africa,5.9503,15.2569,true,
atl-notre,notr1240,bly,Notre,,Atlantic-Congo,Africa,10.7025,1.27435,true,
atl-nsari,nsar1238,asj,Nsari,,Atlantic-Congo,Africa,6.63008,10.5993,true,
atl-nsenga,nsen1242,nse,Nsenga,,Atlantic-Congo,Africa,-15.3946,31.3544,true,
atl-nsong-mpiin,song1299,soo,Nsong-Mpiin,,Atlantic-Congo,Africa,-4.55057,18.4978,true,
atl-nsongo,nson1238,nsx,Nsongo,,Atlantic-Congo,Africa,-10.5166,16.7348,true,
atl-ntcham,ntch1242,bud,Ntcham,,Atlantic-Congo,Africa,9.23971,0.599275,true,
atl-ntomba,ntom1248,nto,Ntomba,,Atlantic-Congo,Africa,-1.99062,18.265,true,
atl-nuasue,yang1293,yav,Nuasue,,Atlantic-Congo,Africa,4.41971,11.0277,true,
atl-nubaca,nuba1241,baf,Nubaca,,Atlantic-Congo,Africa,4.35696,11.029,true,
atl-nugunu-cameroon,nugu1242,yas,Nugunu (Cameroon),,Atlantic-Congo,Africa,4.63103,11.1837,true,
atl-numana,numa1252,nbr,Numana,,Atlantic-Congo,Africa,9.16563,8.4657,true,
atl-nungu,nung1292,rin,Nungu,,Atlantic-Congo,Africa,8.95481,8.62164,true,
atl-nupe-nupe-tako,nupe1254,nup,Nupe-Nupe-Tako,,Atlantic-Congo,Africa,9.18404,5.40031,true,
atl-nyakyusa,nyak1261,,Nyakyusa,,Atlantic-Congo,Africa,-9.71018,33.7763,true,
atl-nyakyusa-ngonde,nyak1260,nyy,Nyakyusa-Ngonde,,Atlantic-Congo,Africa,-9.71018,33.7763,true,
atl-nyali,nyal1250,nlj,Nyali,,Atlantic-Congo,Africa,1.92098,30.0201,true,
atl-nyambo,nyam1277,now,Nyambo,,Atlantic-Congo,Africa,-1.6096,30.9156,true,
atl-nyamwanga,nyam1275,mwn,Nyamwanga,,Atlantic-Congo,Africa,-9.11261,32.3163,true,
atl-nyamwezi,nyam1276,nym,Nyamwezi,,Atlantic-Congo,Africa,-5.08559,32.94452,true,
atl-nyanga,nyan1304,nyj,Nyanga,,Atlantic-Congo,Africa,-1.29357,28.31546,true,
atl-nyangbo,nyan1302,nyb,Nyangbo,,Atlantic-Congo,Africa,6.82649,0.37152,true,
atl-nyanja,nyan1308,nya,Nyanja,,Atlantic-Congo,Africa,-14.8047,32.8108,true,
atl-nyankole,nyan1307,nyn,Nyankole,,Atlantic-Congo,Africa,-0.46364,30.548,true,
atl-nyankpa,yesk1239,yes,Nyankpa,,Atlantic-Congo,Africa,9.05454,7.97913,true,
atl-nyaturu,nyat1246,rim,Nyaturu,,Atlantic-Congo,Africa,-5.12263,34.6657,true,
atl-nyemba,nyem1238,nba,Nyemba,,Atlantic-Congo,Africa,-15.709,18.2515,true,
atl-nyiha-malawi,nyih1239,nyr,Nyiha (Malawi),,Atlantic-Congo,Africa,-9.5372,33.0995,true,
atl-nyiha-tanzania,nyih1240,nih,Nyiha (Tanzania),,Atlantic-Congo,Africa,-9.4472,32.9057,true,
atl-nyika-malawi-and-zambia,nyik1246,nkv,Nyika (Malawi and Zambia),,Atlantic-Congo,Africa,-10.0231,33.481,true,
atl-nyika-tanzania,nyik1247,nkt,Nyika (Tanzania),,Atlantic-Congo,Africa,-8.133,31.8127,true,
atl-nyokon,nyok1243,nvo,Nyokon,,Atlantic-Congo,Africa,4.75,10.5,true,
atl-nyole,nyol1238,nuj,Nyole,,Atlantic-Congo,Africa,0.88072,33.9181,true,
atl-nyore,nyor1244,nyd,Nyore,,Atlantic-Congo,Africa,0.07523,34.6166,true,
atl-nyoro,nyor1246,nyo,Nyoro,,Atlantic-Congo,Africa,0.95294,31.3493,true,
atl-nyungwe,nyun1248,nyu,Nyungwe,,Atlantic-Congo,Africa,-16.4757,33.0233,true,
atl-nzadi,nzad1234,nzd,Nzadi,,Atlantic-Congo,Africa,-4.102208,20.194462,true,
atl-nzakambay,nzak1246,nzy,Nzakambay,,Atlantic-Congo,Africa,7.66745,15.6675,true,
atl-nzakara,nzak1247,nzk,Nzakara,,Atlantic-Congo,Africa,4.79567,22.8254,true,
atl-nzima,nzim1238,nzi,Nzima,,Atlantic-Congo,Africa,5.1785,-2.81123,true,
atl-obolo,obol1243,ann,Obolo,,Atlantic-Congo,Africa,4.62851,7.81985,true,
atl-odual,odua1238,odu,Odual,,Atlantic-Congo,Africa,4.83273,6.41493,true,
atl-ogbah,ogba1241,ogc,Ogbah,,Atlantic-Congo,Africa,5.25057,6.53895,true,
atl-ogbia,ogbi1239,ogb,Ogbia,,Atlantic-Congo,Africa,4.75352,6.34034,true,
atl-ogbronuagum,ogbr1243,ogu,Ogbronuagum,,Atlantic-Congo,Africa,4.74842,6.9058,true,
atl-oko-eni-osayen,okoe1238,oks,Oko-Eni-Osayen,,Atlantic-Congo,Africa,7.53908,6.15725,true,
atl-okobo,okob1241,okb,Okobo,,Atlantic-Congo,Africa,5.02037,8.08696,true,
atl-oku,okuu1243,oku,Oku,,Atlantic-Congo,Africa,6.23712,10.5096,true,
atl-oloma,olom1241,olm,Oloma,,Atlantic-Congo,Africa,7.01279,6.02767,true,
atl-olulumo-ikom,olul1245,iko,Olulumo-Ikom,,Atlantic-Congo,Africa,5.97709,8.56546,true,
atl-ombamba-congo,omba1241,mbm,Ombamba-Congo,,Atlantic-Congo,Africa,-2.75341,13.617,true,
atl-ombo,ombo1238,oml,Ombo,,Atlantic-Congo,Africa,-2.32162,25.1748,true,
atl-oring,orin1239,org,Oring,,Atlantic-Congo,Africa,6.68753,8.12005,true,
atl-oro,oroo1241,orx,Oro,,Atlantic-Congo,Africa,4.86134,8.11394,true,
atl-oroko,orok1266,bdu,Oroko,,Atlantic-Congo,Africa,4.89504,9.15209,true,
atl-orungu,orun1242,,Orungu,,Atlantic-Congo,Africa,-1.48741,9.50247,true,
atl-osamayi,osam1235,syx,Osamayi,,Atlantic-Congo,Africa,-0.012,13.61,true,
atl-osatu,osat1238,ost,Osatu,,Atlantic-Congo,Africa,6.20829,9.80188,true,
atl-otank,otan1238,uta,Otank,,Atlantic-Congo,Africa,6.54809,9.34019,true,
atl-paasaal,paas1238,sig,Paasaal,,Atlantic-Congo,Africa,10.2004,-1.8048,true,
atl-pagibete,pagi1243,pae,Pagibete,,Atlantic-Congo,Africa,3.15636,22.1212,true,
atl-palor,palo1243,fap,Palor,,Atlantic-Congo,Africa,14.8628,-16.9557,true,
atl-pam-cameroon,pamm1242,pmn,Pam (Cameroon),,Atlantic-Congo,Africa,7.97779,14.285,true,
atl-pana-burkina-faso,pana1295,pnq,Pana (Burkina Faso),,Atlantic-Congo,Africa,13.3501,-3.36685,true,
atl-pana-central-african-republic,pana1293,pnz,Pana (Central African Republic),,Atlantic-Congo,Africa,7.10191,15.64243,true,
atl-pande,pand1264,bkj,Pande,,Atlantic-Congo,Africa,3.57935,16.22754,true,
atl-pangseng,pang1286,pgs,Pangseng,,Atlantic-Congo,Africa,9.304,11.196,true,
atl-pangwa,pang1287,pbr,Pangwa,,Atlantic-Congo,Africa,-9.96782,34.8039,true,
atl-panya,pany1242,,Panya,,Atlantic-Congo,Africa,9.37299,11.1337,true,
atl-papel,pape1239,pbo,Papel,,Atlantic-Congo,Africa,11.8977,-15.8388,true,
atl-pedi,pedi1238,nso,Pedi,,Atlantic-Congo,Africa,-24.7993,29.4718,true,
atl-peere,peer1241,pfe,Peere,,Atlantic-Congo,Africa,7.82186,12.2518,true,
atl-phende,phen1239,pem,Phende,,Atlantic-Congo,Africa,-5.64735,19.8275,true,
atl-phuie,phui1238,pug,Phuie,,Atlantic-Congo,Africa,11.02348,-3.47165,true,
atl-pimbwe,pimb1238,piw,Pimbwe,,Atlantic-Congo,Africa,-6.81358,31.4289,true,
atl-pinji,pinj1243,pic,Pinji,,Atlantic-Congo,Africa,-1.90305,11.223,true,
atl-pinyin,piny1238,pny,Pinyin,,Atlantic-Congo,Africa,5.7991,10.0682,true,
atl-piti,piti1243,pcn,Piti,,Atlantic-Congo,Africa,10.1361,8.47037,true,
atl-pogolo,pogo1243,poy,Pogolo,,Atlantic-Congo,Africa,-8.72283,36.4148,true,
atl-pokomo,poko1261,pkb,Pokomo,,Atlantic-Congo,Africa,-2.31587,40.2897,true,
atl-pol,pomo1271,pmm,Pol,,Atlantic-Congo,Africa,4.243,13.446,true,
atl-pongu,pong1250,png,Pongu,,Atlantic-Congo,Africa,10.0823,6.3745,true,
atl-proto-bantu,narr1281,,Proto-Bantu,,Atlantic-Congo,,,,false,
atl-pukur,baga1275,bcg,Pukur,,Atlantic-Congo,Africa,10.5271,-14.6111,true,
atl-pulaar,pula1263,fuc,Pulaar,,Atlantic-Congo,Africa,13.8694,-13.4482,true,
atl-pular,pula1262,fuf,Pular,,Atlantic-Congo,Africa,12.1826,-12.7338,true,
atl-punu,punu1239,puu,Punu,,Atlantic-Congo,Africa,-2.67362,11.6714,true,
atl-pye,peee1238,pai,Pye,,Atlantic-Congo,Africa,9.27191,9.56437,true,
atl-rang,rang1269,rax,Rang,,Atlantic-Congo,Africa,8.001,10.58,true,
atl-reshe,resh1242,res,Reshe,,Atlantic-Congo,Africa,10.77046,4.62395,true,
atl-rjili,tanj1247,uji,Rjili,,Atlantic-Congo,Africa,9.40121,6.87432,true,
atl-robambami,agoi1246,ibm,Robambami,,Atlantic-Congo,Africa,5.87953,8.21629,true,
atl-rogo,rogo1238,rod,Rogo,,Atlantic-Congo,Africa,10.56,6.946,true,
atl-rombo,romb1244,rof,Rombo,,Atlantic-Congo,Africa,-3.07772,37.5382,true,
atl-ronga,rong1268,rng,Ronga,,Atlantic-Congo,Africa,-26.7329,32.6167,true,
atl-rundi,rund1242,run,Rundi,,Atlantic-Congo,Africa,-2.94,29.97,true,
atl-rungwa,rung1255,rnw,Rungwa,,Atlantic-Congo,Africa,-7.24959,31.7614,true,
atl-ruuli,ruul1235,ruc,Ruuli,,Atlantic-Congo,Africa,1.41726,32.4179,true,
atl-ruund,ruun1238,rnd,Ruund,,Atlantic-Congo,Africa,-8.86971,21.4164,true,
atl-rwa,rwaa1238,rwk,Rwa,,Atlantic-Congo,Africa,-3.42862,36.7686,true,
atl-saafi-saafi,saaf1238,sav,Saafi-Saafi,,Atlantic-Congo,Africa,14.625,-17.0568,true,
atl-saamia,saam1283,lsm,Saamia,,Atlantic-Congo,Africa,0.3652,34.0335,true,
atl-safwa,safw1238,sbk,Safwa,,Atlantic-Congo,Africa,-8.54936,33.4766,true,
atl-sagala,saga1256,sbm,Sagala,,Atlantic-Congo,Africa,-6.98537,36.9153,true,
atl-sagalla,saga1262,tga,Sagalla,,Atlantic-Congo,Africa,-3.60164,38.5037,true,
atl-sakata,saka1287,skt,Sakata,,Atlantic-Congo,Africa,-2.85653,17.9669,true,
atl-sake,sake1247,sak,Sake,,Atlantic-Congo,Africa,0.25188,11.787,true,
atl-salampasu,sala1268,slx,Salampasu,,Atlantic-Congo,Africa,-5.44937,23.1502,true,
atl-salka-tsishingini,tsis1238,tsw,Salka-Tsishingini,,Atlantic-Congo,Africa,10.2882,5.11073,true,
atl-sama,sama1300,smd,Sama,,Atlantic-Congo,Africa,-9.86931,13.8713,true,
atl-sama-mum,samb1311,ccg,Sama Mum,,Atlantic-Congo,Africa,8.06905,11.7077,true,
atl-samba,samb1309,smx,Samba,,Atlantic-Congo,Africa,-6.21344,17.1658,true,
atl-samba-leko,samb1305,ndi,Samba Leko,,Atlantic-Congo,Africa,8.19236,11.7366,true,
atl-sambe,samb1307,xab,Sambe,,Atlantic-Congo,Africa,9.160672,8.505628,true,
atl-samue,wara1292,wbf,Samue,,Atlantic-Congo,Africa,10.7283,-5.37515,true,
atl-san-salvador-kongo,sans1272,kwy,San Salvador Kongo,,Atlantic-Congo,Africa,-5.7114,12.5372,true,
atl-sanga-democratic-republic-of-congo,sang1331,sng,Sanga (Democratic Republic of Congo),,Atlantic-Congo,Africa,-10.0236,26.8462,true,
atl-sanga-nigeria,sang1329,xsn,Sanga (Nigeria),,Atlantic-Congo,Africa,10.4157,8.83882,true,
atl-sango,sang1328,sag,Sango,,Atlantic-Congo,Africa,6.78584,20.1702,true,
atl-sangu-gabon,sang1333,snq,Sangu (Gabon),,Atlantic-Congo,Africa,-1.52694,11.9098,true,
atl-sangu-tanzania,sang1330,sbp,Sangu (Tanzania),,Atlantic-Congo,Africa,-8.4,33.9,true,
atl-saxwe-gbe,saxw1241,sxw,Saxwe Gbe,,Atlantic-Congo,Africa,6.58269,1.92015,true,
atl-segeju,sege1246,seg,Segeju,,Atlantic-Congo,Africa,-5.00659,39.12249,true,
atl-seki,seki1238,syi,Seki,,Atlantic-Congo,Africa,1.52302,9.79206,true,
atl-sekpele,sekp1241,lip,Sekpele,,Atlantic-Congo,Africa,7.16751,0.5886,true,
atl-sekute,seku1239,,Sekute,,Atlantic-Congo,Africa,-18.37,26.502,true,
atl-selee,sele1249,snw,Selee,,Atlantic-Congo,Africa,7.17462,0.42458,true,
atl-sena,nucl1396,seh,Sena,,Atlantic-Congo,Africa,-19.7933,34.9829,true,
atl-senar-de-kankalaba,sena1262,seq,Senar de Kankalaba,,Atlantic-Congo,Africa,10.4987,-5.28216,true,
atl-senari,ceba1235,sef,Senari,,Atlantic-Congo,Africa,9.50768,-6.15264,true,
atl-sengele,seng1278,szg,Sengele,,Atlantic-Congo,Africa,-1.92256,17.2965,true,
atl-sere,sere1264,swf,Sere,,Atlantic-Congo,Africa,4.71127,27.4688,true,
atl-sereer,sere1260,srr,Sereer,,Atlantic-Congo,Africa,13.8941,-16.3916,true,
atl-shall-zwall,shal1242,sha,Shall-Zwall,,Atlantic-Congo,Africa,9.87556,9.64988,true,
atl-shama-sambuga,sham1278,sqa,Shama-Sambuga,,Atlantic-Congo,Africa,10.4369,6.20275,true,
atl-shamang,sham1277,xsh,Shamang,,Atlantic-Congo,Africa,9.47,8.05163,true,
atl-shambala,sham1280,ksb,Shambala,,Atlantic-Congo,Africa,-4.8,38.29,true,
atl-shau,shau1238,sqh,Shau,,Atlantic-Congo,Africa,10.275,9.06674,true,
atl-sheni,shen1250,,Sheni,,Atlantic-Congo,Africa,10.5256,8.63921,true,
atl-sherbro,sher1258,bun,Sherbro,,Atlantic-Congo,Africa,7.77585,-12.7405,true,
atl-shi,shii1238,shr,Shi,,Atlantic-Congo,Africa,-2.55777,28.6122,true,
atl-shiwa,shiw1234,,Shiwa,,Atlantic-Congo,Africa,-0.091645,11.947061,true,
atl-shona,shon1251,sna,Shona,,Atlantic-Congo,Africa,-17.20849,29.75725,true,
atl-shubi,shub1238,suj,Shubi,,Atlantic-Congo,Africa,-2.97663,31.0681,true,
atl-sicite-senoufo,sici1249,sep,Sìcìté Sénoufo,,Atlantic-Congo,Africa,11.1789,-5.28932,true,
atl-sighu,sigh1238,sxe,Sighu,,Atlantic-Congo,Africa,-0.95605,13.1214,true,
atl-siha,siha1242,,Siha,,Atlantic-Congo,Africa,-3.29385,37.0703,true,
atl-simaa,sima1258,sie,Simaa,,Atlantic-Congo,Africa,-15.7434,22.6455,true,
atl-simba,simb1254,sbw,Simba,,Atlantic-Congo,Africa,-1.28107,11.1783,true,
atl-sira,sira1266,swj,Sira,,Atlantic-Congo,Africa,-1.78084,10.4635,true,
atl-sissala-of-burkina-faso,siss1242,sld,Sissala of Burkina Faso,,Atlantic-Congo,Africa,11.0916,-2.38217,true,
atl-siwu,siwu1238,akp,Siwu,,Atlantic-Congo,Africa,7.23811,0.44362,true,
atl-so-cameroon,soca1235,sox,So (Cameroon),,Atlantic-Congo,Africa,3.68257,12.525,true,
atl-so-democratic-republic-of-congo,sode1235,soc,So (Democratic Republic of Congo),,Atlantic-Congo,Africa,1.25037,23.6907,true,
atl-soga,soga1242,xog,Soga,,Atlantic-Congo,Africa,0.40456,33.3942,true,
atl-soli,soli1239,sby,Soli,,Atlantic-Congo,Africa,-15.5213,28.7934,true,
atl-sonde,sond1250,shc,Sonde,,Atlantic-Congo,Africa,-6.32223,18.3555,true,
atl-songe,song1303,sop,Songe,,Atlantic-Congo,Africa,-5.71993,25.2765,true,
atl-songoora,song1300,sod,Songoora,,Atlantic-Congo,Africa,-2.21871,26.3477,true,
atl-south-central-banda,sout2787,lnl,South Central Banda,,Atlantic-Congo,Africa,2.94113,21.051,true,
atl-south-central-koongo,koon1244,kng,South-Central Koongo,,Atlantic-Congo,Africa,-5.57722,14.4771,true,
atl-south-fali,sout2782,fal,South Fali,,Atlantic-Congo,Africa,9.51408,13.6164,true,
atl-south-transvaal-ndebele,sout3270,nbl,South Transvaal Ndebele,,Atlantic-Congo,Africa,-28.9,30.2,true,
atl-southern-birifor,sout2790,biv,Southern Birifor,,Atlantic-Congo,Africa,9.2873,-2.72672,true,
atl-southern-kisi,sout2778,kss,Southern Kisi,,Atlantic-Congo,Africa,8.32448,-10.3377,true,
atl-southern-mfumte,mfum1238,nfu,Southern Mfumte,,Atlantic-Congo,Africa,6.6,10.936386,true,
atl-southern-ngbandi,sout2784,nbw,Southern Ngbandi,,Atlantic-Congo,Africa,2.5414,19.5939,true,
atl-southern-nuni,sout2795,nnw,Southern Nuni,,Atlantic-Congo,Africa,11.5186,-2.14385,true,
atl-southern-sotho,sout2807,sot,Southern Sotho,,Atlantic-Congo,Africa,-28.78,27.89,true,
atl-southern-toussian,sout2797,wib,Southern Toussian,,Atlantic-Congo,Africa,10.877,-4.65678,true,
atl-southwest-gbaya,sout2785,gso,Southwest Gbaya,,Atlantic-Congo,Africa,4.70037,14.9569,true,
atl-suba,suba1238,sxb,Suba,,Atlantic-Congo,Africa,-0.95719,34.1033,true,
atl-suba-simbiti,suba1252,ssc,Suba-Simbiti,,Atlantic-Congo,Africa,-1.103296,34.268,true,
atl-subiya,subi1246,sbs,Subiya,,Atlantic-Congo,Africa,-17.5696,24.8867,true,
atl-suku,suku1259,sub,Suku,,Atlantic-Congo,Africa,-5.76495,17.7736,true,
atl-sukuma,suku1261,suk,Sukuma,,Atlantic-Congo,Africa,-3.16082,32.8765,true,
atl-sumbwa,sumb1240,suw,Sumbwa,,Atlantic-Congo,Africa,-3.47335,31.9457,true,
atl-supyire-senoufo,supy1237,spp,Supyire Senoufo,,Atlantic-Congo,Africa,11.632,-5.87709,true,
atl-sur,surr1238,tdl,Sur,,Atlantic-Congo,Africa,9.47958,9.49007,true,
atl-suundi,suun1239,sdj,Suundi,,Atlantic-Congo,Africa,-4.58488,13.3212,true,
atl-swahili,swah1253,swh,Swahili,,Atlantic-Congo,Africa,-8.25605,37.624,true,
atl-swati,swat1243,ssw,Swati,,Atlantic-Congo,Africa,-26.0,31.5,true,
atl-taabwa,taab1238,tap,Taabwa,,Atlantic-Congo,Africa,-7.91416,29.5238,true,
atl-tafi,tafi1243,tcd,Tafi,,Atlantic-Congo,Africa,6.79522,0.39875,true,
atl-tagbu,tagb1255,tbm,Tagbu,,Atlantic-Congo,Africa,7.76,27.71,true,
atl-tagwana-senoufo,tagw1240,tgw,Tagwana Senoufo,,Atlantic-Congo,Africa,8.67053,-5.17372,true,
atl-taita,tait1250,dav,Taita,,Atlantic-Congo,Africa,-3.79347,38.57254,true,
atl-takwane,takw1238,tke,Takwane,,Atlantic-Congo,Africa,-16.2276,36.249,true,
atl-talinga-bwisi,tali1258,tlj,Talinga-Bwisi,,Atlantic-Congo,Africa,0.676185,29.9494,true,
atl-tampulma,tamp1252,tpm,Tampulma,,Atlantic-Congo,Africa,9.75577,-1.35467,true,
atl-tanzania-mozambique-ngoni,ngon1269,,Tanzania-Mozambique Ngoni,,Atlantic-Congo,,,,false,
atl-tanzanian-ngoni,tanz1241,xnj,Tanzanian Ngoni,,Atlantic-Congo,Africa,-11.779,35.459,true,
atl-tarok,taro1263,yer,Tarok,,Atlantic-Congo,Africa,8.98356,10.0288,true,
atl-taveta,tave1240,tvs,Taveta,,Atlantic-Congo,Africa,-3.41822,37.7061,true,
atl-tchitchege,tchi1245,tck,Tchitchege,,Atlantic-Congo,Africa,-2.03393,13.6001,true,
atl-tee,teee1242,tkq,Tee,,Atlantic-Congo,Africa,4.73213,7.37553,true,
atl-teen,teen1242,lor,Téén,,Atlantic-Congo,Africa,9.84556,-3.71183,true,
atl-teke-eboo-nzikou,teke1278,ebo,Teke-Eboo-Nzikou,,Atlantic-Congo,Africa,-2.384219,15.623277,true,
atl-teke-fuumu,teke1274,ifm,Teke-Fuumu,,Atlantic-Congo,Africa,-3.59003,15.5061,true,
atl-teke-kukuya,teke1280,kkw,Teke-Kukuya,,Atlantic-Congo,Africa,-2.27122,14.4407,true,
atl-teke-laali,teke1277,lli,Teke-Laali,,Atlantic-Congo,Africa,-3.34458,13.2703,true,
atl-teke-tsaayi,teke1281,tyi,Teke-Tsaayi,,Atlantic-Congo,Africa,-2.98028,13.8603,true,
atl-teke-tyee,teke1276,tyx,Teke-Tyee,,Atlantic-Congo,Africa,-3.50685,13.8668,true,
atl-tem,temm1241,kdh,Tem,,Atlantic-Congo,Africa,8.967,1.136,true,
atl-tembo-kitembo,temb1270,tbt,Tembo (Kitembo),,Atlantic-Congo,Africa,-1.91863,28.5778,true,
atl-temi,temi1247,soz,Temi,,Atlantic-Congo,Africa,-2.19303,35.8035,true,
atl-tetela,tete1250,tll,Tetela,,Atlantic-Congo,Africa,-4.29314,24.546,true,
atl-tha,thaa1239,thy,Tha,,Atlantic-Congo,Africa,9.21338,11.1751,true,
atl-tharaka,thar1283,thk,Tharaka,,Atlantic-Congo,Africa,-0.13221,38.073,true,
atl-tibea,tibe1274,ngy,Tibea,,Atlantic-Congo,Africa,5.30535,11.3103,true,
atl-tiefo-daramandugu,tief1242,tiq,Tiefo-Daramandugu,,Atlantic-Congo,Africa,10.7184,-4.52619,true,
atl-tiene,tien1242,tii,Tiene,,Atlantic-Congo,Africa,-2.84694,16.4765,true,
atl-tigania,tiga1244,,Tigania,,Atlantic-Congo,Africa,0.26484,37.7396,true,
atl-tigon-mbembe,tigo1236,nza,Tigon Mbembe,,Atlantic-Congo,Africa,6.983995,10.70849,true,
atl-tikar,tika1246,tik,Tikar,,Atlantic-Congo,Africa,5.87004,11.6104,true,
atl-timne,timn1235,tem,Timne,,Atlantic-Congo,Africa,8.90294,-12.3331,true,
atl-tiv,tivv1240,tiv,Tiv,,Atlantic-Congo,Africa,6.88039,9.26287,true,
atl-togbo-vara-banda,togb1241,tor,Togbo-Vara Banda,,Atlantic-Congo,Africa,6.35815,22.7362,true,
atl-tonga-nyasa,tong1321,tog,Tonga (Nyasa),,Atlantic-Congo,Africa,-12.0816,34.0613,true,
atl-tonga-zambia,tong1318,toi,Tonga (Zambia),,Atlantic-Congo,Africa,-17.422325,27.103495,true,
atl-tooro,toor1238,ttj,Tooro,,Atlantic-Congo,Africa,0.57291,30.6389,true,
atl-toro,toro1249,tdv,Toro,,Atlantic-Congo,Africa,9.09143,8.58194,true,
atl-tsaangi,tsaa1242,tsa,Tsaangi,,Atlantic-Congo,Africa,-2.29245,12.7581,true,
atl-tsikimba,tsik1238,kdl,Tsikimba,,Atlantic-Congo,Africa,9.60496,4.88739,true,
atl-tsogo,tsog1243,tsv,Tsogo,,Atlantic-Congo,Africa,-1.55469,11.1359,true,
atl-tsonga,tson1249,tso,Tsonga,,Atlantic-Congo,Africa,-23.5754,31.8105,true,
atl-tsotso,tsot1241,lto,Tsotso,,Atlantic-Congo,Africa,0.2975,34.6961,true,
atl-tsuvadi,tsuv1239,tvd,Tsuvadi,,Atlantic-Congo,Africa,10.8421,5.22095,true,
atl-tswa,tswa1255,tsc,Tswa,,Atlantic-Congo,Africa,-22.9891,32.4287,true,
atl-tswana,tswa1253,tsn,Tswana,,Atlantic-Congo,Africa,-24.368,24.7587,true,
atl-tswapong,tswa1237,two,Tswapong,,Atlantic-Congo,Africa,-23.40552,27.42009,true,
atl-tuki,tuki1240,bag,Tuki,,Atlantic-Congo,Africa,4.64348,11.5353,true,
atl-tula,tula1252,tul,Tula,,Atlantic-Congo,Africa,9.84629,11.52551,true,
atl-tumbuka,tumb1250,tum,Tumbuka,,Atlantic-Congo,Africa,-11.3297,33.3738,true,
atl-tumulung-sisaala,tumu1242,sil,Tumulung Sisaala,,Atlantic-Congo,Africa,10.63451,-1.79707,true,
atl-tunen,tune1261,tvu,Tunen,,Atlantic-Congo,Africa,4.75,10.67,true,
atl-tupuri,tupu1244,tui,Tupuri,,Atlantic-Congo,Africa,10.0144,14.8697,true,
atl-turka,turk1306,tuz,Turka,,Atlantic-Congo,Africa,10.7114,-4.92082,true,
atl-tuwuli,tuwu1238,bov,Tuwuli,,Atlantic-Congo,Africa,7.31095,0.38008,true,
atl-tyap,tyap1238,kcg,Tyap,,Atlantic-Congo,Africa,9.75568,8.3082,true,
atl-ubaghara,ubag1245,byc,Ubaghara,,Atlantic-Congo,Africa,5.72343,7.96439,true,
atl-uda,udaa1238,uda,Uda,,Atlantic-Congo,Africa,4.70196,8.06562,true,
atl-ugare,mesa1245,iyo,Ugare,,Atlantic-Congo,Africa,6.32679,9.8723,true,
atl-ujindile,ujin1234,,Ujindile,,Atlantic-Congo,Africa,-9.24553,34.50936,true,
atl-ukaan,ukaa1243,kcf,Ukaan,,Atlantic-Congo,Africa,7.59722,6.03933,true,
atl-ukalawa,ukal1234,,Ukalawa,,Atlantic-Congo,Africa,-9.18589,35.28047,true,
atl-ukpet-ehom,ukpe1249,akd,Ukpet-Ehom,,Atlantic-Congo,Africa,5.58316,8.10047,true,
atl-ukwa,ukwa1238,ukq,Ukwa,,Atlantic-Congo,Africa,5.59913,7.96002,true,
atl-ukwuani-aboh-ndoni,ukwu1241,ukw,Ukwuani-Aboh-Ndoni,,Atlantic-Congo,Africa,5.78892,6.48559,true,
atl-ulukwumi,uluk1257,ulb,Ulukwumi,,Atlantic-Congo,Africa,6.4974,6.59202,true,
atl-umbundu,umbu1257,umb,Umbundu,,Atlantic-Congo,Africa,-12.4763,14.4148,true,
atl-umon,umon1238,umm,Umon,,Atlantic-Congo,Africa,5.37438,8.10335,true,
atl-uneme,unem1238,une,Uneme,,Atlantic-Congo,Africa,6.97237,6.13427,true,
atl-urhobo,urho1239,urh,Urhobo,,Atlantic-Congo,Africa,5.31155,5.86148,true,
atl-usaghade,usag1244,usk,Usaghade,,Atlantic-Congo,Africa,4.78581,8.53463,true,
atl-usseri,usse1238,,Usseri,,Atlantic-Congo,Africa,-3.07772,37.5382,true,
atl-ut-main,kagf1238,gel,Ut-Main,,Atlantic-Congo,Africa,11.5319,4.8387,true,
atl-utalingoro,utal1238,,Utalingoro,,Atlantic-Congo,Africa,-9.4366,34.70918,true,
atl-utengule,uten1234,,Utengule,,Atlantic-Congo,Africa,-8.94924,34.76754,true,
atl-uzekwe,uzek1238,eze,Uzekwe,,Atlantic-Congo,Africa,6.58841,8.31399,true,
atl-vagla,vagl1239,vag,Vagla,,Atlantic-Congo,Africa,9.33848,-2.31333,true,
atl-vanuma,vanu1242,vau,Vanuma,,Atlantic-Congo,Africa,0.93847,29.81348,true,
atl-venda,vend1245,ven,Venda,,Atlantic-Congo,Africa,-22.188,29.9523,true,
atl-vengo,veng1238,bav,Vengo,,Atlantic-Congo,Africa,6.11403,10.4137,true,
atl-vidunda,vidu1238,vid,Vidunda,,Atlantic-Congo,Africa,-7.52674,36.9316,true,
atl-viemo,viem1243,vig,Viemo,,Atlantic-Congo,Africa,10.8429,-3.84128,true,
atl-vili,vili1238,vif,Vili,,Atlantic-Congo,Africa,-4.06716,11.3804,true,
atl-vili-of-ngounie,vili1239,,Vili of Ngounie,,Atlantic-Congo,Africa,-2.752859,10.305563,true,
atl-vinza,vinz1238,vin,Vinza,,Atlantic-Congo,Africa,-4.99312,30.5699,true,
atl-viti,viti1241,vit,Viti,,Atlantic-Congo,Africa,6.66524,11.1087,true,
atl-viya,eviy1235,gev,Viya,,Atlantic-Congo,Africa,-1.22,10.58,true,
atl-vori,suru1258,sde,Vori,,Atlantic-Congo,Africa,10.2254,8.27136,true,
atl-voro,voro1240,vor,Voro,,Atlantic-Congo,Africa,9.78323,12.0719,true,
atl-vunjo,vunj1238,vun,Vunjo,,Atlantic-Congo,Africa,-3.42531,37.5847,true,
atl-vute,vute1244,vut,Vute,,Atlantic-Congo,Africa,6.13603,11.8839,true,
atl-vwanji,vwan1235,wbi,Vwanji,,Atlantic-Congo,Africa,-9.00683,34.0757,true,
atl-waama,waam1244,wwa,Waama,,Atlantic-Congo,Africa,10.5956,1.65318,true,
atl-wanda,wand1264,wbh,Wanda,,Atlantic-Congo,Africa,-8.34522,32.4375,true,
atl-wandji,wand1266,wdd,Wandji,,Atlantic-Congo,Africa,-1.51945,12.8951,true,
atl-wanga,wang1294,lwg,Wanga,,Atlantic-Congo,Africa,0.343,34.477,true,
atl-wangama,wang1302,,Wangama,,Atlantic-Congo,Africa,-9.17368,34.497,true,
atl-wannu,wann1241,jub,Wannu,,Atlantic-Congo,Africa,7.83859,8.96594,true,
atl-wapan,wapa1235,juk,Wapan,,Atlantic-Congo,Africa,7.97862,9.83299,true,
atl-wapha,waph1238,juw,Wãpha,,Atlantic-Congo,Africa,9.10829,9.90381,true,
atl-wawa,wawa1246,www,Wawa,,Atlantic-Congo,Africa,6.68974,11.7802,true,
atl-weh,wehh1238,weh,Weh,,Atlantic-Congo,Africa,6.46164,10.121,true,
atl-west-central-banda,west2458,bbp,West Central Banda,,Atlantic-Congo,Africa,6.81435,24.1012,true,
atl-west-central-limba,west2450,lia,West-Central Limba,,Atlantic-Congo,Africa,9.52392,-12.3138,true,
atl-western-kambari-cishingini,cish1238,asg,Western-Kambari-Cishingini,,Atlantic-Congo,Africa,9.88458,4.48564,true,
atl-western-karaboro,west2466,kza,Western Karaboro,,Atlantic-Congo,Africa,10.6298,-4.76482,true,
atl-western-mambila,nige1255,mzk,Western Mambila,,Atlantic-Congo,Africa,6.69736,11.3161,true,
atl-western-niger-fulfulde,west2454,fuh,Western Niger Fulfulde,,Atlantic-Congo,Africa,14.2471,-0.52004,true,
atl-western-sisaala,west2465,ssl,Western Sisaala,,Atlantic-Congo,Africa,10.8561,-2.36423,true,
atl-winye,winy1241,kst,Winyé,,Atlantic-Congo,Africa,11.8239,-2.97518,true,
atl-wolof,nucl1347,wol,Wolof,,Atlantic-Congo,Africa,15.2534,-15.383,true,
atl-wongo,wong1247,won,Wongo,,Atlantic-Congo,Africa,-5.73837,20.5054,true,
atl-wudu,wudu1238,wud,Wudu,,Atlantic-Congo,Africa,7.57619,1.53522,true,
atl-wumbvu,wumb1242,wum,Wumbvu,,Atlantic-Congo,Africa,-2.39234,12.264,true,
atl-wushi,wush1238,bse,Wushi,,Atlantic-Congo,Africa,6.07415,10.6035,true,
atl-wuumu-mpuono,wuum1239,,Wuumu-Mpuono,,Atlantic-Congo,Africa,-4.27,15.72,true,
atl-xhosa,xhos1239,xho,Xhosa,,Atlantic-Congo,Africa,-31.0389,28.0769,true,
atl-xwela-gbe,xwel1235,xwe,Xwela Gbe,,Atlantic-Congo,Africa,6.41342,2.02985,true,
atl-yaka-central-african-republic,yaka1272,axk,Yaka (Central African Republic),,Atlantic-Congo,Africa,3.6515,17.2713,true,
atl-yaka-congo,yaka1274,iyx,Yaka (Congo),,Atlantic-Congo,Africa,-3.73301,13.3637,true,
atl-yaka-pelende-lonzo,yaka1269,yaf,Yaka-Pelende-Lonzo,,Atlantic-Congo,Africa,-5.984,16.775,true,
atl-yakoma,yako1252,yky,Yakoma,,Atlantic-Congo,Africa,4.1651,22.1702,true,
atl-yala,yala1263,yba,Yala,,Atlantic-Congo,Africa,6.73852,8.60748,true,
atl-yamba,yamb1251,yam,Yamba,,Atlantic-Congo,Africa,6.535505,11.07711,true,
atl-yambeta,yamb1252,yat,Yambeta,,Atlantic-Congo,Africa,4.83615,10.9369,true,
atl-yangkam,yang1290,bsx,Yangkam,,Atlantic-Congo,Africa,9.44956,10.2881,true,
atl-yansi,yans1239,yns,Yansi,,Atlantic-Congo,Africa,-3.8231,18.2341,true,
atl-yao,yaoo1241,yao,Yao,,Atlantic-Congo,Africa,-13.6119,35.2387,true,
atl-yara,cind1241,cdr,Yara,,Atlantic-Congo,Africa,10.3419,5.84212,true,
atl-yasa,yasa1242,yko,Yasa,,Atlantic-Congo,Africa,2.06043,10.678,true,
atl-yekhee,yekh1238,ets,Yekhee,,Atlantic-Congo,Africa,7.10204,6.44919,true,
atl-yela-kela,yela1238,yel,Yela-Kela,,Atlantic-Congo,Africa,-2.46204,22.5891,true,
atl-yemba,yemb1246,ybb,Yemba,,Atlantic-Congo,Africa,5.47421,10.0214,true,
atl-yendang,yend1241,ynq,Yendang,,Atlantic-Congo,Africa,9.0,11.8,true,
atl-yeyi,yeyi1239,yey,Yeyi,,Atlantic-Congo,Africa,-18.9178,23.6088,true,
atl-yom,yomm1242,pil,Yom,,Atlantic-Congo,Africa,9.87186,1.81099,true,
atl-yombe,yomb1244,yom,Yombe,,Atlantic-Congo,Africa,-5.1263,12.9657,true,
atl-yoruba,yoru1245,yor,Yoruba,,Atlantic-Congo,Africa,7.15345,3.67225,true,
atl-yotti,yott1234,yot,Yotti,,Atlantic-Congo,Africa,9.160993,11.672759,true,
atl-yukuben,yuku1243,ybl,Yukuben,,Atlantic-Congo,Africa,6.9183,9.9777,true,
atl-zamba,zamb1245,,Zamba,,Atlantic-Congo,Africa,1.25,18.3,true,
atl-zanaki,zana1238,zak,Zanaki,,Atlantic-Congo,Africa,-2.26367,34.0542,true,
atl-zande,zand1248,zne,Zande,,Atlantic-Congo,Africa,4.62047,26.7157,true,
atl-zaramo,zara1247,zaj,Zaramo,,Atlantic-Congo,Africa,-6.87705,38.9258,true,
atl-zemba,zemb1238,dhm,Zemba,,Atlantic-Congo,Africa,-17.2958,13.4424,true,
atl-zigula,zigu1242,,Zigula,,Atlantic-Congo,Africa,-5.61864,38.4114,true,
atl-zigula-mushungulu,zigu1244,ziw,Zigula-Mushungulu,,Atlantic-Congo,Africa,-5.61864,38.41138,true,
atl-zimba,zimb1251,zmb,Zimba,,Atlantic-Congo,Africa,-4.013,26.6083,true,
atl-zimbabwean-ndebele,nort2795,nde,Zimbabwean Ndebele,,Atlantic-Congo,Africa,-20.2513,27.4096,true,
atl-zinza,zinz1238,zin,Zinza,,Atlantic-Congo,Africa,-2.64132,32.1755,true,
atl-zo,zooo1239,,Zo,,Atlantic-Congo,Africa,9.37299,11.1337,true,
atl-zulu,zulu1248,zul,Zulu,,Atlantic-Congo,Africa,-28.9,30.2,true,
aym-cauqui-of-cachuy,cauq1239,,Cauqui of Cachuy,,Aymaran,South America,-12.71823,-75.913623,true,
aym-central-aymara,cent2142,ayr,Central Aymara,,Aymaran,South America,-17.0,-68.5,true,
aym-jaqaru,jaqa1244,jqr,Jaqaru,,Aymaran,South America,-12.741939,-75.809231,true,
aym-southern-aymara,sout2996,ayc,Southern Aymara,,Aymaran,South America,-17.1417,-70.3442,true,
baa-momu-fas,fass1245,fqs,Momu-Fas,,Baibai-Fas,Papunesia,-3.10868,141.64,true,
bai-mali,mali1284,gcc,Mali,,Baining,Papunesia,-4.71826,152.214,true,
bai-qaqet,qaqe1238,byx,Qaqet,,Baining,Papunesia,-4.45258,151.702,true,
bai-ura-papua-new-guinea,urap1240,uro,Ura (Papua New Guinea),,Baining,Papunesia,-4.64226,151.953,true,
ban-bangime,bang1363,dba,Bangime,,Bangime,Africa,14.8116,-3.77092,true,
bar-awa-cuaiquer,awac1239,kwi,Awa-Cuaiquer,,Barbacoan,South America,1.21652,-78.3401,true,
bar-cha-palaa,chac1249,cbi,Cha'palaa,,Barbacoan,South America,0.71489,-79.0508,true,
bar-guambiano,guam1248,gum,Guambiano,,Barbacoan,South America,2.55849,-76.582,true,
bar-totoro,toto1306,ttk,Totoro,,Barbacoan,South America,2.55149,-76.6379,true,
bar-tsafiki,colo1256,cof,Tsafiki,,Barbacoan,South America,-0.21181,-79.2347,true,
bas-basque,basq1248,eus,Basque,,Basque,Eurasia,43.2787,-1.31622,true,
bay-bayono,bayo1260,byl,Bayono,,Bayono-Awbono,Papunesia,-5.21728,139.617,true,
beo-beothuk,beot1247,bue,Beothuk,,Beothuk,North America,48.0,-57.0,true,
ber-berta,bert1248,wti,Berta,,Berta,Africa,10.6474,34.7042,true,
ber-fadashi,fada1248,,Fadashi,,Berta,Africa,10.84949,34.82031,true,
ber-gobato,goba1245,,Gobato,,Berta,Africa,10.6474,34.7042,true,
ber-mayu,mayu1240,,Mayu,,Berta,Africa,10.6474,34.7042,true,
ber-undu,undu1236,,Undu,,Berta,Africa,10.6474,34.7042,true,
bil-bilua,bilu1245,blb,Bilua,,Bilua,Papunesia,-7.92388,156.663,true,
blu-bambassi,bamb1262,myf,Bambassi,,Blue Nile Mao,Africa,9.82554,34.6522,true,
blu-ganza,ganz1246,gza,Ganza,,Blue Nile Mao,Africa,10.2991,35.1373,true,
blu-hozo,hozo1236,hoz,Hozo,,Blue Nile Mao,Africa,9.38875,34.60448,true,
blu-seze,seze1235,sze,Seze,,Blue Nile Mao,Africa,9.50764,34.6449,true,
boa-bora,bora1263,boa,Bora,,Boran,South America,-2.000259,-72.257066,true,
boa-boran,bora1262,,Boran,,Boran,,,,false,
boa-muinane,muin1242,bmr,Muinane,,Boran,South America,-0.8652,-72.4249,true,
bob-bororo,boro1282,bor,Bororo,,Bororoan,South America,-16.6029,-55.2004,true,
bob-umotina,umot1240,umo,Umotína,,Bororoan,South America,-15.5929,-57.4192,true,
boc-monumbo,nucl1458,mxk,Monumbo,,Bogia,Papunesia,-4.2717,144.95,true,
bog-bogaya,boga1247,boq,Bogaya,,Bogaya,Papunesia,-5.54487,142.255,true,
boo-aghu-tharnggalu-retired,aghu1256,gtu,Aghu Tharnggalu (Retired),,Bookkeeping,Australia,-15.0,144.0,true,
boo-ahirani,ahir1243,ahr,Ahirani,,Bookkeeping,Eurasia,21.552,73.685,true,
boo-bumang,buma1247,bvp,Bumang,,Bookkeeping,Eurasia,23.02,103.34,true,
boo-chetco,chet1237,ctc,Chetco,,Bookkeeping,North America,42.6864,-124.376,true,
boo-foia-foia,foia1236,ffi,Foia Foia,,Bookkeeping,Papunesia,,,true,
boo-ir,irrr1240,irr,Ir,,Bookkeeping,Eurasia,15.7188,106.564,true,
boo-khalaj,khal1270,kjf,Khalaj,,Bookkeeping,Eurasia,36.5317,49.576,true,
boo-laitu-chin,lait1239,clj,Laitu Chin,,Bookkeeping,Eurasia,,,true,
boo-lama-myanmar,lama1289,lay,Lama (Myanmar),,Bookkeeping,Eurasia,27.6237,98.4694,true,
boo-old-turkish,oldt1247,otk,Old Turkish,,Bookkeeping,Eurasia,37.0,59.0,true,
boo-punan-merap,puna1274,puc,Punan Merap,,Bookkeeping,Papunesia,3.10143,116.251,true,
boo-rufiji,rufi1234,rui,Rufiji,,Bookkeeping,Africa,-7.99059,38.7133,true,
boo-rungtu-chin,rung1263,rtc,Rungtu Chin,,Bookkeeping,Eurasia,,,true,
boo-samre-of-siem-reap,samr1245,sxm,Samre of Siem Reap,,Bookkeeping,Eurasia,13.479,103.978,true,
boo-seru,seru1247,szd,Seru,,Bookkeeping,Papunesia,1.73885,112.133,true,
boo-songlai-chin,song1313,csj,Songlai Chin,,Bookkeeping,Eurasia,,,true,
boo-thaipum-chin,thai1262,cth,Thaipum Chin,,Bookkeeping,Eurasia,,,true,
boo-uradhi,urad1239,urf,Uradhi,,Bookkeeping,Australia,-12.0679,142.135,true,
boo-yendang-retired,yend1240,yen,Yendang (Retired),,Bookkeeping,Africa,9.0159,12.1396,true,
bor-amanab,aman1265,amn,Amanab,,Border,Papunesia,-3.51516,141.178,true,
bor-awyi,awyi1241,auw,Awyi,,Border,Papunesia,-3.00564,140.604,true,
bor-daonda,daon1243,dnd,Daonda,,Border,Papunesia,-3.31443,141.22,true,
bor-imonda,imon1245,imn,Imonda,,Border,Papunesia,-3.31228,141.171,true,
bor-kilmeri,kilm1241,kih,Kilmeri,,Border,Papunesia,-2.88607,141.191,true,
bor-manem,mane1266,jet,Manem,,Border,Papunesia,-2.99145,141.02,true,
bor-ningera,ning1275,nby,Ningera,,Border,Papunesia,-2.77145,141.454,true,
bor-pagi,pagi1244,pgi,Pagi,,Border,Papunesia,-3.04649,141.246,true,
bor-senggi,seng1285,snu,Senggi,,Border,Papunesia,-3.41983,140.77,true,
bor-sowanda,sowa1245,sow,Sowanda,,Border,Papunesia,-3.28373,140.92,true,
bor-taikat,taik1255,aos,Taikat,,Border,Papunesia,-2.9408,140.7495,true,
bor-waris,wari1266,wrs,Waris,,Border,Papunesia,-3.139,140.931,true,
bos-aimele,aime1238,ail,Aimele,,Bosavi,Papunesia,-6.68656,142.656,true,
bos-beami,beam1240,beo,Beami,,Bosavi,Papunesia,-6.14949,142.508,true,
bos-edolo,edol1239,etr,Edolo,,Bosavi,Papunesia,-6.11618,142.65,true,
bos-kaluli,kalu1248,bco,Kaluli,,Bosavi,Papunesia,-6.45932,142.788,true,
bos-kasua,kasu1251,khs,Kasua,,Bosavi,Papunesia,-6.64861,142.993,true,
bos-onobasulu,onob1238,onn,Onobasulu,,Bosavi,Papunesia,-6.30876,142.776,true,
bos-sonia,soni1260,siq,Sonia,,Bosavi,Papunesia,-6.42736,142.589,true,
bua-burmeso,burm1264,bzu,Burmeso,,Burmeso,Papunesia,-2.47582,138.203,true,
bul-maklew,makl1246,mgf,Maklew,,Bulaka River,Papunesia,-7.74424,139.273,true,
bul-southern-yelmek,yelm1242,jel,Southern Yelmek,,Bulaka River,Papunesia,-7.93,139.32,true,
bun-bunaba,buna1275,bck,Bunaba,,Bunaban,Australia,-17.8297,125.631,true,
bun-gooniyandi,goon1238,gni,Gooniyandi,,Bunaban,Australia,-18.4073,126.351,true,
bur-burushaski,buru1296,bsk,Burushaski,,Burushaski,Eurasia,36.2161,74.8236,true,
bur-hunza,hunz1248,,Hunza,,Burushaski,Eurasia,36.2161,74.8236,true,
bur-nagar,naga1398,,Nagar,,Burushaski,Eurasia,36.2161,74.8236,true,
bur-yasin,yasi1237,,Yasin,,Burushaski,Eurasia,36.2161,74.8236,true,
caa-canichana,cani1243,caz,Canichana,,Canichana,South America,-14.3058,-64.944455,true,
cab-cayubaba,cayu1262,cyb,Cayubaba,,Cayubaba,South America,-13.2482,-65.4822,true,
cad-arikara,arik1262,ari,Arikara,,Caddoan,North America,45.0,-100.0,true,
cad-caddo,cadd1256,cad,Caddo,,Caddoan,North America,33.33,-93.5,true,
cad-kitsai,kits1249,kii,Kitsai,,Caddoan,North America,31.83,-96.5,true,
cad-pawnee,pawn1254,paw,Pawnee,,Caddoan,North America,36.2862,-96.8937,true,
cad-wichita,wich1260,wic,Wichita,,Caddoan,North America,35.0665,-98.1831,true,
cah-jebero,jebe1250,jeb,Jebero,,Cahuapanan,South America,-5.40317,-76.4103,true,
cah-shawi,chay1248,cbt,Shawi,,Cahuapanan,South America,-5.63764,-76.8252,true,
cam-camsa,cams1241,kbh,Camsá,,Camsá,South America,1.14537,-76.8931,true,
can-candoshi-shapra,cand1248,cbu,Candoshi-Shapra,,Candoshi-Shapra,South America,-4.23835,-76.9347,true,
car-akawaio-ingariko,akaw1239,ake,Akawaio-Ingariko,,Cariban,South America,6.16277,-60.862,true,
car-akurio,akur1238,ako,Akurio,,Cariban,South America,3.19607,-55.6294,true,
car-apalai,apal1257,apy,Apalaí,,Cariban,South America,1.49792,-54.7457,true,
car-bakairi,baka1277,bkq,Bakairí,,Cariban,South America,-14.2628,-54.7034,true,
car-carijona,cari1279,cbd,Carijona,,Cariban,South America,1.21894,-72.0664,true,
car-chaima,chai1253,ciy,Chaima,,Cariban,South America,9.21256,-63.1034,true,
car-cumanagoto,cuma1240,cuo,Cumanagoto,,Cariban,South America,10.209,-63.018,true,
car-galibi-carib,gali1262,car,Galibi Carib,,Cariban,South America,5.83772,-56.8323,true,
car-hixkaryana,hixk1239,hix,Hixkaryána,,Cariban,South America,-0.16265,-58.80153,true,
car-ikpeng,ikpe1245,txi,Ikpeng,,Cariban,South America,-11.37822,-53.49553,true,
car-ingariko,inga1250,,Ingariko,,Cariban,South America,6.16277,-60.862,true,
car-kaxuiana,kaxu1237,kbb,Kaxuiâna,,Cariban,South America,2.17138,-55.9101,true,
car-kuikuro-kalapalo,kuik1246,kui,Kuikúro-Kalapálo,,Cariban,South America,-12.3035,-53.2261,true,
car-macushi,macu1259,mbc,Macushi,,Cariban,South America,4.31861,-60.2209,true,
car-mapoyo,mapo1246,mcg,Mapoyo,,Cariban,South America,5.96952,-67.2581,true,
car-panare,enap1235,pbh,Panare,,Cariban,South America,6.95035,-65.8483,true,
car-para-arara,para1310,aap,Pará Arára,,Cariban,South America,-3.71263,-53.0657,true,
car-pemon,pemo1248,aoc,Pemon,,Cariban,South America,4.97031,-61.4033,true,
car-tamanaku,tama1338,tmz,Tamanaku,,Cariban,South America,7.29297,-66.41416,true,
car-trio,trio1238,tri,Trió,,Cariban,South America,2.53616,-55.7599,true,
car-waimiri-atroari,waim1253,atr,Waimiri-Atroari,,Cariban,South America,-0.61832,-60.4259,true,
car-waiwai,waiw1244,waw,Waiwai,,Cariban,South America,1.50881,-59.1417,true,
car-wayana,waya1269,way,Wayana,,Cariban,South America,2.77537,-54.4429,true,
car-yabarana,yaba1248,yar,Yabarana,,Cariban,South America,5.32692,-66.276,true,
car-ye-kwana,maqu1238,mch,Ye'kwana,,Cariban,South America,4.70705,-64.3877,true,
car-yukpa,yukp1241,yup,Yukpa,,Cariban,South America,9.67534,-73.0557,true,
cay-cayuse,cayu1241,xcy,Cayuse,,Cayuse,North America,46.1136,-117.94,true,
cen-aringa,arin1244,luc,Aringa,,Central Sudanic,Africa,3.56143,31.3071,true,
cen-avokaya,avok1242,avu,Avokaya,,Central Sudanic,Africa,4.38639,29.9379,true,
cen-bagirmi,bagi1246,bmi,Bagirmi,,Central Sudanic,Africa,11.52392,14.769495,true,
cen-baka-south-sudan,baka1274,bdh,Baka (South Sudan),,Central Sudanic,Africa,4.65943,29.59,true,
cen-beli-south-sudan,beli1257,blm,Beli (South Sudan),,Central Sudanic,Africa,6.40428,29.7954,true,
cen-birri,birr1240,bvq,Birri,,Central Sudanic,Africa,5.33,24.6,true,
cen-bongo,bong1285,bot,Bongo,,Central Sudanic,Africa,7.4145,27.9918,true,
cen-dagba,dagb1248,dgk,Dagba,,Central Sudanic,Africa,8.84278,18.4847,true,
cen-furu,furu1242,fuu,Furu,,Central Sudanic,Africa,4.485,20.6448,true,
cen-gor,gorr1238,gqr,Gor,,Central Sudanic,Africa,8.0841,17.0713,true,
cen-gula-central-african-republic,gula1266,kcm,Gula (Central African Republic),,Central Sudanic,Africa,9.49092,23.3805,true,
cen-gula-chad,gula1269,glu,Gula (Chad),,Central Sudanic,Africa,10.3049,19.2182,true,
cen-gulay,gula1268,gvl,Gulay,,Central Sudanic,Africa,9.06629,17.3151,true,
cen-jur-modo,jurm1239,bex,Jur Modo,,Central Sudanic,Africa,6.03321,29.974,true,
cen-kaba,kaba1281,ksp,Kaba,,Central Sudanic,Africa,7.64972,16.7344,true,
cen-keliko,keli1248,kbo,Keliko,,Central Sudanic,Africa,3.56039,30.556,true,
cen-kenga,keng1240,kyq,Kenga,,Central Sudanic,Africa,11.6816,18.1464,true,
cen-lendu,lend1245,led,Lendu,,Central Sudanic,Africa,2.1898,30.6794,true,
cen-lese,lese1243,les,Lese,,Central Sudanic,Africa,1.3,29.3,true,
cen-logo,logo1259,log,Logo,,Central Sudanic,Africa,3.32608,29.8866,true,
cen-lugbara,lugb1240,lgg,Lugbara,,Central Sudanic,Africa,3.02245,30.8642,true,
cen-ma-di,madi1260,mhi,Ma'di,,Central Sudanic,Africa,3.62499,31.8471,true,
cen-mamvu,mamv1243,mdi,Mamvu,,Central Sudanic,Africa,2.68167,28.9862,true,
cen-mangbetu,mang1394,mdj,Mangbetu,,Central Sudanic,Africa,2.5511,27.0712,true,
cen-mangbutu,mang1396,mdk,Mangbutu,,Central Sudanic,Africa,2.74779,29.7358,true,
cen-mango,mang1398,mge,Mango,,Central Sudanic,Africa,8.75884,16.9082,true,
cen-mbay,mbay1241,myb,Mbay,,Central Sudanic,Africa,8.23066,15.7328,true,
cen-morokodo,moro1284,mgc,Morokodo,,Central Sudanic,Africa,5.5103,30.0229,true,
cen-morom,moro1281,bdo,Morom,,Central Sudanic,Africa,12.14611,17.64653,true,
cen-moru,moru1253,mgd,Moru,,Central Sudanic,Africa,5.1232,30.3287,true,
cen-naba,naba1253,mne,Naba,,Central Sudanic,Africa,12.7868,18.0777,true,
cen-nangnda,bedj1245,bjv,Nangnda,,Central Sudanic,Africa,8.60006,17.2691,true,
cen-ndo,ndoo1242,ndp,Ndo,,Central Sudanic,Africa,2.68546,30.5652,true,
cen-ngam,ngam1269,nmc,Ngam,,Central Sudanic,Africa,8.25957,18.4648,true,
cen-ngambay,ngam1268,sba,Ngambay,,Central Sudanic,Africa,8.57051,15.414,true,
cen-ngiti,ngit1239,niy,Ngiti,,Central Sudanic,Africa,1.30455,30.2242,true,
cen-nyamusa-molo,nyam1279,nwm,Nyamusa-Molo,,Central Sudanic,Africa,5.89708,30.3658,true,
cen-olu-bo,olub1238,lul,Olu'bo,,Central Sudanic,Africa,4.6242,31.9103,true,
cen-omi,omii1238,omi,Omi,,Central Sudanic,Africa,3.2542,30.5385,true,
cen-sar,sarr1246,mwm,Sar,,Central Sudanic,Africa,8.50634,17.8785,true,
cen-sara-kaba-deme,sara1322,kwg,Sara Kaba Deme,,Central Sudanic,Africa,9.03466,18.6607,true,
cen-sara-kaba-naa,sara1321,kwv,Sara Kaba Náà,,Central Sudanic,Africa,9.39388,19.2566,true,
cen-sinyar,siny1243,sys,Sinyar,,Central Sudanic,Africa,12.1895,22.5278,true,
cen-southern-ma-di,sout2828,snm,Southern Ma'di,,Central Sudanic,Africa,2.8735,31.25,true,
cen-yulu-binga,yulu1243,yul,Yulu-Binga,,Central Sudanic,Africa,8.04124,23.6166,true,
cha-chapakura,chap1269,,Chapakura,,Chapacuran,South America,-14.8,-62.2,true,
cha-itene,iten1243,ite,Itene,,Chapacuran,South America,-12.2994,-64.9841,true,
cha-itoreauhip,itor1239,,Itoreauhip,,Chapacuran,South America,-12.2994,-64.9841,true,
cha-kitemoka,kite1237,,Kitemoka,,Chapacuran,South America,-16.0,-62.75,true,
cha-kuyubi,kuyu1236,,Kuyubi,,Chapacuran,South America,-11.75,-64.0,true,
cha-oro-win,orow1243,orw,Oro Win,,Chapacuran,South America,-10.737,-64.0299,true,
cha-tora,tora1263,trz,Torá,,Chapacuran,South America,-6.19532,-61.7416,true,
cha-urupa,urup1245,,Urupa,,Chapacuran,South America,-10.25,-62.75,true,
cha-wanyam,wany1246,,Wanyam,,Chapacuran,South America,-12.1,-63.1,true,
cha-wari,wari1268,pav,Wari',,Chapacuran,South America,-10.69948,-64.56152,true,
cha-yaru,yaru1257,,Yaru,,Chapacuran,South America,-10.25,-62.0,true,
chb-barbareno,barb1263,boi,Barbareño,,Chumashan,North America,34.462,-119.699,true,
chb-cruzeno,cruz1243,crz,Cruzeño,,Chumashan,North America,34.0465,-119.864,true,
chb-ineseno,ines1240,inz,Ineseño,,Chumashan,North America,34.6169,-120.08,true,
chb-obispeno,obis1242,obi,Obispeño,,Chumashan,North America,35.2873,-120.669,true,
chb-ventureno,vent1242,veo,Ventureño,,Chumashan,North America,34.1761,-119.035,true,
chc-achuar-shiwiar,achu1248,acu,Achuar-Shiwiar,,Chicham,South America,-2.82646,-77.2641,true,
chc-aguaruna,agua1253,agr,Aguaruna,,Chicham,South America,-5.30044,-77.9218,true,
chc-huambisa,huam1247,hub,Huambisa,,Chicham,South America,-3.99109,-77.9797,true,
chc-shuar,shua1257,jiv,Shuar,,Chicham,South America,-3.45136,-78.1892,true,
chd-clatsop-shoalwater-chinook,chin1286,chh,Clatsop-Shoalwater Chinook,,Chinookan,North America,46.39132,-123.9249,true,
chd-creolized-grand-ronde-chinook-jargon,chin1272,chn,Creolized Grand Ronde Chinook Jargon,,Chinookan,North America,55.0,-125.0,true,
chd-kathlamet,kath1253,,Kathlamet,,Chinookan,North America,46.197,-123.56,true,
chd-upper-chinook,wasc1239,wac,Upper Chinook,,Chinookan,North America,45.0278,-121.509,true,
che-selk-nam,onaa1245,ona,Selk'nam,,Chonan,South America,-54.0,-68.5,true,
che-tehuelche,tehu1242,teh,Tehuelche,,Chonan,South America,-47.5796,-68.3235,true,
chf-chimariko,chim1301,cid,Chimariko,,Chimariko,North America,41.0,-123.0,true,
chg-lomeriano-ignaciano-chiquitano,chiq1248,cax,Lomeriano-Ignaciano Chiquitano,,Chiquitano,South America,-16.769554,-61.817795,true,
chh-chitimacha,chit1248,ctm,Chitimacha,,Chitimacha,North America,30.3386,-90.9123,true,
chi-arhuaco,arhu1242,arh,Arhuaco,,Chibchan,South America,10.7018,-73.6363,true,
chi-bari,bari1297,mot,Barí,,Chibchan,South America,9.08497,-72.9353,true,
chi-border-kuna,bord1248,kvn,Border Kuna,,Chibchan,South America,7.92993,-77.1664,true,
chi-boruca,boru1252,brn,Boruca,,Chibchan,North America,8.88093,-83.2124,true,
chi-bribri,brib1243,bzd,Bribri,,Chibchan,North America,9.39794,-83.0539,true,
chi-buglere,bugl1243,sab,Buglere,,Chibchan,North America,8.57695,-81.25648,true,
chi-cabecar,cabe1245,cjp,Cabécar,,Chibchan,North America,9.67031,-83.4102,true,
chi-central-tunebo,cent2150,tuf,Central Tunebo,,Chibchan,South America,6.8867,-72.097,true,
chi-changuena,chan1324,,Changuena,,Chibchan,North America,9.359643,-82.568207,true,
chi-chibcha,chib1270,chb,Chibcha,,Chibchan,South America,6.24999,-74.1666,true,
chi-chimila,chim1309,cbg,Chimila,,Chibchan,South America,10.1902,-74.2559,true,
chi-cogui,cogu1240,kog,Cogui,,Chibchan,South America,10.9485,-73.8043,true,
chi-dorasque,dora1242,,Dorasque,,Chibchan,North America,8.567442,-82.375717,true,
chi-kankuamo,kank1244,,Kankuamo,,Chibchan,South America,10.750207,-73.357544,true,
chi-kuna,kuna1280,,Kuna,,Chibchan,,,,false,
chi-malayo,mala1522,mbp,Malayo,,Chibchan,South America,10.9286,-73.4056,true,
chi-maleku-jaika,male1297,gut,Maléku Jaíka,,Chibchan,North America,10.7485,-84.7318,true,
chi-ngabere,ngab1239,gym,Ngäbere,,Chibchan,North America,8.8251,-82.3911,true,
chi-pech,pech1241,pay,Pech,,Chibchan,North America,15.8033,-85.558,true,
chi-rama,rama1270,rma,Rama,,Chibchan,North America,11.5007,-83.8571,true,
chi-san-blas-kuna,sanb1242,cuk,San Blas Kuna,,Chibchan,South America,9.15686,-78.3075,true,
chi-teribe,teri1250,tfr,Teribe,,Chibchan,North America,9.067,-82.9631,true,
chi-tunebo,tune1260,,Tunebo,,Chibchan,,,,false,
chj-quileute,quil1240,qui,Quileute,,Chimakuan,North America,47.9106,-124.603,true,
cho-embera-catio,embe1260,cto,Emberá-Catío,,Chocoan,South America,7.52721,-76.7476,true,
cho-embera-chami,embe1262,cmi,Emberá-Chamí,,Chocoan,South America,4.8791,-76.0749,true,
cho-embera-tado,embe1261,tdc,Emberá-Tadó,,Chocoan,South America,5.23658,-77.1533,true,
cho-epena,epen1239,sja,Epena,,Chocoan,South America,4.25877,-77.3566,true,
cho-northern-embera,nort2972,emp,Northern Emberá,,Chocoan,South America,7.12761,-77.574,true,
cho-woun-meu,woun1238,noa,Woun Meu,,Chocoan,South America,8.5,-78.0,true,
chu-alutor,alut1245,alr,Alutor,,Chukotko-Kamchatkan,Eurasia,60.3844,165.653,true,
chu-chukchi,chuk1273,ckt,Chukchi,,Chukotko-Kamchatkan,Eurasia,68.6436,170.045,true,
chu-kerek,kere1280,krk,Kerek,,Chukotko-Kamchatkan,Eurasia,62.1777,175.07,true,
chu-koryak,kory1246,kpy,Koryak,,Chukotko-Kamchatkan,Eurasia,63.8977,166.695,true,
chu-west-itelmen,itel1242,itl,West Itelmen,,Chukotko-Kamchatkan,Eurasia,56.046173,156.30704,true,
coa-coahuilteco,coah1252,xcw,Coahuilteco,,Coahuilteco,North America,28.2589,-97.89,true,
coc-cochimi,coch1272,coj,Cochimi,,Cochimi-Yuman,North America,29.04,-114.077,true,
coc-cocopa,coco1261,coc,Cocopa,,Cochimi-Yuman,North America,32.376,-114.848,true,
coc-havasupai-walapai-yavapai,hava1248,yuf,Havasupai-Walapai-Yavapai,,Cochimi-Yuman,North America,35.6302,-113.385,true,
coc-ipai,ipai1240,,Ipai,,Cochimi-Yuman,North America,33.005,-116.993,true,
coc-kiliwa,kili1268,klb,Kiliwa,,Cochimi-Yuman,North America,30.5471,-115.123,true,
coc-maricopa,mari1440,mrc,Maricopa,,Cochimi-Yuman,North America,33.5123,-111.749,true,
coc-mohave,moha1256,mov,Mohave,,Cochimi-Yuman,North America,34.8866,-114.599,true,
coc-paipai,paip1241,ppi,Paipai,,Cochimi-Yuman,North America,31.6063,-115.871,true,
coc-quechan,quec1382,yum,Quechan,,Cochimi-Yuman,North America,32.7859,-114.599,true,
coc-tipai-kumeyaay-huerteno,kumi1248,dih,Tipai-Kumeyaay-Huerteno,,Cochimi-Yuman,North America,32.331,-116.604,true,
cof-cofan,cofa1242,con,Cofán,,Cofán,South America,0.276675,-77.0643,true,
com-comecrudan,come1251,xcm,Comecrudan,,Comecrudan,North America,26.1333,-98.4667,true,
com-comecrudo,come1253,,Comecrudo,,Comecrudan,North America,26.1333,-98.4667,true,
coo-hanis,coos1249,csz,Hanis,,Coosan,North America,43.4413,-124.16,true,
cot-cotoname,coto1248,xcn,Cotoname,,Cotoname,North America,25.9116,-97.3956,true,
cui-cuitlatec,cuit1236,cuy,Cuitlatec,,Cuitlatec,North America,18.1,-100.5,true,
dag-daga,daga1275,dgz,Daga,,Dagan,Papunesia,-9.9747,149.263,true,
dag-dima,dima1252,jma,Dima,,Dagan,Papunesia,-9.70322,149.605,true,
dag-maiwa-papua-new-guinea,maiw1251,mti,Maiwa (Papua New Guinea),,Dagan,Papunesia,-9.69836,149.274,true,
dag-onjob,onjo1240,onj,Onjob,,Dagan,Papunesia,-9.31824,149.121,true,
daj-dar-fur-daju,darf1239,daj,Dar Fur Daju,,Dajuic,Africa,12.2598,25.3127,true,
daj-dar-sila-daju,dars1235,dau,Dar Sila Daju,,Dajuic,Africa,11.9861,22.2013,true,
daj-logorik,logo1261,liu,Logorik,,Dajuic,Africa,11.1739,29.8053,true,
daj-njalgulgule,njal1239,njl,Njalgulgule,,Dajuic,Africa,8.70752,26.1147,true,
daj-shatt,shat1244,shj,Shatt,,Dajuic,Africa,10.8525,29.7687,true,
dam-damal,dama1272,uhn,Damal,,Damal,Papunesia,-4.17345,137.496,true,
dem-dem,demm1245,dem,Dem,,Dem,Papunesia,-3.72183,137.632,true,
dib-dibiyaso,dibi1240,dby,Dibiyaso,,Dibiyaso,Papunesia,-7.82096,142.779,true,
diz-dizin,dizi1235,mdx,Dizin,,Dizoid,Africa,6.1405,35.5763,true,
diz-nayi,nayi1243,noz,Nayi,,Dizoid,Africa,6.88202,36.3813,true,
diz-sheko,shek1245,she,Sheko,,Dizoid,Africa,7.05022,35.2826,true,
dog-ampari-dogon,ampa1238,aqd,Ampari Dogon,,Dogon,Africa,14.15,-3.55,true,
dog-ana-tinga-dogon,anat1248,dti,Ana Tinga Dogon,,Dogon,Africa,14.6669,-3.1168,true,
dog-bankan-tey-dogon,bank1259,dbw,Bankan Tey Dogon,,Dogon,Africa,15.06,-2.92,true,
dog-ben-tey-dogon,bent1238,dbt,Ben Tey Dogon,,Dogon,Africa,14.78,-2.94,true,
dog-bondum-dom,bond1252,,Bondum Dom,,Dogon,Africa,14.9066,-3.32636,true,
dog-bunoge-dogon,buno1241,dgb,Bunoge Dogon,,Dogon,Africa,14.43,-3.49,true,
dog-dogul-dom-dogon,dogu1235,dbg,Dogul Dom Dogon,,Dogon,Africa,14.5872,-3.56855,true,
dog-donno-so-dogon,donn1239,dds,Donno So Dogon,,Dogon,Africa,14.34019,-3.51468,true,
dog-guru-mali,guru1265,,Guru (Mali),,Dogon,Africa,14.1794,-2.57999,true,
dog-jamsay-dogon,jams1239,djm,Jamsay Dogon,,Dogon,Africa,14.1794,-2.57999,true,
dog-mombo-dogon,momb1254,dmb,Mombo Dogon,,Dogon,Africa,14.376155,-3.664799,true,
dog-najamba-kindige,bond1248,dbu,Najamba-Kindige,,Dogon,Africa,14.9066,-3.32636,true,
dog-nanga,nang1261,nzz,Nanga,,Dogon,Africa,14.49,-3.02,true,
dog-penange,pena1270,,Penange,,Dogon,Africa,14.38,-4.03,true,
dog-perge-tegu,perg1234,,Perge Tegu,,Dogon,Africa,14.1794,-2.57999,true,
dog-tebul-ure-dogon,tebu1239,dtu,Tebul Ure Dogon,,Dogon,Africa,14.66,-3.1,true,
dog-tengou-togo-dogon,tene1248,dtk,Tengou-Togo Dogon,,Dogon,Africa,14.0675,-3.37158,true,
dog-tiranige-diga-dogon,tira1258,tde,Tiranige Diga Dogon,,Dogon,Africa,14.76,-3.7,true,
dog-togo-kan,togo1254,,Togo Kan,,Dogon,Africa,14.0675,-3.37158,true,
dog-tommo-so-dogon,tomm1242,dto,Tommo So Dogon,,Dogon,Africa,14.756,-3.28,true,
dog-tomo-kan-dogon,tomo1243,dtm,Tomo Kan Dogon,,Dogon,Africa,13.6331,-3.82228,true,
dog-toro-so-dogon,toro1252,dts,Toro So Dogon,,Dogon,Africa,14.40749,-3.10006,true,
dog-toro-tegu-dogon,toro1253,dtt,Toro Tegu Dogon,,Dogon,Africa,15.0644,-2.22427,true,
dog-yanda-dom-dogon,yand1257,dym,Yanda Dom Dogon,,Dogon,Africa,14.63,-3.15,true,
dog-yorno-so,yorn1234,,Yorno So,,Dogon,Africa,14.40749,-3.10006,true,
dos-doso,doso1239,dol,Doso,,Doso-Turumsa,Papunesia,-7.85806,142.656,true,
dra-aranadan,aran1261,aaf,Aranadan,,Dravidian,Eurasia,11.35252,75.79538,true,
dra-badaga,bada1257,bfq,Badaga,,Dravidian,Eurasia,11.3094,76.5974,true,
dra-betta-kurumba,bett1235,xub,Betta Kurumba,,Dravidian,Eurasia,11.6385,76.6064,true,
dra-brahui,brah1256,brh,Brahui,,Dravidian,Eurasia,29.04,66.56,true,
dra-dandami-maria,dand1238,daq,Dandami Maria,,Dravidian,Eurasia,18.7475,81.3598,true,
dra-duruwa,duru1236,pci,Duruwa,,Dravidian,Eurasia,19.0534,82.4881,true,
dra-indian-kurux,kuru1302,,Indian Kurux,,Dravidian,Eurasia,24.4644,86.4657,true,
dra-irula-of-the-nilgiri,irul1243,iru,Irula of the Nilgiri,,Dravidian,Eurasia,12.70645,79.95209,true,
dra-kaikadi,kaik1244,kep,Kaikadi,,Dravidian,Eurasia,18.3859,76.0003,true,
dra-kannada,nucl1305,kan,Kannada,,Dravidian,Eurasia,13.5878,76.1198,true,
dra-kodava,koda1255,kfa,Kodava,,Dravidian,Eurasia,12.2443,75.9161,true,
dra-konda-dora,kond1295,kfc,Konda-Dora,,Dravidian,Eurasia,18.26754,82.93402,true,
dra-korra-koraga,korr1238,kfd,Korra Koraga,,Dravidian,Eurasia,12.9163,75.2,true,
dra-kota-india,kota1263,kfe,Kota (India),,Dravidian,Eurasia,11.4978,76.9387,true,
dra-koya,koya1251,kff,Koya,,Dravidian,Eurasia,17.6772,81.2096,true,
dra-kui-india,kuii1252,kxu,Kui (India),,Dravidian,Eurasia,19.2043,83.5859,true,
dra-kumarbhag-paharia,kuma1274,kmj,Kumarbhag Paharia,,Dravidian,Eurasia,24.1217,87.2699,true,
dra-kurukh,kuru1301,kru,Kurukh,,Dravidian,Eurasia,24.46442,86.46568,true,
dra-kuvi,kuvi1243,kxv,Kuvi,,Dravidian,Eurasia,18.8832,83.7552,true,
dra-malayalam,mala1464,mal,Malayalam,,Dravidian,Eurasia,9.59208,76.7651,true,
dra-manda-india,mand1413,mha,Manda (India),,Dravidian,Eurasia,20.0962,83.6749,true,
dra-maria-india,mari1414,mrr,Maria (India),,Dravidian,Eurasia,19.7875,79.9144,true,
dra-mullu-kurumba,mull1244,kpb,Mullu Kurumba,,Dravidian,Eurasia,11.29,76.7,true,
dra-muthuvan,muth1236,muv,Muthuvan,,Dravidian,Eurasia,10.3524,76.7328,true,
dra-northern-gondi,nort2702,gno,Northern Gondi,,Dravidian,Eurasia,18.1632,81.3842,true,
dra-northwestern-kolami,nort2699,kfb,Northwestern Kolami,,Dravidian,Eurasia,20.1022,78.4934,true,
dra-old-tamil,oldt1248,oty,Old Tamil,,Dravidian,Eurasia,11.0,78.0,true,
dra-pengo,peng1244,peg,Pengo,,Dravidian,Eurasia,19.3435,83.6552,true,
dra-pottangi-ollar-gadaba,pott1240,gdb,Pottangi Ollar Gadaba,,Dravidian,Eurasia,18.5968,82.7586,true,
dra-ravula,ravu1237,yea,Ravula,,Dravidian,Eurasia,12.3231,75.6265,true,
dra-sauria-paharia,saur1249,mjt,Sauria Paharia,,Dravidian,Eurasia,24.8124,87.6432,true,
dra-sholaga,shol1240,sle,Sholaga,,Dravidian,Eurasia,11.9458,77.2211,true,
dra-southern-gondi,sout2711,,Southern Gondi,,Dravidian,Eurasia,,,false,
dra-tamil,tami1289,tam,Tamil,,Dravidian,Eurasia,10.520219,78.825989,true,
dra-telugu,telu1262,tel,Telugu,,Dravidian,Eurasia,16.4529,78.7024,true,
dra-toda,toda1252,tcx,Toda,,Dravidian,Eurasia,11.4184,77.0168,true,
dra-tulu,tulu1258,tcy,Tulu,,Dravidian,Eurasia,12.8114,75.2651,true,
dra-western-muria,west2408,mut,Western Muria,,Dravidian,Eurasia,20.2384,80.7006,true,
dra-yerukula,yeru1240,yeu,Yerukula,,Dravidian,Eurasia,17.3702,81.9748,true,
dun-duna,duna1248,duc,Duna,,Duna,Papunesia,-5.41439,142.475,true,
eaa-fembe,femb1238,agl,Fembe,,East Strickland,Papunesia,-5.71596,142.254,true,
eaa-gobasi,goba1246,goi,Gobasi,,East Strickland,Papunesia,-6.48678,142.201,true,
eaa-honibo,honi1245,,Honibo,,East Strickland,Papunesia,-6.48678,142.201,true,
eaa-konai,kona1242,kxw,Konai,,East Strickland,Papunesia,-5.66011,142.069,true,
eaa-kubo,kubo1242,jko,Kubo,,East Strickland,Papunesia,-5.92584,142.183,true,
eaa-odoodee,odoo1238,kkc,Odoodee,,East Strickland,Papunesia,-6.59222,142.486,true,
eaa-oiba,oiba1238,,Oiba,,East Strickland,Papunesia,-6.48678,142.201,true,
eaa-samo,samo1303,smq,Samo,,East Strickland,Papunesia,-6.15496,142.195,true,
eab-irires,irir1234,,Irires,,East Bird's Head,Papunesia,-1.18016,133.618,true,
eab-meyah,meya1236,mej,Meyah,,East Bird's Head,Papunesia,-1.18016,133.618,true,
eab-moskona,mosk1236,mtj,Moskona,,East Bird's Head,Papunesia,-1.62201,133.145,true,
eab-sougb,mani1235,mnx,Sougb,,East Bird's Head,Papunesia,-1.49611,133.95,true,
eac-bagvalal,bagv1240,,Bagvalal,,East-Caucasian,,,,false,
eac-bagvalal-2,bagv1241,,Bagvalal,,East-Caucasian,,,,false,
eac-bagvalal-3,bagv1242,,Bagvalal,,East-Caucasian,,,,false,
ead-gaam,gaam1241,tbi,Gaam,,Eastern Jebel,Africa,11.4674,33.9797,true,
ead-kelo,kelo1246,xel,Kelo,,Eastern Jebel,Africa,10.9291,34.3816,true,
ead-molo,molo1257,zmo,Molo,,Eastern Jebel,Africa,10.793,33.5677,true,
eae-kamu,kamu1258,xmu,Kamu,,Eastern Daly,Australia,-13.5393,131.098,true,
eae-madngele,madn1237,zml,Madngele,,Eastern Daly,Australia,-13.9479,130.6,true,
eaf-foi,foii1241,foi,Foi,,East Kutubu,Papunesia,-6.47258,143.495,true,
eas-abam,abam1239,,Abam,,Eastern Trans-Fly,Papunesia,-8.79741,143.064,true,
eas-bine,bine1240,bon,Bine,,Eastern Trans-Fly,Papunesia,-9.08879,142.893,true,
eas-boze-giringarede,boze1239,,Boze-Giringarede,,Eastern Trans-Fly,Papunesia,-9.06186,143.04108,true,
eas-dorogori,doro1265,,Dorogori,,Eastern Trans-Fly,Papunesia,-8.79741,143.064,true,
eas-gamaewe,gama1253,,Gamaewe,,Eastern Trans-Fly,Papunesia,-8.79741,143.064,true,
eas-gizrra,gizr1240,tof,Gizrra,,Eastern Trans-Fly,Papunesia,-9.183,142.804,true,
eas-guiam,guia1241,,Guiam,,Eastern Trans-Fly,Papunesia,-8.79741,143.064,true,
eas-iamega,iame1239,,Iamega,,Eastern Trans-Fly,Papunesia,-8.79741,143.064,true,
eas-irupi-drageli,irup1239,,Irupi-Drageli,,Eastern Trans-Fly,Papunesia,-9.13885443,142.87018756,true,
eas-kapal,kapa1255,,Kapal,,Eastern Trans-Fly,Papunesia,-8.79741,143.064,true,
eas-kunini,kuni1264,,Kunini,,Eastern Trans-Fly,Papunesia,-9.080784,143.030921,true,
eas-kuru,kuru1307,,Kuru,,Eastern Trans-Fly,Papunesia,-8.79741,143.064,true,
eas-masingle,masi1270,,Masingle,,Eastern Trans-Fly,Papunesia,-9.137883,142.956086,true,
eas-meriam,meri1244,ulk,Meriam,,Eastern Trans-Fly,Papunesia,-9.59575,143.773,true,
eas-peawa,peaw1239,,Peawa,,Eastern Trans-Fly,Papunesia,-8.79741,143.064,true,
eas-podari,poda1239,,Podari,,Eastern Trans-Fly,Papunesia,-8.79741,143.064,true,
eas-sebe,sebe1243,,Sebe,,Eastern Trans-Fly,Papunesia,-8.9268042,142.76373051,true,
eas-sogal,soga1243,,Sogal,,Eastern Trans-Fly,Papunesia,-8.86577199,142.8578435,true,
eas-tate,tate1244,,Tate,,Eastern Trans-Fly,Papunesia,-9.137883,142.956086,true,
eas-ume-papua-new-guinea,umee1243,,Ume (Papua New Guinea),,Eastern Trans-Fly,Papunesia,-8.79741,143.064,true,
eas-waidoro,waid1239,,Waidoro,,Eastern Trans-Fly,Papunesia,-9.183,142.804,true,
eas-wipi,wipi1242,gdr,Wipi,,Eastern Trans-Fly,Papunesia,-8.79741,143.064,true,
eas-wipim,wipi1243,,Wipim,,Eastern Trans-Fly,Papunesia,-8.79741,143.064,true,
eas-wonie,woni1239,,Wonie,,Eastern Trans-Fly,Papunesia,-8.79741,143.064,true,
eas-yuta,yuta1239,,Yuta,,Eastern Trans-Fly,Papunesia,-8.79741,143.064,true,
ela-elamite,elam1244,elx,Elamite,,Elamite,Eurasia,31.1833,48.2333,true,
ele-aheave,ahea1235,,Aheave,,Eleman,Papunesia,-7.63603,145.415,true,
ele-eastern-eleman,east2494,,Eastern Eleman,,Eleman,,,,false,
ele-eleman,nucl1580,,Eleman,,Eleman,,,,false,
ele-keoru-ahia,keor1235,xeu,Keoru-Ahia,,Eleman,Papunesia,-7.63603,145.415,true,
ele-opao,opao1240,opo,Opao,,Eleman,Papunesia,-7.85988,145.751,true,
ele-orokolo,orok1267,oro,Orokolo,,Eleman,Papunesia,-7.81309,145.34,true,
ele-sepoe,sepo1239,,Sepoe,,Eleman,Papunesia,-8.050589,145.949956,true,
ele-tairuma,tair1256,uar,Tairuma,,Eleman,Papunesia,-7.94866,145.732,true,
ele-toaripi,toar1246,tqo,Toaripi,,Eleman,Papunesia,-8.07231,146.206,true,
ele-western-eleman,west2573,,Western Eleman,,Eleman,,,,false,
els-elseng,else1239,mrf,Elseng,,Elseng,Papunesia,-3.00176,140.418,true,
esk-aleut,aleu1260,ale,Aleut,,Eskimo-Aleut,North America,52.1228,-174.29,true,
esk-central-alaskan-yupik,cent2127,esu,Central Alaskan Yupik,,Eskimo-Aleut,North America,60.3062,-161.486,true,
esk-central-siberian-yupik,cent2128,ess,Central Siberian Yupik,,Eskimo-Aleut,Eurasia,63.4308,-170.272,true,
esk-eastern-canadian-inuktitut,east2534,ike,Eastern Canadian Inuktitut,,Eskimo-Aleut,North America,62.1735,-75.6139,true,
esk-kalaallisut,kala1399,kal,Kalaallisut,,Eskimo-Aleut,North America,69.3761,-52.864,true,
esk-mednyj-aleut,medn1235,mud,Mednyj Aleut,,Eskimo-Aleut,Eurasia,54.6601,167.782,true,
esk-naukan-yupik,nauk1242,ynk,Naukan Yupik,,Eskimo-Aleut,Eurasia,65.5184,-171.755,true,
esk-north-alaskan-inupiatun,nort2943,esi,North Alaskan Inupiatun,,Eskimo-Aleut,North America,69.582,-143.77,true,
esk-old-sirenik,sire1246,ysr,Old Sirenik,,Eskimo-Aleut,Eurasia,64.5192,-173.925,true,
esk-pacific-gulf-yupik,paci1278,ems,Pacific Gulf Yupik,,Eskimo-Aleut,North America,60.4238,-148.043,true,
esk-seward-alaska-inupiatun,nort2945,esk,Seward Alaska Inupiatun,,Eskimo-Aleut,North America,64.77955,-161.80666,true,
esk-western-canadian-inuktitut,west2618,ikt,Western Canadian Inuktitut,,Eskimo-Aleut,North America,64.3486,-96.148,true,
ess-esselen,esse1238,esq,Esselen,,Esselen,North America,36.5473,-121.867,true,
etr-etruscan,etru1241,ett,Etruscan,,Etruscan,Eurasia,41.9,12.4833,true,
fas-fasu,fasu1242,faa,Fasu,,Fasu,Papunesia,-6.62687,143.284,true,
ful-fulnio,fuln1247,fun,Fulniô,,Fulniô,South America,-9.02591,-37.1402,true,
fur-amdang,amda1238,amj,Amdang,,Furan,Africa,14.7528,20.8912,true,
fur-fur,furr1244,fvr,Fur,,Furan,Africa,12.0455,23.6401,true,
fuy-fuyug,fuyu1242,fuy,Fuyug,,Fuyug,Papunesia,-8.6371,147.312,true,
gaa-gaagudju,gaga1251,gbu,Gaagudju,,Gaagudju,Australia,-12.5176,132.643,true,
gar-garrwa,gara1269,wrk,Garrwa,,Garrwan,Australia,-17.4504,137.72014,true,
gar-wanyi,wany1247,wny,Wanyi,,Garrwan,Australia,-18.6529,137.608,true,
gee-barapasi,bara1375,brp,Barapasi,,Geelvink Bay,Papunesia,-2.28732,137.054,true,
gee-bauzi,bauz1241,bvz,Bauzi,,Geelvink Bay,Papunesia,-2.44717,137.629,true,
gee-burate,bura1276,bti,Burate,,Geelvink Bay,Papunesia,-2.79301,136.038,true,
gee-demisa,demi1242,dei,Demisa,,Geelvink Bay,Papunesia,-2.54564,136.694,true,
gee-kofei,kofe1239,kpi,Kofei,,Geelvink Bay,Papunesia,-2.414345,136.813619,true,
gee-tefaro,tefa1238,tfo,Tefaro,,Geelvink Bay,Papunesia,-2.35042,136.753,true,
gee-tunggare,tung1293,trt,Tunggare,,Geelvink Bay,Papunesia,-3.37462,135.551,true,
gii-erre,erre1238,err,Erre,,Giimbiyu,Australia,-12.2839,132.868,true,
gii-mangerr,mang1382,zme,Mangerr,,Giimbiyu,Australia,-12.2391,132.973,true,
gii-urningangg,urni1239,urc,Urningangg,,Giimbiyu,Australia,-13.4766,133.023,true,
gra-airoran,airo1242,air,Airoran,,Greater Kwerba,Papunesia,-1.8522,138.158,true,
gra-bagusa,bagu1251,bqb,Bagusa,,Greater Kwerba,Papunesia,-1.98844,137.914,true,
gra-isirawa,isir1237,srl,Isirawa,,Greater Kwerba,Papunesia,-1.88775,138.595,true,
gra-kauwera,kauw1242,xau,Kauwera,,Greater Kwerba,Papunesia,-2.22799,138.157,true,
gra-kwerba,nucl1595,kwe,Kwerba,,Greater Kwerba,Papunesia,-2.2137,138.486,true,
gra-samarokena,sama1240,tmj,Samarokena,,Greater Kwerba,Papunesia,-1.84878,138.34,true,
gra-trimuris,trim1239,tip,Trimuris,,Greater Kwerba,Papunesia,-2.15863,138.027,true,
gre-akabea,akab1249,abj,Akabea,,Great Andamanese,Eurasia,12.3782,92.7818,true,
gre-akabo,akab1248,akm,Akabo,,Great Andamanese,Eurasia,12.3629,92.8011,true,
gre-akacari,akac1240,aci,Akacari,,Great Andamanese,Eurasia,13.49086,92.94855,true,
gre-akajeru,akaj1239,akj,Akajeru,,Great Andamanese,Eurasia,13.1525,92.9504,true,
gre-akakede,akak1252,akx,Akakede,,Great Andamanese,Eurasia,12.8494,92.8227,true,
gre-akakol,akak1253,aky,Akakol,,Great Andamanese,Eurasia,12.73253,92.78661,true,
gre-akakora,akak1251,ack,Akakora,,Great Andamanese,Eurasia,12.0944,92.7466,true,
gre-akarbale,akar1243,acl,Akarbale,,Great Andamanese,Eurasia,12.6663,92.8278,true,
gre-apucikwar,apuc1241,apq,Apucikwar,,Great Andamanese,Eurasia,12.241,92.7965,true,
gre-great-andamanese,grea1241,,Great Andamanese,,Great Andamanese,,,,false,
gre-mixed-great-andamanese,mixe1288,gac,Mixed Great Andamanese,,Great Andamanese,Eurasia,11.67,92.74,true,
gre-okojuwoi,okoj1239,okj,Okojuwoi,,Great Andamanese,Eurasia,13.0472,92.8753,true,
gua-abipon,abip1241,axb,Abipon,,Guaicuruan,South America,-29.0,-61.0,true,
gua-kadiweu,kadi1248,kbc,Kadiwéu,,Guaicuruan,South America,-19.7222,-57.582,true,
gua-mocovi,moco1246,moc,Mocoví,,Guaicuruan,South America,-28.097,-60.4145,true,
gua-pilaga,pila1245,plg,Pilagá,,Guaicuruan,South America,-25.0058,-60.1537,true,
gua-toba,toba1269,tob,Toba,,Guaicuruan,South America,-23.77,-61.96,true,
gua-toba-pilaga,toba1270,,Toba-Pilagá,,Guaicuruan,South America,-25.0058,-60.1537,true,
gub-cuiba,cuib1242,cui,Cuiba,,Guahiboan,South America,6.19829,-69.8197,true,
gub-guayabero,guay1257,guo,Guayabero,,Guahiboan,South America,2.8969,-71.844,true,
gub-hitnu,maca1259,mbn,Hitnu,,Guahiboan,South America,6.34582,-71.2671,true,
gub-playero,play1240,gob,Playero,,Guahiboan,South America,6.90948,-71.0036,true,
gub-sikuani,guah1255,guh,Sikuani,,Guahiboan,South America,5.81736,-68.9839,true,
guc-guato,guat1253,gta,Guató,,Guató,South America,-17.8696,-57.2897,true,
gum-northern-gumuz,gumu1244,guk,Northern Gumuz,,Gumuz,Africa,11.05,35.93,true,
gun-anindilyakwa,anin1240,aoi,Anindilyakwa,,Gunwinyguan,Australia,-13.99904,136.6415,true,
gun-bininj-kun-wok,gunw1252,gup,Bininj Kun-Wok,,Gunwinyguan,Australia,-12.3398,133.358,true,
gun-jawoyn,djau1244,djn,Jawoyn,,Gunwinyguan,Australia,-14.1361,133.002,true,
gun-kunbarlang,kunb1251,wlg,Kunbarlang,,Gunwinyguan,Australia,-11.9133,133.723,true,
gun-ngalakgan,ngal1293,nig,Ngalakgan,,Gunwinyguan,Australia,-14.4281,134.716,true,
gun-ngalkbun,ngal1292,ngk,Ngalkbun,,Gunwinyguan,Australia,-13.9783,133.936,true,
gun-ngandi,ngan1295,nid,Ngandi,,Gunwinyguan,Australia,-12.8448,134.649,true,
gun-rembarrnga,remb1249,rmb,Rembarrnga,,Gunwinyguan,Australia,-12.9608,134.308,true,
gun-warray,wara1290,wrz,Warray,,Gunwinyguan,Australia,-13.0941,131.236,true,
gun-wubuy,nung1290,nuy,Wubuy,,Gunwinyguan,Australia,-14.2623,135.753,true,
haa-hattic,hatt1246,xht,Hattic,,Hattic,Eurasia,40.4,34.6,true,
had-hadza,hadz1240,hts,Hadza,,Hadza,Africa,-3.83115,35.0458,true,
hai-haida,haid1248,,Haida,,Haida,North America,,,false,
hai-northern-haida,nort2938,hdn,Northern Haida,,Haida,North America,54.004532,-132.079257,true,
hai-southern-haida,sout2956,hax,Southern Haida,,Haida,North America,53.2616,-132.008,true,
har-amarakaeri,amar1274,amr,Amarakaeri,,Harakmbut,South America,-12.4931,-70.5533,true,
har-arasairi,aras1241,,Arasairi,,Harakmbut,South America,-13.31951,-71.22749,true,
har-huachipaeri,huac1244,hug,Huachipaeri,,Harakmbut,South America,-13.31951,-71.22749,true,
har-sapiteri,sapi1239,,Sapiteri,,Harakmbut,South America,-13.31951,-71.22749,true,
har-toyeri,toye1240,,Toyeri,,Harakmbut,South America,-13.31951,-71.22749,true,
hat-hatam,hata1243,had,Hatam,,Hatam-Mansim,Papunesia,-1.13531,134.037,true,
hat-mansim,mans1260,,Mansim,,Hatam-Mansim,Papunesia,-0.915054,134.011116,true,
hei-ebang,heib1243,hbn,Ebang,,Heibanic,Africa,11.2908,30.5282,true,
hei-ko,kooo1244,fuj,Ko,,Heibanic,Africa,10.7321,31.5399,true,
hei-koalib-rere,koal1240,kib,Koalib-Rere,,Heibanic,Africa,11.69648,30.47166,true,
hei-laru-north-sudan,laro1243,lro,Laru (North Sudan),,Heibanic,Africa,11.3915,30.3824,true,
hei-logol,logo1262,lof,Logol,,Heibanic,Africa,10.98053,31.12359,true,
hei-moro,moro1285,mor,Moro,,Heibanic,Africa,10.9194,30.2138,true,
hei-otoro,otor1240,otr,Otoro,,Heibanic,Africa,11.1187,30.573,true,
hei-shwai,shwa1239,shw,Shwai,,Heibanic,Africa,11.2708,30.3533,true,
hei-tira,tira1254,tic,Tira,,Heibanic,Africa,11.0963,30.8092,true,
hei-warnang,warn1244,wrn,Warnang,,Heibanic,Africa,10.594,31.1574,true,
hib-cholon,chol1284,cht,Cholón,,Hibito-Cholon,South America,-9.23129,-75.9621,true,
hib-hibito-cholon,hibi1242,,Hibito-Cholon,,Hibito-Cholon,,,,false,
hmx-biao-jiao-mien,biao1254,bje,Biao-Jiao Mien,,Hmong-Mien,Eurasia,25.5309,111.344,true,
hmx-biao-mon,biao1256,bmt,Biao Mon,,Hmong-Mien,Eurasia,24.6451,113.469,true,
hmx-bunu,buna1273,bwx,Bunu,,Hmong-Mien,Eurasia,24.1025,107.711,true,
hmx-central-huishui-hmong,cent2013,hmc,Central Huishui Hmong,,Hmong-Mien,Eurasia,26.041,106.719,true,
hmx-central-mashan-hmong,cent1394,hmm,Central Mashan Hmong,,Hmong-Mien,Eurasia,25.60046,106.39604,true,
hmx-chuanqiandian,chua1248,,Chuanqiandian,,Hmong-Mien,,,,false,
hmx-chuanqiandian-cluster-miao,chua1256,cqd,Chuanqiandian Cluster Miao,,Hmong-Mien,Eurasia,22.5638,101.95,true,
hmx-diandongbei-large-flowery-miao,larg1235,hmd,Diandongbei-Large Flowery Miao,,Hmong-Mien,Eurasia,27.8682,104.06,true,
hmx-dongnu,dong1287,,Dongnu,,Hmong-Mien,Eurasia,24.1025,107.711,true,
hmx-dzao-min,dzao1238,bpn,Dzao Min,,Hmong-Mien,Eurasia,24.9754,112.326,true,
hmx-east-hmongic,east2369,,East Hmongic,,Hmong-Mien,,,,false,
hmx-eastern-qiandong-miao,east2370,hmq,Eastern Qiandong Miao,,Hmong-Mien,Eurasia,26.4966,109.046,true,
hmx-eastern-xiangxi-miao,east2371,muq,Eastern Xiangxi Miao,,Hmong-Mien,Eurasia,28.7318,109.756,true,
hmx-guiyang,guiy1235,,Guiyang,,Hmong-Mien,,,,false,
hmx-hmong-daw,hmon1333,mww,Hmong Daw,,Hmong-Mien,Eurasia,21.5461,103.164,true,
hmx-hmong-do,hmon1332,hmv,Hmong Dô,,Hmong-Mien,Eurasia,22.7962,104.182,true,
hmx-hmong-mien,hmon1336,,Hmong-Mien,,Hmong-Mien,,,,false,
hmx-hmong-njua,hmon1264,hnj,Hmong Njua,,Hmong-Mien,Eurasia,22.5638,101.95,true,
hmx-hmongic,hmon1337,,Hmongic,,Hmong-Mien,,,,false,
hmx-iu-mien,iumi1238,ium,Iu Mien,,Hmong-Mien,Eurasia,20.83,101.17,true,
hmx-jiongnai-bunu,jion1236,pnu,Jiongnai Bunu,,Hmong-Mien,Eurasia,23.8692,110.007,true,
hmx-kim-mun,kimm1245,mji,Kim Mun,,Hmong-Mien,Eurasia,22.9856,105.024,true,
hmx-luopohe-hmong,luop1235,hml,Luopohe Hmong,,Hmong-Mien,Eurasia,26.8183,107.158,true,
hmx-mienic,mien1242,,Mienic,,Hmong-Mien,,,,false,
hmx-na-meo,name1237,neo,Ná-Meo,,Hmong-Mien,Eurasia,22.4189,106.435,true,
hmx-north-hmongic,nort2748,,North Hmongic,,Hmong-Mien,,,,false,
hmx-northern-guiyang-hmong,nort1545,huj,Northern Guiyang Hmong,,Hmong-Mien,Eurasia,26.7238,106.682,true,
hmx-northern-hua-miao,nort3244,,Northern Hua Miao,,Hmong-Mien,Eurasia,24.041944,104.191944,true,
hmx-northern-huishui-hmong,nort2749,hmi,Northern Huishui Hmong,,Hmong-Mien,Eurasia,26.3259,107.102,true,
hmx-northern-qiandong-miao,nort2747,hea,Northern Qiandong Miao,,Hmong-Mien,Eurasia,26.6338,108.162,true,
hmx-numao,numa1251,,Numao,,Hmong-Mien,Eurasia,25.44992,108.06107,true,
hmx-nunu,nunu1247,,Nunu,,Hmong-Mien,Eurasia,24.1025,107.711,true,
hmx-pa-hng,pahn1237,pha,Pa-Hng,,Hmong-Mien,Eurasia,22.8049,105.165,true,
hmx-pa-na,pana1310,,Pa Na,,Hmong-Mien,Eurasia,26.263819,110.096687,true,
hmx-she,shee1238,shx,She,,Hmong-Mien,Eurasia,23.0399,114.814,true,
hmx-southern-qiandong-miao,sout2754,hms,Southern Qiandong Miao,,Hmong-Mien,Eurasia,25.6618,108.533,true,
hmx-western-xiangxi-miao,west2430,mmr,Western Xiangxi Miao,,Hmong-Mien,Eurasia,28.33,109.67,true,
hmx-wunai-bunu,wuna1248,bwn,Wunai Bunu,,Hmong-Mien,Eurasia,27.9649,110.473,true,
hmx-younuo-bunu,youn1235,buh,Younuo Bunu,,Hmong-Mien,Eurasia,25.7638,110.474,true,
hot-hoti,yuwa1244,yau,Hoti,,Hoti,South America,5.63879,-65.4267,true,
hru-hruso,hrus1242,hru,Hruso,,Hruso,Eurasia,27.27,92.63,true,
hua-san-francisco-del-mar-huave,sanf1258,hue,San Francisco del Mar Huave,,Huavean,North America,16.2836,-94.5738,true,
hua-san-mateo-del-mar-huave,sanm1287,huv,San Mateo del Mar Huave,,Huavean,North America,16.2129,-95.0077,true,
hub-allentiac,alle1238,,Allentiac,,Huarpean,South America,-33.480938,-68.096924,true,
hui-andoquero,ando1254,,Andoquero,,Huitotoan,South America,-0.666992,-72.310867,true,
hui-coeruna,coer1236,,Coeruna,,Huitotoan,South America,-1.054216,-70.58464,true,
hui-minica-huitoto,mini1256,hto,Minica Huitoto,,Huitotoan,South America,-1.54535,-73.1107,true,
hui-murui-huitoto,muru1274,huu,Murui Huitoto,,Huitotoan,South America,-1.13669,-73.8331,true,
hui-nonuya,nonu1241,noj,Nonuya,,Huitotoan,South America,-1.25,-72.5,true,
hui-nupode-huitoto,nupo1240,hux,Nüpode Huitoto,,Huitotoan,South America,-2.34495,-70.9559,true,
hui-ocaina,ocai1244,oca,Ocaina,,Huitotoan,South America,-2.159,-72.1422,true,
hur-hurrian,hurr1240,xhu,Hurrian,,Hurro-Urartian,Eurasia,40.7339,43.3154,true,
hur-urartian,urar1245,xur,Urartian,,Hurro-Urartian,Eurasia,38.5,43.3425,true,
ijo-biseni,bise1238,ije,Biseni,,Ijoid,Africa,5.40296,6.51646,true,
ijo-defaka,defa1248,afn,Defaka,,Ijoid,Africa,4.58451,7.50186,true,
ijo-ibani,iban1261,iby,Ibani,,Ijoid,Africa,4.49119,7.23558,true,
ijo-izon,izon1238,ijc,Izon,,Ijoid,Africa,5.17986,5.51702,true,
ijo-kalabari,kala1381,ijn,Kalabari,,Ijoid,Africa,4.53194,6.69539,true,
ijo-kirike,kiri1254,okr,Kirike,,Ijoid,Africa,4.41126,6.98938,true,
ijo-nkoroo,nkor1239,nkx,Nkoroo,,Ijoid,Africa,4.57641,7.45802,true,
ijo-okodia,okod1238,okd,Okodia,,Ijoid,Africa,5.29237,6.44113,true,
ijo-oruma,orum1241,orr,Oruma,,Ijoid,Africa,4.9377,6.38295,true,
ijo-southeast-ijo,sout2774,ijs,Southeast Ijo,,Ijoid,Africa,4.44235,6.32192,true,
ine-achaean-greek,myce1241,gmy,Achaean Greek,,Indo-European,Eurasia,37.73,22.82,true,
ine-aeolic-greek,aeol1234,,Aeolic Greek,,Indo-European,Eurasia,40.825,22.144,true,
ine-afrikaans,afri1274,afr,Afrikaans,,Indo-European,Africa,-31.63272,20.46356,true,
ine-albanian,alba1267,,Albanian,,Indo-European,Eurasia,,,false,
ine-alviri-vidari,alvi1241,avd,Alviri-Vidari,,Indo-European,Eurasia,35.0075,50.3794,true,
ine-angika,angi1238,anp,Angika,,Indo-European,Eurasia,26.0047,85.534,true,
ine-anglo-norman,angl1258,xno,Anglo-Norman,,Indo-European,Eurasia,48.0,2.0,true,
ine-angolar,ango1258,aoa,Angolar,,Indo-European,Africa,0.11438,6.59486,true,
ine-annobonese,fada1250,fab,Annobonese,,Indo-European,Africa,-1.43033,5.61879,true,
ine-antigua-and-barbuda-creole-english,anti1245,aig,Antigua and Barbuda Creole English,,Indo-European,North America,17.068263,-61.821863,true,
ine-apulian-calabrian-greek,apul1236,,Apulian-Calabrian Greek,,Indo-European,Eurasia,40.35,18.166667,true,
ine-aragonese,arag1245,arg,Aragonese,,Indo-European,Eurasia,42.4669,-0.00919,true,
ine-arbereshe-albanian,arbe1236,aae,Arbëreshë Albanian,,Indo-European,Eurasia,38.911,16.7164,true,
ine-archaic-angloromani,angl1239,rme,Archaic Angloromani,,Indo-European,Eurasia,51.75,-2.56,true,
ine-aromanian,arom1237,rup,Aromanian,,Indo-European,Eurasia,40.616,21.2,true,
ine-arpitan,fran1260,frp,Arpitan,,Indo-European,Eurasia,45.8051,6.48152,true,
ine-arvanitika-albanian,arva1236,aat,Arvanitika Albanian,,Indo-European,Eurasia,38.283,23.3703,true,
ine-ashkun,ashk1246,ask,Ashkun,,Indo-European,Eurasia,35.10699,70.542035,true,
ine-ashreti,ashr1238,,Ashreti,,Indo-European,Eurasia,35.5096,71.8421,true,
ine-assamese,assa1263,asm,Assamese,,Indo-European,Eurasia,26.0876,91.2932,true,
ine-astor,asto1243,,Astor,,Indo-European,Eurasia,34.6515,75.287,true,
ine-asturian-leonese-cantabrian,astu1245,ast,Asturian-Leonese-Cantabrian,,Indo-European,Eurasia,42.4181,-6.02227,true,
ine-aukan,ndyu1242,djk,Aukan,,Indo-European,South America,4.3126,-54.6419,true,
ine-avestan,aves1237,ave,Avestan,,Indo-European,Eurasia,34.217,62.112,true,
ine-awadhi,awad1243,awa,Awadhi,,Indo-European,Eurasia,27.5907,82.4663,true,
ine-bactrian,bact1239,xbc,Bactrian,,Indo-European,Eurasia,36.81,66.85,true,
ine-baghati,bagh1249,,Baghati,,Indo-European,Eurasia,31.194,77.0471,true,
ine-bagheli,bagh1251,bfy,Bagheli,,Indo-European,Eurasia,24.6837,87.4994,true,
ine-bagri,bagr1243,bgq,Bagri,,Indo-European,Eurasia,31.4,75.06,true,
ine-bagrote,bagr1244,,Bagrote,,Indo-European,Eurasia,34.6515,75.287,true,
ine-bahamas-creole-english,baha1260,bah,Bahamas Creole English,,Indo-European,North America,25.032149,-77.390587,true,
ine-bajan,baja1265,bjs,Bajan,,Indo-European,North America,13.1365,-59.5346,true,
ine-bakhtiari,bakh1245,bqi,Bakhtiari,,Indo-European,Eurasia,32.0163,49.7713,true,
ine-balkan-romani,balk1252,rmn,Balkan Romani,,Indo-European,Eurasia,42.67,21.17,true,
ine-baltic-romani,balt1257,rml,Baltic Romani,,Indo-European,Eurasia,57.29,29.06,true,
ine-banaphari,bana1281,,Banaphari,,Indo-European,Eurasia,24.8982,78.9542,true,
ine-barbaricino,barb1262,,Barbaricino,,Indo-European,Eurasia,40.49,9.09957,true,
ine-bavarian,bava1246,bar,Bavarian,,Indo-European,Eurasia,47.9232,13.246,true,
ine-belarusian,bela1254,bel,Belarusian,,Indo-European,Eurasia,53.2307,25.6038,true,
ine-belize-kriol-english,beli1260,bzj,Belize Kriol English,,Indo-European,North America,17.3941,-88.6281,true,
ine-bengali,beng1280,ben,Bengali,,Indo-European,Eurasia,24.0,90.0,true,
ine-berbice-creole-dutch,berb1259,brc,Berbice Creole Dutch,,Indo-European,South America,5.3829,-58.0002,true,
ine-bhadrawahi,bhad1241,bhd,Bhadrawahi,,Indo-European,Eurasia,33.2851,75.8707,true,
ine-bhilali,bhil1253,bhi,Bhilali,,Indo-European,Eurasia,22.58346,74.59014,true,
ine-bhili,bhil1251,bhb,Bhili,,Indo-European,Eurasia,20.85,73.9592,true,
ine-bhojpuri,bhoj1244,bho,Bhojpuri,,Indo-European,Eurasia,26.458455,84.817115,true,
ine-bishnupriya-manipuri,bish1244,bpy,Bishnupriya Manipuri,,Indo-European,Eurasia,24.4578,92.0157,true,
ine-bislama,bisl1239,bis,Bislama,,Indo-European,Papunesia,-15.4,166.89,true,
ine-bosnian-standard,bosn1245,bos,Bosnian Standard,,Indo-European,Eurasia,43.859,17.046,true,
ine-braj,braj1242,bra,Braj,,Indo-European,Eurasia,26.4758,78.0813,true,
ine-brazilian-portuguese,braz1246,,Brazilian Portuguese,,Indo-European,Eurasia,39.91,-8.1,true,
ine-breton,bret1244,bre,Breton,,Indo-European,Eurasia,48.2452,-3.78934,true,
ine-brokskat,brok1247,bkk,Brokskat,,Indo-European,Eurasia,34.5308,76.6026,true,
ine-bugurdzi,bugu1249,,Bugurdži,,Indo-European,Eurasia,42.67,21.17,true,
ine-bukharic,bukh1238,bhh,Bukharic,,Indo-European,Eurasia,41.0,64.0,true,
ine-bulgarian,bulg1262,bul,Bulgarian,,Indo-European,Eurasia,43.3646,25.047,true,
ine-bundeli,bund1253,bns,Bundeli,,Indo-European,Eurasia,24.8982,78.9542,true,
ine-bunji,bunj1245,,Bunji,,Indo-European,Eurasia,34.6515,75.287,true,
ine-burgenland-romani,burg1246,,Burgenland Romani,,Indo-European,Eurasia,47.272,16.222,true,
ine-calo,calo1236,rmq,Caló,,Indo-European,Eurasia,41.424,0.6,true,
ine-cameroon-pidgin,came1254,wes,Cameroon Pidgin,,Indo-European,Africa,5.43932,9.80166,true,
ine-campidanese-sardinian,camp1261,sro,Campidanese Sardinian,,Indo-European,Eurasia,39.0566,9.03935,true,
ine-cappadocian-greek,capp1239,cpg,Cappadocian Greek,,Indo-European,Eurasia,38.73,35.45,true,
ine-carian,cari1274,xcr,Carian,,Indo-European,Eurasia,37.203,28.182,true,
ine-caribbean-hindustani,cari1275,hns,Caribbean Hindustani,,Indo-European,South America,5.722918,-55.333168,true,
ine-castilian,cast1244,,Castilian,,Indo-European,Eurasia,40.4414,-1.11788,true,
ine-catalan,stan1289,cat,Catalan,,Indo-European,Eurasia,41.453,1.569,true,
ine-celtiberian,celt1247,xce,Celtiberian,,Indo-European,Eurasia,41.279,-2.53,true,
ine-central-alemannic,swis1247,gsw,Central Alemannic,,Indo-European,Eurasia,47.0516,8.46419,true,
ine-central-east-middle-german,uppe1400,sxu,Central East Middle German,,Indo-European,Eurasia,51.152,12.692,true,
ine-central-eastern-kamta,rang1265,rkt,Central-Eastern Kamta,,Indo-European,Eurasia,26.3834,88.4536,true,
ine-central-iran-kermanic,cent2264,,Central Iran Kermanic,,Indo-European,,,,false,
ine-central-kurdish,cent1972,ckb,Central Kurdish,,Indo-European,Eurasia,35.6539,45.8077,true,
ine-central-pashto,cent1973,pst,Central Pashto,,Indo-European,Eurasia,31.9153,69.4529,true,
ine-central-romani,carp1235,rmc,Central Romani,,Indo-European,Eurasia,48.1968,20.3129,true,
ine-chakma,chak1266,ccp,Chakma,,Indo-European,Eurasia,23.00148,92.339,true,
ine-chambeali,cham1307,cdh,Chambeali,,Indo-European,Eurasia,32.5476,76.1796,true,
ine-chavacano,chav1241,cbk,Chavacano,,Indo-European,Papunesia,7.435034,122.18849,true,
ine-chhattisgarhi,chha1249,hne,Chhattisgarhi,,Indo-European,Eurasia,20.3601,82.0483,true,
ine-chibhali,chib1247,,Chibhali,,Indo-European,Eurasia,33.6424,73.8071,true,
ine-chilas,chil1277,,Chilas,,Indo-European,Eurasia,34.6515,75.287,true,
ine-chilisso,chil1275,clh,Chilisso,,Indo-European,Eurasia,35.2494,73.3344,true,
ine-chima-nishey,chim1297,,Chima-Nishey,,Indo-European,Eurasia,35.191171,70.993533,true,
ine-chinali,chin1475,cih,Chinali,,Indo-European,Eurasia,32.555,76.961,true,
ine-chitral-kalasha,kala1372,kls,Chitral Kalasha,,Indo-European,Eurasia,35.6415,71.6657,true,
ine-chittagonian,chit1275,ctg,Chittagonian,,Indo-European,Eurasia,20.831,93.1695,true,
ine-chitwania-tharu,chit1274,the,Chitwania Tharu,,Indo-European,Eurasia,27.5825,84.4082,true,
ine-church-slavic,chur1257,chu,Church Slavic,,Indo-European,Eurasia,43.7171,22.8442,true,
ine-chuxny,latv1250,,Chuxny,,Indo-European,Eurasia,57.29,29.06,true,
ine-cimbrian,cimb1238,cim,Cimbrian,,Indo-European,Eurasia,45.921,11.324,true,
ine-classical-middle-armenian,clas1249,xcl,Classical-Middle Armenian,,Indo-European,Eurasia,38.592316,41.346422,true,
ine-continental-southern-italian,neap1235,nap,Continental Southern Italian,,Indo-European,Eurasia,39.2288,16.4225,true,
ine-cornish,corn1251,cor,Cornish,,Indo-European,Eurasia,50.5233,-4.18619,true,
ine-corsican,cors1241,cos,Corsican,,Indo-European,Eurasia,41.7,9.25537,true,
ine-crimean-rom,crim1258,,Crimean Rom,,Indo-European,Eurasia,42.67,21.17,true,
ine-croatian-standard,croa1245,hrv,Croatian Standard,,Indo-European,Eurasia,45.555,15.982,true,
ine-cuneiform-luwian,cune1239,xlu,Cuneiform Luwian,,Indo-European,Eurasia,38.0,36.0,true,
ine-cypriot-greek,cypr1249,,Cypriot Greek,,Indo-European,Eurasia,34.924591,32.978113,true,
ine-czech,czec1258,ces,Czech,,Indo-European,Eurasia,49.873398,15.10437,true,
ine-dacian,daci1234,xdc,Dacian,,Indo-European,Eurasia,46.2,23.3,true,
ine-dalmatian,dalm1243,dlm,Dalmatian,,Indo-European,Eurasia,42.7095,18.0238,true,
ine-daman-diu-portuguese,dama1278,idb,Daman-Diu Portuguese,,Indo-European,Eurasia,20.396759,72.84146,true,
ine-dameli,dame1241,dml,Dameli,,Indo-European,Eurasia,35.299,71.6806,true,
ine-dangaura-tharu,dang1260,thl,Dangaura Tharu,,Indo-European,Eurasia,27.8834,81.7761,true,
ine-danish,dani1285,dan,Danish,,Indo-European,Eurasia,54.8655,9.36284,true,
ine-darel,dare1241,,Darel,,Indo-European,Eurasia,34.6515,75.287,true,
ine-dari,dari1249,prs,Dari,,Indo-European,Eurasia,34.39757,66.14961,true,
ine-deccan-marathi,decc1239,dcc,Deccan Marathi,,Indo-European,Eurasia,18.5919,75.717,true,
ine-dhivehi,dhiv1236,div,Dhivehi,,Indo-European,Eurasia,1.928498,73.54433,true,
ine-dhundari,dhun1238,dhd,Dhundari,,Indo-European,Eurasia,26.473,76.198,true,
ine-digor-ossetian,digo1242,,Digor Ossetian,,Indo-European,Eurasia,43.158056,44.156944,true,
ine-dimli,diml1238,diq,Dimli,,Indo-European,Eurasia,38.6147,39.6388,true,
ine-dimotiki,dimo1238,,Dimotiki,,Indo-European,Eurasia,38.36,23.13,true,
ine-dogri,dogr1250,dgo,Dogri,,Indo-European,Eurasia,32.5534,75.7111,true,
ine-domari,doma1258,rmt,Domari,,Indo-European,Eurasia,32.0,35.0,true,
ine-dotyali,doty1234,dty,Dotyali,,Indo-European,Eurasia,29.242,80.7252,true,
ine-dras,dras1242,,Dras,,Indo-European,Eurasia,34.6515,75.287,true,
ine-dungar-varli,varl1238,vav,Dungar Varli,,Indo-European,Eurasia,20.5635,73.2975,true,
ine-dutch,dutc1256,nld,Dutch,,Indo-European,Eurasia,52.0,5.0,true,
ine-early-irish,oldi1245,sga,Early Irish,,Indo-European,Eurasia,53.0,-8.0,true,
ine-east-frisian-low-saxon,east2288,,East Frisian Low Saxon,,Indo-European,Eurasia,52.9713,7.73549,true,
ine-east-latvian,east2282,ltg,East Latvian,,Indo-European,Eurasia,56.826108,24.309118,true,
ine-east-slovakian-romani,east2314,,East Slovakian Romani,,Indo-European,Eurasia,48.1968,20.3129,true,
ine-eastern-armenian,nucl1235,hye,Eastern Armenian,,Indo-European,Eurasia,40.0,45.0,true,
ine-eastern-balochi,east2304,bgp,Eastern Balochi,,Indo-European,Eurasia,29.38213,69.05834,true,
ine-eastern-bengali,east2744,,Eastern Bengali,,Indo-European,,,,false,
ine-eastern-kataviri,east2308,,Eastern Kataviri,,Indo-European,Eurasia,35.4145,70.9826,true,
ine-eastern-latvia-lithuanian-romani,lith1252,,Eastern Latvia-Lithuanian Romani,,Indo-European,Eurasia,57.29,29.06,true,
ine-eastern-low-german,nort2627,nds,Eastern Low German,,Indo-European,Eurasia,53.115373,12.391439,true,
ine-eastern-pahari,east1436,,Eastern Pahari,,Indo-European,Eurasia,,,false,
ine-eastern-panjabi,panj1256,pan,Eastern Panjabi,,Indo-European,Eurasia,30.0368,75.6702,true,
ine-eastern-yiddish,east2295,ydd,Eastern Yiddish,,Indo-European,Eurasia,51.75,19.42,true,
ine-elfdalian,elfd1234,ovd,Elfdalian,,Indo-European,Eurasia,61.291358,13.830399,true,
ine-emiliano,emil1241,egl,Emiliano,,Indo-European,Eurasia,44.3536,11.5794,true,
ine-ems-weser-frisian,sate1242,stq,Ems-Weser Frisian,,Indo-European,Eurasia,53.117,7.721,true,
ine-english,stan1293,eng,English,,Indo-European,Africa;Eurasia;South America,53.0,-1.0,true,
ine-eshtehardi,esht1238,esh,Eshtehardi,,Indo-European,Eurasia,35.7267,50.3677,true,
ine-extremaduran,extr1243,ext,Extremaduran,,Indo-European,Eurasia,39.1926,-6.10179,true,
ine-fala,fala1241,fax,Fala,,Indo-European,Eurasia,40.1651,-6.91452,true,
ine-faliscan,fali1291,xfa,Faliscan,,Indo-European,Eurasia,42.3,12.345,true,
ine-faroese,faro1244,fao,Faroese,,Indo-European,Eurasia,62.0732,-6.88497,true,
ine-fars-dialects,sout2645,fay,Fars Dialects,,Indo-European,Eurasia,29.746,52.267,true,
ine-fassano,fass1244,,Fassano,,Indo-European,Eurasia,46.60651,11.89498,true,
ine-fiji-hindi,fiji1242,hif,Fiji Hindi,,Indo-European,Papunesia,-17.8148,177.772,true,
ine-francoprovencalic,fran1269,,Francoprovencalic,,Indo-European,,,,false,
ine-french,stan1290,fra,French,,Indo-European,Eurasia,48.0,2.0,true,
ine-friulian,friu1240,fur,Friulian,,Indo-European,Eurasia,46.1473,13.0493,true,
ine-gadi-chameali,gadi1238,,Gadi Chameali,,Indo-European,Eurasia,32.5476,76.1796,true,
ine-galician,gali1258,glg,Galician,,Indo-European,Eurasia,42.2446,-7.5343,true,
ine-gallurese-sardinian,gall1276,sdn,Gallurese Sardinian,,Indo-European,Eurasia,41.1131,9.24279,true,
ine-gandhari,gand1259,pgd,Gandhari,,Indo-European,Eurasia,34.15,71.73,true,
ine-gardenese,gard1241,,Gardenese,,Indo-European,Eurasia,46.60651,11.89498,true,
ine-garhwali,garh1243,gbm,Garhwali,,Indo-European,Eurasia,30.5061,78.7201,true,
ine-gawar-bati,gawa1247,gwt,Gawar-Bati,,Indo-European,Eurasia,35.1982,71.5428,true,
ine-gawri,kala1373,gwc,Gawri,,Indo-European,Eurasia,35.5303,72.5738,true,
ine-genoese,geno1240,,Genoese,,Indo-European,Eurasia,44.0816,7.90522,true,
ine-german,stan1295,deu,German,,Indo-European,Eurasia,48.649,12.4676,true,
ine-german-northern-low-saxon,nort2628,frs,German Northern Low Saxon,,Indo-European,Eurasia,52.97134,8.36,true,
ine-germanic,germ1287,,Germanic,,Indo-European,,,,false,
ine-gheg-albanian,gheg1238,aln,Gheg Albanian,,Indo-European,Eurasia,42.317,21.3837,true,
ine-gilaki,gila1241,glk,Gilaki,,Indo-European,Eurasia,37.1344,49.8359,true,
ine-gilgit,gilg1243,,Gilgit,,Indo-European,Eurasia,34.6515,75.287,true,
ine-gilgiti,gilg1242,,Gilgiti,,Indo-European,Eurasia,34.6515,75.287,true,
ine-gojal,goja1238,,Gojal,,Indo-European,Eurasia,37.1768,73.9777,true,
ine-gothic,goth1244,got,Gothic,,Indo-European,Eurasia,46.9304,29.9786,true,
ine-grenadian-creole-english,gren1247,gcl,Grenadian Creole English,,Indo-European,North America,12.0067,-61.6989,true,
ine-guadeloupe-martinique-creole-french,guad1242,gcf,Guadeloupe-Martinique Creole French,,Indo-European,North America,16.304875,-61.405914,true,
ine-guianese-creole-french,guia1246,gcr,Guianese Creole French,,Indo-European,South America,4.94804,-52.7336,true,
ine-gujarati,guja1252,guj,Gujarati,,Indo-European,Eurasia,22.687,71.0962,true,
ine-gujari,guja1253,gju,Gujari,,Indo-European,Eurasia,33.7,75.11,true,
ine-gurani,gura1251,hac,Gurani,,Indo-European,Eurasia,36.8377,44.4956,true,
ine-gurbet-dzambazi,dzam1241,,Gurbet-Dzambazi,,Indo-European,Eurasia,46.09,18.16,true,
ine-gurvari,gurv1234,,Gurvari,,Indo-European,Eurasia,48.1968,20.3129,true,
ine-guyanese-creole-english,creo1235,gyn,Guyanese Creole English,,Indo-European,South America,9.0,-62.0,true,
ine-hadothi,hado1235,hoj,Hadothi,,Indo-European,Eurasia,24.8546,75.8366,true,
ine-haitian,hait1244,hat,Haitian,,Indo-European,North America,18.795135,-72.136115,true,
ine-hajong,hajo1238,haj,Hajong,,Indo-European,Eurasia,25.5143,89.8594,true,
ine-halbi,halb1244,hlb,Halbi,,Indo-European,Eurasia,20.3081,81.3742,true,
ine-haramosh,hara1257,,Haramosh,,Indo-European,Eurasia,34.6515,75.287,true,
ine-harban,harb1238,,Harban,,Indo-European,Eurasia,34.6515,75.287,true,
ine-haryanvi,hary1238,bgc,Haryanvi,,Indo-European,Eurasia,29.0166,76.0432,true,
ine-hawai-i-creole-english,hawa1247,hwc,Hawai'i Creole English,,Indo-European,Papunesia,19.6287,-155.437,true,
ine-hawraman-i-taxt,hawr1243,,Hawraman-I Taxt,,Indo-European,Eurasia,36.8377,44.4956,true,
ine-hazaragi,haza1239,haz,Hazaragi,,Indo-European,Eurasia,33.3708,64.5105,true,
ine-hiberno-scottish-gaelic,hibe1235,ghc,Hiberno-Scottish Gaelic,,Indo-European,Eurasia,55.932,-5.222,true,
ine-hindi,hind1269,hin,Hindi,,Indo-European,Eurasia,25.0,77.0,true,
ine-hittite,hitt1242,hit,Hittite,,Indo-European,Eurasia,40.0,35.0,true,
ine-hunsrik,riog1239,hrx,Hunsrik,,Indo-European,South America,-29.3255,-51.7219,true,
ine-hunza-domaaki,hunz1249,,Hunza Domaaki,,Indo-European,Eurasia,36.3258,74.7984,true,
ine-hunza-nagar,hunz1246,,Hunza-Nagar,,Indo-European,Eurasia,34.6515,75.287,true,
ine-hutterite-german,hutt1235,geh,Hutterite German,,Indo-European,North America,40.0,-97.0,true,
ine-icelandic,icel1247,isl,Icelandic,,Indo-European,Eurasia,63.4837,-19.0212,true,
ine-indo-european,indo1319,,Indo-European,,Indo-European,,,,false,
ine-indus-kohistani,indu1241,mvy,Indus Kohistani,,Indo-European,Eurasia,35.3389,73.0154,true,
ine-ionic-attic-ancient-greek,anci1242,grc,Ionic-Attic Ancient Greek,,Indo-European,Eurasia,39.8155,21.9129,true,
ine-irish,iris1253,gle,Irish,,Indo-European,Eurasia,53.2186,-7.61509,true,
ine-irish-anglo-norman,east2834,yol,Irish Anglo-Norman,,Indo-European,Eurasia,52.2496,-6.6488,true,
ine-iron-ossetian,iron1242,oss,Iron Ossetian,,Indo-European,Eurasia,42.98,44.61,true,
ine-ishkashimi,ishk1246,isk,Ishkashimi,,Indo-European,Eurasia,36.67,71.55,true,
ine-ishkoman,ishk1245,,Ishkoman,,Indo-European,Eurasia,37.1768,73.9777,true,
ine-istriot,istr1244,ist,Istriot,,Indo-European,Eurasia,45.088,13.64,true,
ine-istro-romanian,istr1245,ruo,Istro-Romanian,,Indo-European,Eurasia,45.433,14.2,true,
ine-italian,ital1282,ita,Italian,,Indo-European,Eurasia,43.0464,12.6489,true,
ine-jalkoti,jalk1241,,Jalkoti,,Indo-European,Eurasia,35.1741,73.3207,true,
ine-jamaican-creole-english,jama1262,jam,Jamaican Creole English,,Indo-European,North America,18.13,-77.2612,true,
ine-jassic,jass1238,ysc,Jassic,,Indo-European,Eurasia,43.158056,44.156944,true,
ine-jaunsari,jaun1243,jns,Jaunsari,,Indo-European,Eurasia,30.5587,77.9084,true,
ine-jerriais,jerr1238,nrf,Jerriais,,Indo-European,Eurasia,49.2123,-2.1325,true,
ine-judeo-italian,jude1255,itk,Judeo-Italian,,Indo-European,Eurasia,43.1284,11.4723,true,
ine-judeo-tat,jude1256,jdt,Judeo-Tat,,Indo-European,Eurasia,42.068306,48.264749,true,
ine-jumli,juml1238,jml,Jumli,,Indo-European,Eurasia,29.1708,82.437,true,
ine-jutish,juti1236,jut,Jutish,,Indo-European,Eurasia,54.911,9.38924,true,
ine-kabuverdianu,kabu1256,kea,Kabuverdianu,,Indo-European,Africa,15.0586,-23.6148,true,
ine-kachchi,kach1277,kfr,Kachchi,,Indo-European,Eurasia,23.83,69.0,true,
ine-kalkoti,kalk1245,xka,Kalkoti,,Indo-European,Eurasia,35.3651,72.0533,true,
ine-kalo-finnish-romani,kalo1256,rmf,Kalo Finnish Romani,,Indo-European,Eurasia,60.45,24.43,true,
ine-kamviri,kamv1242,xvi,Kamviri,,Indo-European,Eurasia,35.409908,71.338778,true,
ine-kanauji,kana1281,bjj,Kanauji,,Indo-European,Eurasia,27.1074,79.2883,true,
ine-kangri,kang1280,xnr,Kangri,,Indo-European,Eurasia,31.915,76.366,true,
ine-kashmiri,kash1277,kas,Kashmiri,,Indo-European,Eurasia,34.166825,74.330455,true,
ine-kashubian,kash1274,csb,Kashubian,,Indo-European,Eurasia,54.2996,18.6163,true,
ine-kate,kati1270,bsh,Katë,,Indo-European,Eurasia,35.4145,70.9826,true,
ine-katharevousa,kath1248,,Katharevousa,,Indo-European,Eurasia,38.36,23.13,true,
ine-kathiyawadi,kath1249,,Kathiyawadi,,Indo-European,Eurasia,22.687,71.0962,true,
ine-khandesi,khan1272,khn,Khandesi,,Indo-European,Eurasia,21.3181,74.142,true,
ine-kharmangi,khar1285,,Kharmangi,,Indo-European,Eurasia,34.6515,75.287,true,
ine-kharwa,khar1282,,Kharwa,,Indo-European,Eurasia,22.687,71.0962,true,
ine-khetrani,khet1238,xhe,Khetrani,,Indo-European,Eurasia,30.4799,70.2828,true,
ine-khotanese,khot1251,kho,Khotanese,,Indo-European,Eurasia,38.33,79.04,true,
ine-khowar,khow1242,khw,Khowar,,Indo-European,Eurasia,36.0,72.0,true,
ine-khunsaric,khun1255,kfm,Khunsaric,,Indo-European,Eurasia,36.6963,49.3742,true,
ine-khwarezmian,khwa1238,xco,Khwarezmian,,Indo-European,Eurasia,41.68,60.75,true,
ine-kirmanjki,kirm1248,kiu,Kirmanjki,,Indo-European,Eurasia,39.1636,39.4004,true,
ine-kishtwari,kish1245,,Kishtwari,,Indo-European,Eurasia,34.166825,74.330455,true,
ine-kiunthali,kiun1241,,Kiunthali,,Indo-European,Eurasia,31.0088,77.5317,true,
ine-kochila-tharu,koch1247,thq,Kochila Tharu,,Indo-European,Eurasia,26.7251,84.6301,true,
ine-kohistani-shina,kohi1248,plk,Kohistani Shina,,Indo-European,Eurasia,35.1741,73.3207,true,
ine-koineic-greek,koin1234,,Koineic Greek,,Indo-European,,,,false,
ine-kolai,kola1284,,Kolai,,Indo-European,Eurasia,35.1741,73.3207,true,
ine-kolsch,kols1241,ksh,Kölsch,,Indo-European,Eurasia,50.947,6.927,true,
ine-konkan-marathi,konk1267,knn,Konkan Marathi,,Indo-European,Eurasia,18.404,73.994,true,
ine-korlai-portuguese,korl1238,vkp,Korlai Portuguese,,Indo-European,Eurasia,19.0348,73.0099,true,
ine-kotia-adivasi-oriya-desiya,adiv1239,ort,Kotia-Adivasi Oriya-Desiya,,Indo-European,Eurasia,18.1046,82.8487,true,
ine-krio,krio1253,kri,Krio,,Indo-European,Africa,10.8811,-14.3204,true,
ine-kriol,krio1252,rop,Kriol,,Indo-European,Australia,-18.135,137.669,true,
ine-kullui,kllu1238,,Kullui,,Indo-European,Eurasia,31.8339,77.3772,true,
ine-kumaoni,kuma1273,kfy,Kumaoni,,Indo-European,Eurasia,29.5622,80.0171,true,
ine-kumzari,kumz1235,zum,Kumzari,,Indo-European,Eurasia,26.1602,56.4202,true,
ine-ladin,ladi1250,lld,Ladin,,Indo-European,Eurasia,46.60651,11.89498,true,
ine-ladino,ladi1251,lad,Ladino,,Indo-European,Eurasia,41.205,28.6632,true,
ine-laki,laki1244,lki,Laki,,Indo-European,Eurasia,34.0103,47.9398,true,
ine-lambadi,lamb1269,lmn,Lambadi,,Indo-European,Eurasia,16.5734,76.9717,true,
ine-larestani,lari1253,lrl,Larestani,,Indo-European,Eurasia,27.6436,54.63449,true,
ine-lari-sindhi,lari1254,,Lari (Sindhi),,Indo-European,Eurasia,26.0,69.0,true,
ine-late-middle-indo-aryan,midd1350,,Late Middle Indo-Aryan,,Indo-European,Eurasia,26.61,78.97,true,
ine-latin,lati1261,lat,Latin,,Indo-European,Eurasia,41.9026,12.4502,true,
ine-latvian,latv1249,lav,Latvian,,Indo-European,Eurasia,56.826108,24.309118,true,
ine-ligurian,ligu1248,lij,Ligurian,,Indo-European,Eurasia,44.0816,7.90522,true,
ine-limburgan,limb1263,lim,Limburgan,,Indo-European,Eurasia,51.015,5.87705,true,
ine-lithuanian,lith1251,lit,Lithuanian,,Indo-European,Eurasia,55.1429,23.9601,true,
ine-logudorese-sardinian,logu1236,src,Logudorese Sardinian,,Indo-European,Eurasia,40.49,9.09957,true,
ine-lombard,lomb1257,lmo,Lombard,,Indo-European,Eurasia,45.8817,9.39509,true,
ine-louisiana-creole-french,loui1240,lou,Louisiana Creole French,,Indo-European,North America,30.0412,-90.7475,true,
ine-louisiana-french,caju1236,frc,Louisiana French,,Indo-European,North America,29.6869,-91.6133,true,
ine-lower-carniola,lowe1384,,Lower Carniola,,Indo-European,Eurasia,46.2543,14.7766,true,
ine-lower-engadine,lowe1386,,Lower Engadine,,Indo-European,Eurasia,46.5538,9.92812,true,
ine-lower-prasun,lowe1390,,Lower Prasun,,Indo-European,Eurasia,35.420531,70.922783,true,
ine-lower-sorbian,lowe1385,dsb,Lower Sorbian,,Indo-European,Eurasia,51.6621,13.9407,true,
ine-lusitanian,lusi1235,xls,Lusitanian,,Indo-European,Eurasia,39.943975,-8.105283,true,
ine-lycian-a,lyci1241,xlc,Lycian A,,Indo-European,Eurasia,36.517,29.764,true,
ine-lydian,lydi1241,xld,Lydian,,Indo-European,Eurasia,40.287,28.599,true,
ine-macanese,maca1262,mzs,Macanese,,Indo-European,Eurasia,22.1902,113.5379,true,
ine-macedonian,mace1250,mkd,Macedonian,,Indo-European,Eurasia,41.5957,21.7932,true,
ine-magahi,maga1260,mag,Magahi,,Indo-European,Eurasia,25.0915,85.3335,true,
ine-mahasu-pahari,maha1287,bfz,Mahasu Pahari,,Indo-European,Eurasia,31.0088,77.5317,true,
ine-maithili,mait1250,mai,Maithili,,Indo-European,Eurasia,26.3817,86.2211,true,
ine-malacca-batavia-portuguese-creole,mala1533,mcm,Malacca-Batavia Portuguese Creole,,Indo-European,Eurasia,2.188087,102.262059,true,
ine-malvi,malv1243,mup,Malvi,,Indo-European,Eurasia,23.488,75.562,true,
ine-mandeali,mand1409,mjl,Mandeali,,Indo-European,Eurasia,31.5425,77.0419,true,
ine-manx,manx1243,glv,Manx,,Indo-European,Eurasia,54.2604,-4.45437,true,
ine-marathi,mara1378,mar,Marathi,,Indo-European,Eurasia,17.9344,76.6665,true,
ine-marwari-india,marw1260,rwr,Marwari (India),,Indo-European,Eurasia,27.002,75.0656,true,
ine-marwari-pakistan,marw1256,mve,Marwari (Pakistan),,Indo-European,Eurasia,28.3242,71.5671,true,
ine-mazanderani,maza1291,mzn,Mazanderani,,Indo-European,Eurasia,36.241,52.3009,true,
ine-megleno-romanian,megl1237,ruq,Megleno-Romanian,,Indo-European,Eurasia,41.1174,22.3782,true,
ine-memoni,memo1238,mby,Memoni,,Indo-European,Eurasia,24.853,67.007,true,
ine-messapic,mess1244,cms,Messapic,,Indo-European,Eurasia,40.538334,17.860344,true,
ine-messinese,mess1247,,Messinese,,Indo-European,Eurasia,37.5735,14.0414,true,
ine-mewari,mewa1249,mtr,Mewari,,Indo-European,Eurasia,24.57,73.68,true,
ine-mewati,mewa1250,wtm,Mewati,,Indo-European,Eurasia,27.736,76.947,true,
ine-middle-breton,midd1359,xbm,Middle Breton,,Indo-European,Eurasia,48.2452,-3.78934,true,
ine-middle-dutch,midd1321,dum,Middle Dutch,,Indo-European,Eurasia,51.656,5.34,true,
ine-middle-english,midd1317,enm,Middle English,,Indo-European,Eurasia,51.65,-1.11,true,
ine-middle-french,midd1316,frm,Middle French,,Indo-European,Eurasia,48.0,2.0,true,
ine-middle-high-german,midd1343,gmh,Middle High German,,Indo-European,Eurasia,48.254,10.599,true,
ine-middle-irish-10-12th-century,midd1360,mga,Middle Irish (10-12th century),,Indo-European,Eurasia,53.0,-8.0,true,
ine-middle-low-german,midd1318,gml,Middle Low German,,Indo-European,Eurasia,53.14,9.67,true,
ine-middle-welsh,midd1363,wlm,Middle Welsh,,Indo-European,Eurasia,52.582,-4.089,true,
ine-milanese,mila1243,,Milanese,,Indo-European,Eurasia,45.8817,9.39509,true,
ine-milyan,mily1238,imy,Milyan,,Indo-European,Eurasia,36.356111,29.318611,true,
ine-mirandese,mira1251,mwl,Mirandese,,Indo-European,Eurasia,41.5375,-6.38371,true,
ine-mocheno,moch1255,mhn,Mòcheno,,Indo-European,Eurasia,46.1064,11.315,true,
ine-modern-greek,mode1248,ell,Modern Greek,,Indo-European,Eurasia,38.36,23.13,true,
ine-modern-ossetic,osse1243,,Modern Ossetic,,Indo-European,Eurasia,,,false,
ine-morisyen,mori1278,mfe,Morisyen,,Indo-European,Africa,-20.2613,57.5517,true,
ine-moselle-franconian,luxe1241,ltz,Moselle Franconian,,Indo-European,Eurasia,49.6839,6.14931,true,
ine-mozarabic,moza1249,mxi,Mozarabic,,Indo-European,Eurasia,37.8763,-1.79724,true,
ine-multani,mult1243,,Multani,,Indo-European,Eurasia,29.5534,71.906,true,
ine-munji,munj1244,mnj,Munji,,Indo-European,Eurasia,35.9321,70.9404,true,
ine-muslim-tat,musl1236,ttt,Muslim Tat,,Indo-European,Eurasia,41.425062,46.645589,true,
ine-naga-pidgin,naga1394,nag,Naga Pidgin,,Indo-European,Eurasia,25.2508,93.4438,true,
ine-natanzic,nata1252,ntz,Natanzic,,Indo-European,Eurasia,33.4593,51.9538,true,
ine-nepali,nepa1254,npi,Nepali,,Indo-European,Eurasia,28.0,85.0,true,
ine-nicaragua-creole-english,nica1252,bzk,Nicaragua Creole English,,Indo-European,North America,12.4402,-83.7386,true,
ine-nigerian-pidgin,nige1257,pcm,Nigerian Pidgin,,Indo-European,Africa,9.65873,4.21068,true,
ine-nimadi,nima1243,noe,Nimadi,,Indo-European,Eurasia,22.1263,76.1264,true,
ine-north-central-talysh,taly1247,tly,North-Central Talysh,,Indo-European,Eurasia,38.4552,48.6349,true,
ine-north-russian-romani,nort2655,,North Russian Romani,,Indo-European,Eurasia,57.29,29.06,true,
ine-northern-frisian,nort2626,frr,Northern Frisian,,Indo-European,Eurasia,54.6409,8.58489,true,
ine-northern-hindko,nort2662,hno,Northern Hindko,,Indo-European,Eurasia,34.3202,73.3844,true,
ine-northern-kurdish,nort2641,kmr,Northern Kurdish,,Indo-European,Eurasia,37.0,43.0,true,
ine-northern-luri,nort2645,lrc,Northern Luri,,Indo-European,Eurasia,32.5438,47.916,true,
ine-northern-pashto,nort2646,pbu,Northern Pashto,,Indo-European,Eurasia,34.0,71.33,true,
ine-northern-standard-bhojpuri,nort2656,,Northern Standard Bhojpuri,,Indo-European,Eurasia,26.458455,84.817115,true,
ine-northern-tosk-albanian,tosk1239,als,Northern Tosk Albanian,,Indo-European,Eurasia,41.0,20.0,true,
ine-northern-welsh,nort2668,,Northern Welsh,,Indo-European,Eurasia,52.0,-4.0,true,
ine-northwest-pashayi,nort2665,glh,Northwest Pashayi,,Indo-European,Eurasia,34.931823,70.087592,true,
ine-norwegian,norw1258,nor,Norwegian,,Indo-European,Eurasia,59.92,10.71,true,
ine-norwegian-bokmal,norw1259,nob,Norwegian Bokmål,,Indo-European,Eurasia,61.112,8.886,true,
ine-norwegian-nynorsk,norw1262,nno,Norwegian Nynorsk,,Indo-European,Eurasia,59.92,10.71,true,
ine-nuclear-pashto,nucl1276,,Nuclear Pashto,,Indo-European,Eurasia,,,false,
ine-nuorese,nuor1238,,Nuorese,,Indo-European,Eurasia,40.49,9.09957,true,
ine-nuristani-kalasha,waig1243,wbk,Nuristani Kalasha,,Indo-European,Eurasia,35.191171,70.993533,true,
ine-occitan,occi1239,oci,Occitan,,Indo-European,Eurasia,44.1415,6.82979,true,
ine-odia,oriy1255,ory,Odia,,Indo-European,Eurasia,21.0,85.0,true,
ine-old-breton,oldb1248,obt,Old Breton,,Indo-European,Eurasia,50.61436,-4.34409,true,
ine-old-catalan,oldc1251,,Old Catalan,,Indo-European,Eurasia,41.453,1.569,true,
ine-old-dutch-old-frankish,oldd1237,odt,Old Dutch-Old Frankish,,Indo-European,Eurasia,52.16,5.2,true,
ine-old-english-ca-450-1100,olde1238,ang,Old English (ca. 450-1100),,Indo-European,Eurasia,51.06,-1.31,true,
ine-old-frankish,fran1264,frk,Old Frankish,,Indo-European,Eurasia,52.896,9.98388,true,
ine-old-french-842-ca-1400,oldf1239,fro,Old French (842-ca. 1400),,Indo-European,Eurasia,48.8,1.11,true,
ine-old-frisian,oldf1241,ofs,Old Frisian,,Indo-European,Eurasia,53.35,6.8,true,
ine-old-high-german-ca-750-1050,oldh1241,goh,Old High German (ca. 750-1050),,Indo-European,Eurasia,52.0,10.0,true,
ine-old-italian,fior1236,,Old Italian,,Indo-European,Eurasia,43.0464,12.6489,true,
ine-old-lithuanian,oldl1240,olt,Old Lithuanian,,Indo-European,Eurasia,55.1429,23.9601,true,
ine-old-marathi,oldm1244,omr,Old Marathi,,Indo-European,Eurasia,18.0,75.0,true,
ine-old-middle-welsh,oldw1239,owl,Old-Middle Welsh,,Indo-European,Eurasia,52.582,-4.089,true,
ine-old-norn,oldn1246,nrn,Old Norn,,Indo-European,Eurasia,63.42,10.38,true,
ine-old-norse,oldn1244,non,Old Norse,,Indo-European,Eurasia,63.42,10.38,true,
ine-old-persian-ca-600-400-b-c,oldp1254,peo,Old Persian (ca. 600-400 B.C.),,Indo-European,Eurasia,32.0,54.0,true,
ine-old-provencal,oldp1253,pro,Old Provençal,,Indo-European,Eurasia,43.5,0.6,true,
ine-old-prussian,prus1238,prg,Old Prussian,,Indo-European,Eurasia,52.394,14.757,true,
ine-old-russian,oldr1238,orv,Old Russian,,Indo-European,Eurasia,54.813,31.827,true,
ine-old-saxon,olds1250,osx,Old Saxon,,Indo-European,Eurasia,52.37,9.72,true,
ine-old-south-west-british,oldc1252,oco,Old South-West British,,Indo-European,Eurasia,50.61436,-4.34409,true,
ine-old-spanish,olds1249,osp,Old Spanish,,Indo-European,Eurasia,41.5,-3.9,true,
ine-old-swedish,olds1252,,Old Swedish,,Indo-European,Eurasia,59.800634,17.389526,true,
ine-old-welsh,oldw1241,,Old Welsh,,Indo-European,Eurasia,52.582,-4.089,true,
ine-ormuri,ormu1247,oru,Ormuri,,Indo-European,Eurasia,32.6819,69.3444,true,
ine-oscan,osca1245,osc,Oscan,,Indo-European,Eurasia,40.98,15.67,true,
ine-ossetic,osse1245,,Ossetic,,Indo-European,,,,false,
ine-ostfrankisch,main1267,vmf,Ostfränkisch,,Indo-European,Eurasia,50.005,8.621,true,
ine-padari,pada1256,,Padari,,Indo-European,Eurasia,33.2851,75.8707,true,
ine-pahari-potwari,paha1251,phr,Pahari Potwari,,Indo-European,Eurasia,33.6424,73.8071,true,
ine-pahlavi,pahl1241,pal,Pahlavi,,Indo-European,Eurasia,30.06,52.7,true,
ine-palasi,pala1333,,Palasi,,Indo-European,Eurasia,35.1741,73.3207,true,
ine-palenquero,pale1260,pln,Palenquero,,Indo-European,South America,10.3881,-75.2949,true,
ine-pali,pali1273,pli,Pali,,Indo-European,Eurasia,24.5271,82.251,true,
ine-palula,phal1254,phl,Palula,,Indo-European,Eurasia,35.5096,71.8421,true,
ine-pangwali,pang1282,pgg,Pangwali,,Indo-European,Eurasia,32.9753,76.5569,true,
ine-pannonian-ruthenian,pann1240,rsk,Pannonian Ruthenian,,Indo-European,Eurasia,48.7171,22.9579,true,
ine-papiamento,papi1253,pap,Papiamento,,Indo-European,South America,12.48485,-69.93988,true,
ine-parachi,para1299,prc,Parachi,,Indo-European,Eurasia,36.0432,70.8805,true,
ine-parthian,part1239,xpr,Parthian,,Indo-European,Eurasia,37.052,56.056,true,
ine-parya,pary1242,paq,Parya,,Indo-European,Eurasia,36.4922,69.26,true,
ine-pennsylvania-german,penn1240,pdc,Pennsylvania German,,Indo-European,North America,40.030507,-76.3211,true,
ine-pfaelzisch-lothringisch,pala1330,pfl,Pfaelzisch-Lothringisch,,Indo-European,Eurasia,49.701,6.846,true,
ine-phrygian,phry1239,xpg,Phrygian,,Indo-European,Eurasia,39.613,31.28,true,
ine-picard,pica1241,pcd,Picard,,Indo-European,Eurasia,50.2831,3.25085,true,
ine-pichi,fern1234,fpe,Pichi,,Indo-European,Africa,3.74,8.78,true,
ine-piemontese,piem1238,pms,Piemontese,,Indo-European,Eurasia,45.4633,8.32366,true,
ine-pijin,piji1239,pis,Pijin,,Indo-European,Papunesia,-9.567,160.137,true,
ine-pitcairn-norfolk,pitc1234,pih,Pitcairn-Norfolk,,Indo-European,Papunesia,-24.379858,-128.324075,true,
ine-plautdietsch,plau1238,pdt,Plautdietsch,,Indo-European,North America,49.578028,-109.353868,true,
ine-poguli,pogu1238,,Poguli,,Indo-European,Eurasia,33.24364,75.1972,true,
ine-polabian,pola1255,pox,Polabian,,Indo-European,Eurasia,52.0,14.0,true,
ine-polish,poli1260,pol,Polish,,Indo-European,Eurasia,51.8439,18.6255,true,
ine-pontic,pont1253,pnt,Pontic,,Indo-European,Eurasia,41.266015,36.097421,true,
ine-portuguese,port1283,por,Portuguese,,Indo-European,Eurasia,39.91,-8.1,true,
ine-pothwari,poth1238,,Pothwari,,Indo-European,Eurasia,33.6424,73.8071,true,
ine-powari,powa1246,pwr,Powari,,Indo-European,Eurasia,21.797,79.239,true,
ine-prasun,pras1239,prn,Prasun,,Indo-European,Eurasia,35.420531,70.922783,true,
ine-prekmurje-romani,prek1240,,Prekmurje Romani,,Indo-European,Eurasia,48.1968,20.3129,true,
ine-principense,prin1242,pre,Principense,,Indo-European,Africa,1.614,7.392,true,
ine-provencal,prov1235,,Provençal,,Indo-European,Eurasia,44.0,6.0,true,
ine-punchhi,punc1239,,Punchhi,,Indo-European,Eurasia,33.6424,73.8071,true,
ine-punial,puni1238,,Punial,,Indo-European,Eurasia,34.6515,75.287,true,
ine-pyrgos-peloponnese-romani,gree1277,,Pyrgos-Peloponnese Romani,,Indo-European,Eurasia,42.67,21.17,true,
ine-rajbanshi,rajb1243,rjs,Rajbanshi,,Indo-European,Eurasia,26.521945,88.038582,true,
ine-rambani,ramb1240,,Rambani,,Indo-European,Eurasia,33.143621,75.545125,true,
ine-rana-tharu,rana1246,thr,Rana Tharu,,Indo-European,Eurasia,28.6483,80.4419,true,
ine-reli,reli1238,rei,Reli,,Indo-European,Eurasia,18.1213,82.4996,true,
ine-reunion-creole-french,reun1238,rcf,Réunion Creole French,,Indo-European,Africa,-21.1131,55.5321,true,
ine-rohingya,rohi1238,rhg,Rohingya,,Indo-European,Eurasia,20.833082,92.393968,true,
ine-romagnol,roma1328,rgn,Romagnol,,Indo-European,Eurasia,44.2349,11.7189,true,
ine-romani,roma1329,,Romani,,Indo-European,Eurasia,,,false,
ine-romanian,roma1327,ron,Romanian,,Indo-European,Eurasia,46.3913,24.2256,true,
ine-romansh,roma1326,roh,Romansh,,Indo-European,Eurasia,46.5538,9.92812,true,
ine-rondu,rond1238,,Rondu,,Indo-European,Eurasia,34.6515,75.287,true,
ine-rumantsch-grischun,ruma1247,,Rumantsch Grischun,,Indo-European,Eurasia,46.5538,9.92812,true,
ine-russian,russ1263,rus,Russian,,Indo-European,Eurasia,59.0,50.0,true,
ine-rusyn,rusy1239,rue,Rusyn,,Indo-European,Eurasia,48.7171,22.9579,true,
ine-sabine,sabi1245,sbv,Sabine,,Indo-European,Eurasia,43.538,13.463,true,
ine-sadri,sadr1248,sck,Sadri,,Indo-European,Eurasia,23.6585,84.8114,true,
ine-saint-lucian-creole-french,sain1246,acf,Saint Lucian Creole French,,Indo-European,North America,15.3947,-61.3641,true,
ine-sallands,sall1238,sdz,Sallands,,Indo-European,Eurasia,52.4482,6.29104,true,
ine-samogitian,samo1265,sgs,Samogitian,,Indo-European,Eurasia,55.1429,23.9601,true,
ine-san-andres-creole-english,sana1297,icr,San Andres Creole English,,Indo-European,North America,12.55352,-81.70425,true,
ine-sangisari,sang1315,sgr,Sangisari,,Indo-European,Eurasia,35.72,53.3,true,
ine-sanskrit,sans1269,san,Sanskrit,,Indo-European,Eurasia,20.0,77.0,true,
ine-saotomense,saot1239,cri,Sãotomense,,Indo-European,Africa,0.28332,6.61935,true,
ine-saraiki,sera1259,skr,Saraiki,,Indo-European,Eurasia,29.5534,71.906,true,
ine-saramaccan,sara1340,srm,Saramaccan,,Indo-European,South America,4.54729,-54.0238,true,
ine-sarikoli,sari1246,srh,Sarikoli,,Indo-European,Eurasia,37.905,75.1449,true,
ine-sassarese-sardinian,sass1235,sdc,Sassarese Sardinian,,Indo-European,Eurasia,40.748,8.39332,true,
ine-satpara,satp1241,,Satpara,,Indo-European,Eurasia,34.6515,75.287,true,
ine-sauji,savi1242,sdg,Sauji,,Indo-European,Eurasia,35.166757,71.461926,true,
ine-sauraseni-prakrit,saur1252,psu,Sauraseni Prakrit,,Indo-European,Eurasia,27.46,77.56,true,
ine-saurashtra,saur1248,saz,Saurashtra,,Indo-European,Eurasia,9.99172,77.9427,true,
ine-sazin,sazi1238,,Sazin,,Indo-European,Eurasia,34.6515,75.287,true,
ine-scots,scot1243,sco,Scots,,Indo-European,Eurasia,55.886945,-3.710133,true,
ine-scottish-gaelic,scot1245,gla,Scottish Gaelic,,Indo-European,Eurasia,56.7574,-5.24366,true,
ine-sea-island-creole-english,gull1241,gul,Sea Island Creole English,,Indo-European,North America,33.6632,-79.6036,true,
ine-semnani-biyabuneki,semn1249,smy,Semnani-Biyabuneki,,Indo-European,Eurasia,35.5295,53.2868,true,
ine-sepecides,sepe1242,,Sepečides,,Indo-European,Eurasia,42.67,21.17,true,
ine-serbian-croatian-bosnian,sout1528,hbs,Serbian-Croatian-Bosnian,,Indo-European,Eurasia,44.15,18.81,true,
ine-serbian-standard,serb1264,srp,Serbian Standard,,Indo-European,Eurasia,44.3238,21.9192,true,
ine-seselwa-creole-french,sese1246,crs,Seselwa Creole French,,Indo-European,Africa,-4.62314,55.4503,true,
ine-shahrudi-southern-talysh,shah1254,shm,Shahrudi-Southern Talysh,,Indo-European,Eurasia,36.7581,50.2074,true,
ine-shekhawati,shek1243,swv,Shekhawati,,Indo-European,Eurasia,27.34,75.407,true,
ine-shina,shin1264,scl,Shina,,Indo-European,Eurasia,34.6515,75.287,true,
ine-shughni,shug1248,sgh,Shughni,,Indo-European,Eurasia,37.5018,71.7925,true,
ine-shumashti,shum1235,sts,Shumashti,,Indo-European,Eurasia,34.73008,70.782866,true,
ine-sicilian,sici1248,scn,Sicilian,,Indo-European,Eurasia,37.5735,14.0414,true,
ine-silesian,sile1253,szl,Silesian,,Indo-European,Eurasia,50.9656,16.9491,true,
ine-sindhi,sind1272,snd,Sindhi,,Indo-European,Eurasia,26.0,69.0,true,
ine-sinhala,sinh1246,sin,Sinhala,,Indo-European,Eurasia,8.0,81.0,true,
ine-sinte-manus-romani,sint1235,rmo,Sinte-Manus Romani,,Indo-European,Eurasia,48.7,9.4,true,
ine-siraji-of-doda,sira1264,,Siraji of Doda,,Indo-European,Eurasia,33.143621,75.545125,true,
ine-siripuria,siri1268,,Siripuria,,Indo-European,Eurasia,24.0,90.0,true,
ine-sirmauri,sirm1239,srx,Sirmauri,,Indo-European,Eurasia,31.1,77.17,true,
ine-sivandi,siva1239,siy,Sivandi,,Indo-European,Eurasia,30.08,52.92,true,
ine-slavomolisano,slav1254,svm,Slavomolisano,,Indo-European,Eurasia,41.89,14.7,true,
ine-slovak,slov1269,slk,Slovak,,Indo-European,Eurasia,48.545705,18.78479,true,
ine-slovenian,slov1268,slv,Slovenian,,Indo-European,Eurasia,46.2543,14.7766,true,
ine-sogdian,sogd1245,sog,Sogdian,,Indo-European,Eurasia,39.7,66.983,true,
ine-south-picene,sout2618,spx,South Picene,,Indo-European,Eurasia,43.538,13.463,true,
ine-southeast-pashayi,sout2672,psi,Southeast Pashayi,,Indo-European,Eurasia,34.66597,70.592042,true,
ine-southern-balochi,sout2642,bcc,Southern Balochi,,Indo-European,Eurasia,26.0,64.0,true,
ine-southern-hindko,sout2668,hnd,Southern Hindko,,Indo-European,Eurasia,33.2122,72.1702,true,
ine-southern-kurdish,sout2640,sdh,Southern Kurdish,,Indo-European,Eurasia,32.8977,46.5976,true,
ine-southern-luri,sout2647,luz,Southern Luri,,Indo-European,Eurasia,30.4669,50.8382,true,
ine-southern-pashto,sout2649,pbt,Southern Pashto,,Indo-European,Eurasia,31.5,65.7,true,
ine-southern-standard-bhojpuri,sout2661,,Southern Standard Bhojpuri,,Indo-European,Eurasia,26.458455,84.817115,true,
ine-southern-welsh,sout2673,,Southern Welsh,,Indo-European,Eurasia,52.0,-4.0,true,
ine-southwest-pashayi,sout2671,psh,Southwest Pashayi,,Indo-European,Eurasia,34.8478,69.8734,true,
ine-southwestern-logudorese,sout2614,,Southwestern Logudorese,,Indo-European,Eurasia,40.49,9.09957,true,
ine-spanish,stan1288,spa,Spanish,,Indo-European,Eurasia,40.4414,-1.11788,true,
ine-sranan-tongo,sran1240,srn,Sranan Tongo,,Indo-European,South America,5.83,-55.33,true,
ine-standard-latvian,stan1325,lvs,Standard Latvian,,Indo-European,Eurasia,57.0,24.0,true,
ine-stellingwerfs,stel1238,stl,Stellingwerfs,,Indo-European,Eurasia,52.8933,6.09112,true,
ine-sudovian,sudo1236,xsv,Sudovian,,Indo-European,Eurasia,52.394,14.757,true,
ine-surmiran-albula,surm1243,,Surmiran-Albula,,Indo-European,Eurasia,46.5538,9.92812,true,
ine-sursilvan,surs1244,,Sursilvan,,Indo-European,Eurasia,46.5538,9.92812,true,
ine-sveamal,svea1239,,Sveamål,,Indo-European,Eurasia,59.800634,17.389526,true,
ine-swabian,swab1242,swg,Swabian,,Indo-European,Eurasia,48.386796,9.987111,true,
ine-swedish,swed1254,swe,Swedish,,Indo-European,Eurasia,59.800634,17.389526,true,
ine-sylheti,sylh1242,syl,Sylheti,,Indo-European,Eurasia,24.83724,92.25347,true,
ine-tajik,taji1245,tgk,Tajik,,Indo-European,Eurasia,38.8213,68.5549,true,
ine-takestani,take1255,tks,Takestani,,Indo-European,Eurasia,36.065077,49.688542,true,
ine-tangir,tang1331,,Tangir,,Indo-European,Eurasia,34.6515,75.287,true,
ine-tayo,tayo1238,cks,Tayo,,Indo-European,Papunesia,-22.2277,166.546,true,
ine-thali,thal1241,,Thali,,Indo-European,Eurasia,29.5534,71.906,true,
ine-thracian,thra1250,txh,Thracian,,Indo-European,Eurasia,42.115469,24.711977,true,
ine-timor-pidgin,timo1258,tvy,Timor Pidgin,,Indo-European,Papunesia,-8.65995,125.59,true,
ine-tok-pisin,tokp1240,tpi,Tok Pisin,,Indo-European,Papunesia,-9.41971,147.303,true,
ine-tokharian-a,tokh1242,xto,Tokharian A,,Indo-European,Eurasia,42.98,89.18,true,
ine-tokharian-b,tokh1243,txb,Tokharian B,,Indo-European,Eurasia,41.65,82.9,true,
ine-torres-strait-lockhart-river-creole,torr1261,tcs,Torres Strait-Lockhart River Creole,,Indo-European,Australia,-11.066,142.692,true,
ine-torwali,torw1241,trw,Torwali,,Indo-European,Eurasia,35.3101,72.5316,true,
ine-transalpine-gaulish,tran1282,xtg,Transalpine Gaulish,,Indo-European,Eurasia,43.97,3.3,true,
ine-tregami,treg1243,trm,Tregami,,Indo-European,Eurasia,34.998117,71.099792,true,
ine-tregorrois,treg1244,,Tregorrois,,Indo-European,Eurasia,48.2452,-3.78934,true,
ine-trinidadian-creole-english,trin1276,trf,Trinidadian Creole English,,Indo-European,South America,10.4208,-61.4171,true,
ine-tsakonian,tsak1248,tsd,Tsakonian,,Indo-European,Eurasia,37.1405,22.7341,true,
ine-twents,twen1241,twd,Twents,,Indo-European,Eurasia,52.2926,6.77085,true,
ine-uaca-creole-french,kari1301,kmv,Uaçá Creole French,,Indo-European,South America,3.42825,-51.6888,true,
ine-ukrainian,ukra1253,ukr,Ukrainian,,Indo-European,Eurasia,49.796,29.945,true,
ine-umbrian,umbr1253,xum,Umbrian,,Indo-European,Eurasia,42.75,13.02,true,
ine-unserdeutsch,unse1236,uln,Unserdeutsch,,Indo-European,Papunesia,-4.19566,152.183,true,
ine-upper-guinea-crioulo,uppe1455,pov,Upper Guinea Crioulo,,Indo-European,Africa,13.2335066667,-15.33254,true,
ine-upper-sorbian,uppe1395,hsb,Upper Sorbian,,Indo-European,Eurasia,51.2403,14.4098,true,
ine-upper-taromi,uppe1235,tov,Upper Taromi,,Indo-European,Eurasia,36.5998,48.7301,true,
ine-urdu,urdu1245,urd,Urdu,,Indo-European,Eurasia,25.0,67.0,true,
ine-ursari,ursa1238,,Ursári,,Indo-European,Eurasia,42.67,21.17,true,
ine-ushojo,usho1238,ush,Ushojo,,Indo-European,Eurasia,35.1584,72.643,true,
ine-vaagri-booli,vaag1238,vaa,Vaagri Booli,,Indo-European,Eurasia,12.215,79.5335,true,
ine-vafsi,vafs1240,vaf,Vafsi,,Indo-European,Eurasia,34.5309,50.0013,true,
ine-vaghri,vagh1246,vgr,Vaghri,,Indo-European,Eurasia,26.1404,68.6051,true,
ine-vannetais,vann1244,,Vannetais,,Indo-European,Eurasia,47.76978,-3.07735,true,
ine-varhadi-nagpuri,varh1239,vah,Varhadi-Nagpuri,,Indo-European,Eurasia,20.7139,79.7516,true,
ine-veddah,vedd1240,ved,Veddah,,Indo-European,Eurasia,6.97396,81.2618,true,
ine-vedic-sanskrit,vedi1234,vsn,Vedic Sanskrit,,Indo-European,Eurasia,20.0,77.0,true,
ine-venetian,vene1258,vec,Venetian,,Indo-European,Eurasia,45.503581,12.214167,true,
ine-venetic,vene1257,xve,Venetic,,Indo-European,Eurasia,45.601,12.059,true,
ine-virgin-islands-creole-english,virg1240,vic,Virgin Islands Creole English,,Indo-European,North America,18.04715,-63.07851,true,
ine-virgin-islands-dutch-creole,nege1244,dcr,Virgin Islands Dutch Creole,,Indo-European,North America,18.3416,-64.8922,true,
ine-vlax-romani,vlax1238,rmy,Vlax Romani,,Indo-European,Eurasia,46.09,18.16,true,
ine-waciri,waci1238,,Waciri,,Indo-European,Eurasia,31.9153,69.4529,true,
ine-wakhi,wakh1245,wbl,Wakhi,,Indo-European,Eurasia,37.1768,73.9777,true,
ine-walloon,wall1255,wln,Walloon,,Indo-European,Eurasia,50.2235,5.14509,true,
ine-waneci,wane1241,wne,Waneci,,Indo-European,Eurasia,30.0501,67.8327,true,
ine-welsh,wels1247,cym,Welsh,,Indo-European,Eurasia,52.0,-4.0,true,
ine-welsh-romani,wels1246,rmw,Welsh Romani,,Indo-European,Eurasia,52.1166,-3.7888,true,
ine-west-judeo-slavic,west3000,czk,West Judeo-Slavic,,Indo-European,Eurasia,49.873398,15.10437,true,
ine-west-slovakian-romani,west2376,,West Slovakian Romani,,Indo-European,Eurasia,48.1968,20.3129,true,
ine-western-armenian,homs1234,hyw,Western Armenian,,Indo-European,Eurasia,40.1897,44.4839,true,
ine-western-balochi,west2368,bgn,Western Balochi,,Indo-European,Eurasia,29.49928,66.02877,true,
ine-western-farsi,west2369,pes,Western Farsi,,Indo-European,Eurasia,32.9,53.3,true,
ine-western-flemish,vlaa1240,vls,Western Flemish,,Indo-European,Eurasia,51.0754,3.11345,true,
ine-western-frisian,west2354,fry,Western Frisian,,Indo-European,Eurasia,53.143,5.86091,true,
ine-western-hungarian-vend,west2927,,Western Hungarian Vend,,Indo-European,Eurasia,48.1968,20.3129,true,
ine-western-kataviri,west2372,,Western Kataviri,,Indo-European,Eurasia,35.432631,70.347372,true,
ine-western-panjabi,west2386,pnb,Western Panjabi,,Indo-European,Eurasia,30.0948,75.3474,true,
ine-western-yiddish,west2361,yih,Western Yiddish,,Indo-European,Eurasia,51.6889,12.2601,true,
ine-wotapuri-katarqalai,wota1240,wsv,Wotapuri-Katarqalai,,Indo-European,Eurasia,34.958246,71.090876,true,
ine-wymysorys,wymy1235,wym,Wymysorys,,Indo-European,Eurasia,49.91617,19.15195,true,
ine-yagnobi,yagn1238,yai,Yagnobi,,Indo-European,Eurasia,39.1486,69.2422,true,
ine-yasin-indo-european,yasi1244,,Yasin (Indo-European),,Indo-European,Eurasia,37.1768,73.9777,true,
ine-yazgulyam,yazg1240,yah,Yazgulyam,,Indo-European,Eurasia,38.2801,71.565,true,
ine-yidgha,yidg1240,ydg,Yidgha,,Indo-European,Eurasia,36.014,71.5077,true,
ine-yusufzai,yusu1238,,Yusufzai,,Indo-European,Eurasia,34.0,71.33,true,
ine-zeeuws,zeeu1238,zea,Zeeuws,,Indo-European,Eurasia,51.4981,3.85428,true,
ira-irantxe-munku,iran1263,irn,Irántxe-Münkü,,Irántxe-Münkü,South America,-12.7178,-57.9806,true,
iro-cayuga,cayu1261,cay,Cayuga,,Iroquoian,North America,42.41,-76.5969,true,
iro-cherokee,cher1273,chr,Cherokee,,Iroquoian,North America,35.4664,-83.163,true,
iro-huron-wyandot,wyan1247,wya,Huron-Wyandot,,Iroquoian,North America,44.33,-77.5,true,
iro-laurentian,laur1250,lre,Laurentian,,Iroquoian,North America,45.33,-72.5,true,
iro-mohawk,moha1258,moh,Mohawk,,Iroquoian,North America,43.72,-74.66836,true,
iro-nottoway,nott1246,ntw,Nottoway,,Iroquoian,North America,36.72,-77.115,true,
iro-oneida,onei1249,one,Oneida,,Iroquoian,North America,43.438742,-75.708106,true,
iro-onondaga,onon1246,ono,Onondaga,,Iroquoian,North America,42.92,-76.12,true,
iro-seneca,sene1264,see,Seneca,,Iroquoian,North America,42.56,-77.53,true,
iro-tuscarora,tusc1257,tus,Tuscarora,,Iroquoian,North America,35.75362,-77.60117,true,
iro-wendat,wend1234,wdt,Wendat,,Iroquoian,North America,44.33,-77.5,true,
ito-itonama,iton1250,ito,Itonama,,Itonama,South America,-12.80431,-64.35748,true,
iwa-amurdak,amar1271,amg,Amurdak,,Iwaidjan Proper,Australia,-11.9876,132.878,true,
iwa-iwaidja,iwai1244,ibd,Iwaidja,,Iwaidjan Proper,Australia,-11.3379,132.453,true,
iwa-mawng,maun1240,mph,Mawng,,Iwaidjan Proper,Australia,-11.66,133.376,true,
jaa-jarawa-india,jara1245,anq,Jarawa (India),,Jarawa-Onge,Eurasia,11.6089,92.658,true,
jaa-onge,onge1236,oon,Önge,,Jarawa-Onge,Eurasia,10.6926,92.4707,true,
jar-gajirrabeng,gadj1243,gdh,Gajirrabeng,,Jarrakan,Australia,-15.4786,129.156,true,
jar-kitja,kitj1240,gia,Kitja,,Jarrakan,Australia,-17.5758,127.392,true,
jar-miriwung,miri1266,mep,Miriwung,,Jarrakan,Australia,-16.3596,128.889,true,
jic-tol,toll1241,jic,Tol,,Jicaquean,North America,14.6686,-87.0372,true,
jpx-akita,akit1240,,Akita,,Japonic,Eurasia,35.0,135.0,true,
jpx-central-okinawan,cent2126,ryu,Central Okinawan,,Japonic,Eurasia,26.14854,127.7816,true,
jpx-chiba,chib1248,,Chiba,,Japonic,Eurasia,35.0,135.0,true,
jpx-chichibu,chic1269,,Chichibu,,Japonic,Eurasia,35.0,135.0,true,
jpx-chikuho-ben,chik1251,,Chikuho-ben,,Japonic,Eurasia,35.0,135.0,true,
jpx-fukui,fuku1241,,Fukui,,Japonic,Eurasia,35.0,135.0,true,
jpx-fukushima,fuku1243,,Fukushima,,Japonic,Eurasia,35.0,135.0,true,
jpx-gifu-aichi,gifu1238,,Gifu-Aichi,,Japonic,Eurasia,35.0,135.0,true,
jpx-gunma,gunm1237,,Gunma,,Japonic,Eurasia,35.0,135.0,true,
jpx-hachijo,hach1239,,Hachijo,,Japonic,Eurasia,33.109444,139.791389,true,
jpx-hata-ben,hata1244,,Hata-ben,,Japonic,Eurasia,35.0,135.0,true,
jpx-hateruma,hate1238,,Hateruma,,Japonic,Eurasia,24.059,123.78,true,
jpx-hatoma,hato1238,,Hatoma,,Japonic,Eurasia,24.3401,123.801,true,
jpx-hiroshima,hiro1237,,Hiroshima,,Japonic,Eurasia,35.0,135.0,true,
jpx-ibaraki,ibar1242,,Ibaraki,,Japonic,Eurasia,35.0,135.0,true,
jpx-ikema-jima,ikem1235,,Ikema-Jima,,Japonic,Eurasia,24.93149,125.245,true,
jpx-irabu-jima,irab1238,,Irabu-Jima,,Japonic,Eurasia,24.831088,125.18956,true,
jpx-ishigaki,ishi1240,,Ishigaki,,Japonic,Eurasia,24.3401,123.801,true,
jpx-iyo-ben,iyob1237,,Iyo-ben,,Japonic,Eurasia,35.0,135.0,true,
jpx-izumo-ben,izum1237,,Izumo-ben,,Japonic,Eurasia,35.0,135.0,true,
jpx-japanese,nucl1643,jpn,Japanese,,Japonic,Eurasia,35.0,135.0,true,
jpx-japonic,japo1237,,Japonic,,Japonic,,,,false,
jpx-kagawa-ben,kaga1258,,Kagawa-ben,,Japonic,Eurasia,35.0,135.0,true,
jpx-kanagawa,kana1290,,Kanagawa,,Japonic,Eurasia,35.0,135.0,true,
jpx-kanazawa,kana1289,,Kanazawa,,Japonic,Eurasia,35.0,135.0,true,
jpx-kesen,kese1237,,Kesen,,Japonic,Eurasia,35.0,135.0,true,
jpx-kikai,kika1239,kzg,Kikai,,Japonic,Eurasia,28.31,129.982,true,
jpx-kobe-japonic,kobe1244,,Kobe (Japonic),,Japonic,Eurasia,35.0,135.0,true,
jpx-kumamoto-ben,kuma1281,,Kumamoto-ben,,Japonic,Eurasia,35.0,135.0,true,
jpx-kunigami,kuni1268,xug,Kunigami,,Japonic,Eurasia,26.5911,128.068,true,
jpx-kyoto,kyot1238,,Kyoto,,Japonic,Eurasia,35.0,135.0,true,
jpx-kyushu,kyus1238,,Kyūshū,,Japonic,Eurasia,35.0,135.0,true,
jpx-mie,miee1237,,Mie,,Japonic,Eurasia,35.0,135.0,true,
jpx-miyako,miya1259,mvi,Miyako,,Japonic,Eurasia,24.7564,125.363,true,
jpx-miyako-jima,miya1260,,Miyako-Jima,,Japonic,Eurasia,24.7564,125.363,true,
jpx-miyazaki-ben,miya1258,,Miyazaki-ben,,Japonic,Eurasia,35.0,135.0,true,
jpx-nagano,naga1408,,Nagano,,Japonic,Eurasia,35.0,135.0,true,
jpx-nagasaki-ben,naga1405,,Nagasaki-ben,,Japonic,Eurasia,35.0,135.0,true,
jpx-naze,naze1238,,Naze,,Japonic,Eurasia,28.20991,129.45346,true,
jpx-niigata,niig1237,,Niigata,,Japonic,Eurasia,35.0,135.0,true,
jpx-northern-amami-oshima,nort2935,ryn,Northern Amami-Oshima,,Japonic,Eurasia,28.20991,129.45346,true,
jpx-oita-ben,oita1237,,Ōita-ben,,Japonic,Eurasia,35.0,135.0,true,
jpx-okayama,okay1237,,Okayama,,Japonic,Eurasia,35.0,135.0,true,
jpx-oki-no-erabu,okin1246,okn,Oki-No-Erabu,,Japonic,Eurasia,27.37384,128.6187,true,
jpx-okinawa,okin1244,,Okinawa,,Japonic,,,,false,
jpx-old-japanese,oldj1239,ojp,Old Japanese,,Japonic,Eurasia,34.68333,135.8,true,
jpx-osaka,osak1237,,Ōsaka,,Japonic,Eurasia,35.0,135.0,true,
jpx-sado,sado1237,,Sado,,Japonic,Eurasia,35.0,135.0,true,
jpx-saga-ben,saga1265,,Saga-ben,,Japonic,Eurasia,35.0,135.0,true,
jpx-satsuma-ben,sats1242,,Satsuma-ben,,Japonic,Eurasia,31.8764,130.4454,true,
jpx-sendai,send1240,,Sendai,,Japonic,Eurasia,35.0,135.0,true,
jpx-shiga,shig1237,,Shiga,,Japonic,Eurasia,35.0,135.0,true,
jpx-shikoku,shik1243,,Shikoku,,Japonic,Eurasia,35.0,135.0,true,
jpx-shizuoka,shiz1237,,Shizuoka,,Japonic,Eurasia,35.0,135.0,true,
jpx-shuri,shur1243,,Shuri,,Japonic,Eurasia,26.21699,127.7224,true,
jpx-southern-amami-oshima,sout2954,ams,Southern Amami-Oshima,,Japonic,Eurasia,28.1955,129.28521,true,
jpx-taketomi,take1256,,Taketomi,,Japonic,Eurasia,24.3401,123.801,true,
jpx-tarama-minna,tara1319,,Tarama-Minna,,Japonic,Eurasia,24.6584,124.6998,true,
jpx-tochigi,toch1258,,Tochigi,,Japonic,Eurasia,35.0,135.0,true,
jpx-toku-no-shima,toku1246,tkn,Toku-No-Shima,,Japonic,Eurasia,27.7736,128.961,true,
jpx-tokushima-ben,toku1245,,Tokushima-ben,,Japonic,Eurasia,35.0,135.0,true,
jpx-tokyo,toky1238,,Tōkyō,,Japonic,Eurasia,35.0,135.0,true,
jpx-tottori,tott1237,,Tottori,,Japonic,Eurasia,35.0,135.0,true,
jpx-toyama,toya1237,,Toyama,,Japonic,Eurasia,35.0,135.0,true,
jpx-tsugaru,tsug1237,,Tsugaru,,Japonic,Eurasia,40.7435,140.6873,true,
jpx-vernacular-atayalic-japanese,yila1234,ycr,Vernacular Atayalic Japanese,,Japonic,Papunesia,24.381274,121.574283,true,
jpx-wakayama,waka1279,,Wakayama,,Japonic,Eurasia,35.0,135.0,true,
jpx-yaeyama,yaey1239,rys,Yaeyama,,Japonic,Eurasia,24.3401,123.801,true,
jpx-yamagata,yama1262,,Yamagata,,Japonic,Eurasia,35.0,135.0,true,
jpx-yamaguchi,yama1261,,Yamaguchi,,Japonic,Eurasia,35.0,135.0,true,
jpx-yamanashi,yama1263,,Yamanashi,,Japonic,Eurasia,35.0,135.0,true,
jpx-yonaguni,yona1241,yoi,Yonaguni,,Japonic,Eurasia,24.44997,122.99075,true,
jpx-yoron,yoro1243,yox,Yoron,,Japonic,Eurasia,27.0407,128.428,true,
kaa-katla,katl1237,kcr,Katla,,Katla-Tima,Africa,11.80325,29.28254,true,
kaa-tima,tima1241,tms,Tima,,Katla-Tima,Africa,11.7176,29.1632,true,
kab-kaki-ae,kaki1249,tbd,Kaki Ae,,Kaki Ae,Papunesia,-7.9946,145.816,true,
kac-kamakan,kama1372,vkm,Kamakan,,Kamakanan,South America,-15.0,-41.0,true,
kad-kanga,kang1288,kcp,Kanga,,Kadugli-Krongo,Africa,11.0174,29.3463,true,
kad-katcha-kadugli-miri,katc1249,xtc,Katcha-Kadugli-Miri,,Kadugli-Krongo,Africa,10.8423,29.4914,true,
kad-keiga,keig1242,kec,Keiga,,Kadugli-Krongo,Africa,11.2064,29.3889,true,
kad-krongo,kron1241,kgo,Krongo,,Kadugli-Krongo,Africa,10.514,30.003,true,
kad-miri,miri1267,,Miri,,Kadugli-Krongo,Africa,10.8423,29.4914,true,
kad-tulishi,tuli1249,tey,Tulishi,,Kadugli-Krongo,Africa,11.4507,29.108,true,
kad-tumtum,tumt1243,tbr,Tumtum,,Kadugli-Krongo,Africa,10.6378,30.4128,true,
kae-karankawa,kara1289,zkk,Karankawa,,Karankawa,North America,28.9082,-96.4856,true,
kaf-karuk,karo1304,kyh,Karuk,,Karuk,North America,41.8228,-123.315,true,
kak-kakua,cacu1241,cbv,Kakua,,Kakua-Nukak,South America,0.88778,-69.5659,true,
kak-nukak-maku,nuka1242,mbr,Nukak Makú,,Kakua-Nukak,South America,2.65939,-71.4629,true,
kal-central-kalapuya,kala1400,kyl,Central Kalapuya,,Kalapuyan,North America,44.9861,-123.925,true,
kam-aekyom,aeky1238,awi,Aekyom,,Kamula-Elevala,Papunesia,-5.88478,141.532,true,
kam-kamula,kamu1260,xla,Kamula,,Kamula-Elevala,Papunesia,-7.28798,142.639,true,
kam-pare,pare1271,ppt,Pare,,Kamula-Elevala,Papunesia,-6.46878,141.658,true,
kan-kanoe,kano1245,kxo,Kanoê,,Kanoê,South America,-12.1789,-64.5812,true,
kap-kapori,kapo1250,khp,Kapori,,Kapori,Papunesia,-3.52696,139.766,true,
kar-georgian,nucl1302,kat,Georgian,,Kartvelian,Eurasia,41.850397,43.78613,true,
kar-laz,lazz1240,lzz,Laz,,Kartvelian,Eurasia,41.5004,41.9096,true,
kar-mingrelian,ming1252,xmf,Mingrelian,,Kartvelian,Eurasia,42.5129,41.8719,true,
kar-old-georgian,oldg1234,oge,Old Georgian,,Kartvelian,Eurasia,41.604313,43.06151,true,
kar-svan,svan1243,sva,Svan,,Kartvelian,Eurasia,42.9134,42.5915,true,
kat-katawixi,kata1270,xat,Katawixi,,Katukinan,South America,-7.25015,-64.8319,true,
kat-katukina-kanamari,kana1291,knm,Katukína-Kanamarí,,Katukinan,South America,-6.45399,-68.7678,true,
kau-kaure-narau,kaur1271,bpp,Kaure-Narau,,Kaure-Kosare,Papunesia,-3.39188,140.14,true,
kau-kosadle,kosa1251,kiq,Kosadle,,Kaure-Kosare,Papunesia,-3.78748,140.197,true,
kaw-qawasqar,qawa1238,alc,Qawasqar,,Kawesqar,South America,-49.303195,-74.707536,true,
kay-atohwaim,atoh1238,aqm,Atohwaim,,Kayagaric,Papunesia,-6.27123,138.666,true,
kay-kayagar,kaya1328,kyt,Kayagar,,Kayagaric,Papunesia,-6.37677,138.932,true,
kay-tamagario,tama1336,tcg,Tamagario,,Kayagaric,Papunesia,-6.64493,138.892,true,
kea-ambakich,amba1269,aew,Ambakich,,Keram,Papunesia,-4.23181,144.285,true,
kea-ap-ma,apma1241,kbx,Ap Ma,,Keram,Papunesia,-4.35147,144.085,true,
kea-kambaramba,kamb1306,,Kambaramba,,Keram,Papunesia,-4.35147,144.085,true,
kea-mwakai,mong1344,mgt,Mwakai,,Keram,Papunesia,-4.30038,143.965,true,
kea-ulwa-papua-new-guinea,yaul1241,yla,Ulwa (Papua New Guinea),,Keram,Papunesia,-4.39912,143.993,true,
keh-kehu,kehu1238,khh,Kehu,,Kehu,Papunesia,-3.19328,136.14,true,
ken-kenaboi,kena1236,xbn,Kenaboi,,Kenaboi,Eurasia,3.154162,102.01596,true,
ker-acoma-keres,acom1246,,Acoma Keres,,Keresan,North America,34.9733,-107.517,true,
ker-eastern-keres,east1472,kee,Eastern Keres,,Keresan,North America,35.5216,-106.453,true,
ker-keresan,kere1287,,Keresan,,Keresan,,,,false,
ker-santa-ana,sant1426,,Santa Ana,,Keresan,North America,35.5216,-106.453,true,
ker-santo-domingo,sant1425,,Santo Domingo,,Keresan,North America,35.5216,-106.453,true,
ker-western-keres,west2632,kjq,Western Keres,,Keresan,North America,34.9733,-107.517,true,
kho-ani,anii1246,hnh,//Ani,,Khoe-Kwadi,Africa,-19.0966,22.9088,true,
kho-gana,gana1274,gnk,//Gana,,Khoe-Kwadi,Africa,-21.8555,22.2003,true,
kho-gwi,gwii1239,gwj,/Gwi,,Khoe-Kwadi,Africa,-22.2708,21.9431,true,
kho-hai-om-akhoe,haio1238,hgm,Hai//om-Akhoe,,Khoe-Kwadi,Africa,-19.7637,17.0299,true,
kho-korana,kora1292,kqz,Korana,,Khoe-Kwadi,Africa,-30.4207,19.7711,true,
kho-kwadi,kwad1244,kwz,Kwadi,,Khoe-Kwadi,Africa,-15.8745,12.1147,true,
kho-kxoe,kxoe1243,xuu,Kxoe,,Khoe-Kwadi,Africa,-16.59051,22.599835,true,
kho-nama-namibia,nama1264,naq,Nama (Namibia),,Khoe-Kwadi,Africa,-25.0747,17.9767,true,
kho-naro,naro1249,nhr,Naro,,Khoe-Kwadi,Africa,-22.0939,20.7458,true,
kho-northern-tshwa,tsoa1238,hio,Northern Tshwa,,Khoe-Kwadi,Africa,-19.7974,26.9638,true,
kho-shua,shua1254,shg,Shua,,Khoe-Kwadi,Africa,-21.52,26.0238,true,
kib-kibiri,kibi1239,prm,Kibiri,,Kibiri,Papunesia,-7.45276,144.296,true,
kim-kimki,kimk1238,sbt,Kimki,,Kimki,Papunesia,-4.2742,140.884,true,
kio-arizona-tewa,ariz1237,,Arizona Tewa,,Kiowa-Tanoan,North America,35.836667,-110.381389,true,
kio-kiowa,kiow1266,kio,Kiowa,,Kiowa-Tanoan,North America,34.9403,-98.9042,true,
kio-rio-grande-tewa,tewa1260,tew,Rio Grande Tewa,,Kiowa-Tanoan,North America,35.9053,-106.124,true,
kio-san-juan-usa,sanj1276,,San Juan (USA),,Kiowa-Tanoan,North America,36.0542,-106.0703,true,
kio-southern-tiwa,sout2961,tix,Southern Tiwa,,Kiowa-Tanoan,North America,34.7873,-106.661,true,
kio-taos-northern-tiwa,nort1550,twf,Taos Northern Tiwa,,Kiowa-Tanoan,North America,36.4277,-105.604,true,
kio-towa,jeme1245,tow,Towa,,Kiowa-Tanoan,North America,35.5994,-106.766,true,
kiw-arigibi,arig1248,,Arigibi,,Kiwaian,Papunesia,-7.39215,144.667,true,
kiw-bamu,bamu1257,bcf,Bamu,,Kiwaian,Papunesia,-7.93818,143.545,true,
kiw-gibaio,giba1246,,Gibaio,,Kiwaian,Papunesia,-7.39215,144.667,true,
kiw-kerewo,kere1286,kxz,Kerewo,,Kiwaian,Papunesia,-7.551,144.309,true,
kiw-kope,kope1239,,Kope,,Kiwaian,Papunesia,-7.39215,144.667,true,
kiw-morigi,mori1271,mdb,Morigi,,Kiwaian,Papunesia,-7.62961,143.88,true,
kiw-northeast-kiwai,nort2930,kiw,Northeast Kiwai,,Kiwaian,Papunesia,-7.39215,144.667,true,
kiw-sisiame,sisi1249,,Sisiame,,Kiwaian,Papunesia,-7.93818,143.545,true,
kiw-southern-coast-kiwai,sout2950,,Southern Coast Kiwai,,Kiwaian,Papunesia,-8.64889,143.244,true,
kiw-southern-kiwai,sout2949,kjd,Southern Kiwai,,Kiwaian,Papunesia,-8.64889,143.244,true,
kiw-urama,uram1241,,Urama,,Kiwaian,Papunesia,-7.39215,144.667,true,
kiw-waboda,wabo1241,kmx,Waboda,,Kiwaian,Papunesia,-8.41651,143.501,true,
kla-klamath-modoc,klam1254,kla,Klamath-Modoc,,Klamath-Modoc,North America,42.5861,-121.704,true,
koa-kol-papua-new-guinea,kolp1236,kol,Kol (Papua New Guinea),,Kol (Papua New Guinea),Papunesia,-5.21042,151.583,true,
koi-barai,nucl1630,bbb,Barai,,Koiarian,Papunesia,-9.46246,147.899,true,
koi-baraic,bara1376,,Baraic,,Koiarian,,,,false,
koi-ese,esee1247,mcq,Ese,,Koiarian,Papunesia,-9.09451,148.376,true,
koi-grass-koiari,gras1249,kbk,Grass Koiari,,Koiarian,Papunesia,-9.51218,147.437,true,
koi-koiarian,koia1260,,Koiarian,,Koiarian,,,,false,
koi-koiaric,koia1261,,Koiaric,,Koiarian,,,,false,
koi-koitabu,koit1244,kqi,Koitabu,,Koiarian,Papunesia,-9.36877,147.079,true,
koi-mountain-koiali,moun1252,kpx,Mountain Koiali,,Koiarian,Papunesia,-9.06973,147.384,true,
koi-omie,omie1241,aom,Ömie,,Koiarian,Papunesia,-9.03136,148.107,true,
kol-kimaama,kima1246,kig,Kimaama,,Kolopom,Papunesia,-8.01899,138.355,true,
kol-ndom,ndom1245,nqm,Ndom,,Kolopom,Papunesia,-7.93553,138.019,true,
kol-riantana,rian1263,ran,Riantana,,Kolopom,Papunesia,-7.50746,138.484,true,
kom-gwama,kwam1249,kmq,Gwama,,Koman,Africa,9.50836,34.2457,true,
kom-komo-sudan-ethiopia,komo1258,xom,Komo (Sudan-Ethiopia),,Koman,Africa,8.94162,34.0939,true,
kom-opo,opuu1239,lgn,Opo,,Koman,Africa,8.47526,33.853,true,
kom-uduk,uduk1239,udu,Uduk,,Koman,Africa,9.16012,34.2293,true,
kon-yaben-konda,kond1303,knd,Yaben (Konda),,Konda-Yahadian,Papunesia,-1.82635,132.06,true,
kon-yahadian,yaha1248,ner,Yahadian,,Konda-Yahadian,Papunesia,-1.94317,132.096,true,
kor-ch-ungch-ongdo,chun1247,,Ch'ungch'ongdo,,Koreanic,Eurasia,36.63,127.31,true,
kor-hamgyongdo,hamg1238,,Hamgyongdo,,Koreanic,Eurasia,42.34,129.84,true,
kor-hwanghaedo,hwan1238,,Hwanghaedo,,Koreanic,Eurasia,38.29,125.47,true,
kor-jejueo,jeju1234,jje,Jejueo,,Koreanic,Eurasia,33.3805,126.5554,true,
kor-jollado,chol1278,,Jollado,,Koreanic,Eurasia,35.14,126.84,true,
kor-korean,kore1280,kor,Korean,,Koreanic,Eurasia,37.54,126.98,true,
kor-kyongsangdo,kyon1247,,Kyongsangdo,,Koreanic,Eurasia,35.3,128.3,true,
kor-late-middle-korean,late1258,,Late Middle Korean,,Koreanic,Eurasia,37.54,126.98,true,
kor-middle-korean,midd1372,,Middle Korean,,Koreanic,Eurasia,37.93313,126.59918,true,
kor-p-yong-ando,pyon1239,,P'yong'ando,,Koreanic,Eurasia,39.44,126.16,true,
kor-seoul,seou1239,,Seoul,,Koreanic,Eurasia,37.54,126.98,true,
kre-aja-south-sudan,ajas1235,aja,Aja (South Sudan),,Kresh-Aja,Africa,8.58003,25.6122,true,
kre-kresh-woro,gbay1288,krs,Kresh-Woro,,Kresh-Aja,Africa,8.43391,25.0,true,
kru-bakwe,bakw1243,bjw,Bakwé,,Kru,Africa,5.23123,-6.51077,true,
kru-bassa,nucl1418,bsq,Bassa,,Kru,Africa,7.27501,-11.543,true,
kru-daloa-bete,dalo1238,bev,Daloa Bété,,Kru,Africa,6.69281,-6.63944,true,
kru-dewoin,dewo1238,dee,Dewoin,,Kru,Africa,6.56113,-10.9076,true,
kru-godie,godi1239,god,Godié,,Kru,Africa,5.3944,-5.82696,true,
kru-klao,klao1243,klu,Klao,,Kru,Africa,5.05,-8.85,true,
kru-lakota-dida,lako1244,dic,Lakota Dida,,Kru,Africa,5.86012,-5.40633,true,
kru-neyo,neyo1238,ney,Neyo,,Kru,Africa,4.95048,-6.08043,true,
kru-nyabwa,nyab1255,nwb,Nyabwa,,Kru,Africa,6.87615,-6.84428,true,
kru-pye-krumen,pyek1235,pye,Pye Krumen,,Kru,Africa,5.00716,-7.01481,true,
kru-southern-grebo,sout2826,grj,Southern Grebo,,Kru,Africa,4.47607,-7.56872,true,
kru-tepo-krumen,tepo1239,ted,Tepo Krumen,,Kru,Africa,5.16267,-7.66346,true,
kru-we-western,wewe1238,wec,Wè Western,,Kru,Africa,6.36463,-8.40234,true,
kru-wobe-we-northern,weno1238,wob,Wobe-Wè Northern,,Kru,Africa,7.40391,-7.24617,true,
kru-yocoboue-dida,yoco1235,gud,Yocoboué Dida,,Kru,Africa,5.40126,-5.12242,true,
kua-kunama,kuna1268,kun,Kunama,,Kunama,Africa,14.5879,37.5292,true,
kub-kungarakany,kung1259,ggk,Kungarakany,,Kungarakany,Australia,-12.7,130.881,true,
kuc-kunza,kunz1244,kuz,Kunza,,Kunza,South America,-23.0,-69.0,true,
kuj-kujarge,kuja1239,vkj,Kujarge,,Kujarge,Africa,11.7473,22.1956,true,
kul-ik,ikkk1242,ikx,Ik,,Kuliak,Africa,3.61407,34.2507,true,
kul-nyang-i,nyan1313,nyp,Nyang'i,,Kuliak,Africa,3.4997,33.73651,true,
kul-soo,sooo1256,teu,Soo,,Kuliak,Africa,2.58367,34.7595,true,
kun-biangai,bian1252,big,Biangai,,Kunimaipan,Papunesia,-7.33882,146.765,true,
kun-kunimaipa,kuni1267,kup,Kunimaipa,,Kunimaipan,Papunesia,-8.09371,146.908,true,
kuo-kuot,kuot1243,kto,Kuot,,Kuot,Papunesia,-3.06952,151.537,true,
kus-kusunda,kusu1250,kgg,Kusunda,,Kusunda,Eurasia,28.33,82.6,true,
kut-kutenai,kute1249,kut,Kutenai,,Kutenai,North America,48.7892,-115.065,true,
kwa-humene,hume1246,huf,Humene,,Kwalean,Papunesia,-9.70693,147.562,true,
kwa-kwalean,kwal1257,,Kwalean,,Kwalean,,,,false,
kwa-mulaha,mula1254,mfw,Mulaha,,Kwalean,Papunesia,-9.68333,147.45,true,
kwa-uare,uare1241,ksj,Uare,,Kwalean,Papunesia,-9.69571,147.687,true,
kwb-kwaza,kwaz1243,xwa,Kwaza,,Kwaza,South America,-11.6667,-61.1833,true,
kwo-nai,naii1241,bio,Nai,,Kwomtari-Nai,Papunesia,-3.73034,141.273,true,
kxa-amkoe,hoaa1235,huc,Amkoe,,Kxa,Africa,-23.93447,24.69828,true,
kxa-north-central-ju,kung1261,knw,North-Central Ju,,Kxa,Africa,-21.92,18.0,true,
kxa-northern-ju,vase1234,vaj,Northern Ju,,Kxa,Africa,-18.2675,18.1864,true,
kxa-south-eastern-ju,juho1239,ktz,South-Eastern Ju,,Kxa,Africa,-19.688,20.7673,true,
laa-laal,laal1242,gdm,Laal,,Laal,Africa,10.0063,17.6143,true,
lak-abawiri,foau1240,flh,Abawiri,,Lakes Plain,Papunesia,-3.04582,139.213,true,
lak-awera,awer1241,awr,Awera,,Lakes Plain,Papunesia,-2.71886,136.063,true,
lak-biritai,biri1259,bqq,Biritai,,Lakes Plain,Papunesia,-2.92042,137.68,true,
lak-central-tariku,cent2110,,Central Tariku,,Lakes Plain,,,,false,
lak-deirate,deir1239,,Deirate,,Lakes Plain,Papunesia,-2.8406,136.899,true,
lak-doutai,dout1240,tds,Doutai,,Lakes Plain,Papunesia,-3.24832,138.22,true,
lak-duvle,duvl1242,duv,Duvle,,Lakes Plain,Papunesia,-3.21832,137.964,true,
lak-east-tariku,east2502,,East Tariku,,Lakes Plain,,,,false,
lak-edopi,edop1238,dbf,Edopi,,Lakes Plain,Papunesia,-3.11078,137.387,true,
lak-eritai,erit1239,ert,Eritai,,Lakes Plain,Papunesia,-2.71182,138.053,true,
lak-faia,faia1238,,Faia,,Lakes Plain,Papunesia,-3.18494,137.282,true,
lak-far-west-lakes-plain,farw1236,,Far West Lakes Plain,,Lakes Plain,,,,false,
lak-fayu,fayu1238,fau,Fayu,,Lakes Plain,Papunesia,-3.14497,136.867,true,
lak-foi-iau,foii1242,,Foi (Iau),,Lakes Plain,Papunesia,-3.14537,137.69,true,
lak-iau,iauu1242,tmu,Iau,,Lakes Plain,Papunesia,-3.14537,137.69,true,
lak-kaiy,kaiy1239,tcq,Kaiy,,Lakes Plain,Papunesia,-2.94448,138.161,true,
lak-kirikiri,kiri1256,kiy,Kirikiri,,Lakes Plain,Papunesia,-3.18494,137.282,true,
lak-kwerisa,kwer1264,kkb,Kwerisa,,Lakes Plain,Papunesia,-2.99145,138.135,true,
lak-lakes-plain,lake1255,,Lakes Plain,,Lakes Plain,,,,false,
lak-obokuitai,obok1239,afz,Obokuitai,,Lakes Plain,Papunesia,-2.88029,137.924,true,
lak-papasena,papa1269,pas,Papasena,,Lakes Plain,Papunesia,-2.87535,138.605,true,
lak-rasawa,rasa1243,rac,Rasawa,,Lakes Plain,Papunesia,-2.37609,136.352,true,
lak-saponi,sapo1254,spi,Saponi,,Lakes Plain,Papunesia,-2.385,136.497,true,
lak-sikaritai,sika1263,tty,Sikaritai,,Lakes Plain,Papunesia,-2.80285,138.287,true,
lak-tariku,tari1255,,Tariku,,Lakes Plain,,,,false,
lak-tause,taus1252,tad,Tause,,Lakes Plain,Papunesia,-2.8406,136.899,true,
lak-taworta,tawo1244,tbp,Taworta,,Lakes Plain,Papunesia,-3.43455,139.061,true,
lak-waritai,wari1264,wbe,Waritai,,Lakes Plain,Papunesia,-3.23021,138.456,true,
lak-weirate,weir1238,,Weirate,,Lakes Plain,Papunesia,-2.8406,136.899,true,
lak-west-tariku,west2582,,West Tariku,,Lakes Plain,,,,false,
lar-laragia,lara1258,lrg,Laragia,,Laragia,Australia,-12.4111,130.922,true,
lav-lavukaleve,lavu1241,lvk,Lavukaleve,,Lavukaleve,Papunesia,-9.05569,159.119,true,
lea-lenca,lenc1244,,Lenca,,Lencan,,,,false,
lea-lenca-honduras,lenc1242,,Lenca-Honduras,,Lencan,North America,13.667338,-87.49878,true,
lea-lenca-salvador,lenc1243,,Lenca-Salvador,,Lencan,North America,13.560562,-88.114014,true,
lec-leco,leco1242,lec,Leco,,Leco,South America,-15.0092,-67.8818,true,
lef-ama-papua-new-guinea,amap1240,amm,Ama (Papua New Guinea),,Left May,Papunesia,-4.20192,141.658,true,
lef-bo-papua-new-guinea,bopa1235,bpw,Bo (Papua New Guinea),,Left May,Papunesia,-4.32114,141.45,true,
lef-iteri,iter1241,itr,Iteri,,Left May,Papunesia,-4.11998,141.585,true,
lef-nakwi,nakw1240,nax,Nakwi,,Left May,Papunesia,-4.27412,141.601,true,
lef-nimo,nimo1247,niw,Nimo,,Left May,Papunesia,-4.3582,141.578,true,
lef-owiniga,owin1240,owi,Owiniga,,Left May,Papunesia,-4.47476,141.697,true,
len-angaite,anga1316,aqt,Angaité,,Lengua-Mascoy,South America,-22.85,-58.45,true,
len-enlhet-norte,nort2971,enl,Enlhet Norte,,Lengua-Mascoy,South America,-22.54,-58.98,true,
len-enxet-sur,sout2989,enx,Enxet Sur,,Lengua-Mascoy,South America,-23.427556,-57.945626,true,
len-guana-paraguay,guan1268,gva,Guaná (Paraguay),,Lengua-Mascoy,South America,-21.9803,-58.0654,true,
len-lengua,leng1262,,Lengua,,Lengua-Mascoy,South America,,,false,
len-sanapana,sana1298,spn,Sanapaná,,Lengua-Mascoy,South America,-22.49,-58.38,true,
lep-lepki,lepk1238,lpe,Lepki,,Lepki-Murkim-Kembra,Papunesia,-4.1059,140.464,true,
lep-murkim,murk1238,rmh,Murkim,,Lepki-Murkim-Kembra,Papunesia,-4.07548,140.913,true,
lim-limilngan,nucl1327,lmc,Limilngan,,Limilngan-Wulna,Australia,-12.4294,131.845,true,
low-angoram,ango1255,aog,Angoram,,Lower Sepik,Papunesia,-4.07758,144.028,true,
low-chambri,cham1313,can,Chambri,,Lower Sepik,Papunesia,-4.27831,143.097,true,
low-kopar,kopa1248,xop,Kopar,,Lower Sepik,Papunesia,-3.98259,144.466,true,
low-murik-papua-new-guinea,muri1260,mtf,Murik (Papua New Guinea),,Lower Sepik,Papunesia,-3.86959,144.166,true,
low-tabriak,tabr1243,tzx,Tabriak,,Lower Sepik,Papunesia,-4.49162,143.593,true,
low-yimas,yima1243,yee,Yimas,,Lower Sepik,Papunesia,-4.71731,143.572,true,
lul-lule,lule1238,ule,Lule,,Lule,South America,-25.221839,-61.887818,true,
maa-doromu-koki,doro1266,kqc,Doromu-Koki,,Manubaran,Papunesia,-9.56687,147.986,true,
maa-manubaran,manu1261,,Manubaran,,Manubaran,,,,false,
maa-maria,mari1439,,Maria,,Manubaran,Papunesia,-9.92982,148.303,true,
maa-maria-papua-new-guinea,mari1438,mds,Maria (Papua New Guinea),,Manubaran,Papunesia,-9.92982,148.303,true,
maa-uderi,uder1239,,Uderi,,Manubaran,Papunesia,-9.92982,148.303,true,
mab-alawa,alaw1244,alh,Alawa,,Mangarrayi-Maran,Australia,-15.5458,134.282,true,
mab-mangarrayi,mang1381,mpc,Mangarrayi,,Mangarrayi-Maran,Australia,-14.8,133.5,true,
mab-marra,mara1385,mec,Marra,,Mangarrayi-Maran,Australia,-14.7927,134.865,true,
mab-wandarang,wand1263,wnd,Wandarang,,Mangarrayi-Maran,Australia,-14.2996,135.705,true,
mac-burarra,bura1267,bvr,Burarra,,Maningrida,Australia,-12.3061,134.365,true,
mac-djeebbana,djee1236,djj,Djeebbana,,Maningrida,Australia,-12.0133,134.097,true,
mac-guragone,gura1252,gge,Guragone,,Maningrida,Australia,-12.66855,134.09501,true,
mac-nakara,naka1260,nck,Nakara,,Maningrida,Australia,-12.07653,134.32729,true,
mad-kibet,kibe1241,kie,Kibet,,Maban,Africa,11.32054,20.87674,true,
mad-maba-chad,maba1277,mde,Maba (Chad),,Maban,Africa,12.89147,20.8889,true,
mad-masalit,nucl1440,mls,Masalit,,Maban,Africa,13.2733,22.1752,true,
mad-runga,rung1258,rou,Runga,,Maban,Africa,9.7154,20.9945,true,
mae-karon-dori,karo1303,kgw,Karon Dori,,Maybratic,Papunesia,-0.7871,132.663,true,
mae-maybrat,maib1239,ayz,Maybrat,,Maybratic,Papunesia,-1.3679,132.591,true,
mae-miyakh,maiy1240,,Miyakh,,Maybratic,Papunesia,-0.7871,132.663,true,
maf-mairasi,nucl1594,zrs,Mairasi,,Mairasic,Papunesia,-3.4511,134.071,true,
maf-mer,merr1239,mnu,Mer,,Mairasic,Papunesia,-3.3828,134.731,true,
maf-semimi,semi1264,etz,Semimi,,Mairasic,Papunesia,-3.71553,134.454,true,
mag-nisenan,nise1244,nsz,Nisenan,,Maiduan,North America,38.047,-120.393,true,
mag-northeast-maidu,nort2952,nmu,Northeast Maidu,,Maiduan,North America,40.4102,-120.645,true,
mah-marori,moro1289,mok,Marori,,Marori,Papunesia,-8.5692,140.688,true,
mai-asiaoro,asia1264,,Asiaoro,,Mailuan,Papunesia,-10.280863,149.361218,true,
mai-baibara,baib1249,,Baibara,,Mailuan,Papunesia,-10.36026,149.601352,true,
mai-bauwaki,bauw1240,bwk,Bauwaki,,Mailuan,Papunesia,-9.82577,148.815,true,
mai-binahari-neme,bina1275,bxz,Binahari-Neme,,Mailuan,Papunesia,-10.0874,148.835,true,
mai-borebo,bore1246,,Borebo,,Mailuan,Papunesia,-10.340153,149.45478,true,
mai-darava,dara1252,,Darava,,Mailuan,Papunesia,-10.237355,149.124637,true,
mai-derebai,dere1243,,Derebai,,Mailuan,Papunesia,-10.292078,149.405074,true,
mai-domara,doma1262,,Domara,,Mailuan,Papunesia,-10.176721,148.5348284,true,
mai-domu,domu1245,dof,Domu,,Mailuan,Papunesia,-10.151,148.45,true,
mai-geagea,geag1239,,Geagea,,Mailuan,Papunesia,-10.357408,149.514366,true,
mai-ilai,ilai1239,,Ilai,,Mailuan,Papunesia,-10.324263,149.582399,true,
mai-island,isla1273,,Island,,Mailuan,Papunesia,-10.38578,149.355593,true,
mai-mailu,mail1248,mgu,Mailu,,Mailuan,Papunesia,-10.3657,149.521,true,
mai-morawa,mora1273,mze,Morawa,,Mailuan,Papunesia,-10.1321,148.671,true,
maj-wichi,wich1261,,Wichi,,Matacoan,,,,false,
mak-maku,maku1246,xak,Máku,,Máku,South America,3.969231,-64.235892,true,
man-bambara,bamb1269,bam,Bambara,,Mande,Africa,12.9,-7.65,true,
man-bandi,band1352,bza,Bandi,,Mande,Africa,8.207,-10.1886,true,
man-bankagooma,bank1258,bxw,Bankagooma,,Mande,Africa,11.7497,-5.50744,true,
man-beng,beng1286,nhb,Beng,,Mande,Africa,7.78122,-4.23539,true,
man-bissa,biss1248,bib,Bissa,,Mande,Africa,11.3434,-0.3744,true,
man-boko-benin,boko1266,bqc,Boko (Benin),,Mande,Africa,10.5189,3.71771,true,
man-bokobaru,boko1267,bus,Bokobaru,,Mande,Africa,9.52724,3.80058,true,
man-bolon,bolo1266,bof,Bolon,,Mande,Africa,11.8242,-4.75524,true,
man-busa,busa1253,bqp,Busa,,Mande,Africa,9.91074,4.39929,true,
man-debo,debo1238,,Débo,,Mande,Africa,15.2533,-4.0194,true,
man-duungooma,duun1242,dux,Duungooma,,Mande,Africa,10.9234,-5.85872,true,
man-dyula,dyul1238,dyu,Dyula,,Mande,Africa,9.291,-4.5823,true,
man-dzuungoo,dzuu1241,dnn,Dzùùngoo,,Mande,Africa,11.3796,-4.92036,true,
man-eastern-maninkakan,east2426,emk,Eastern Maninkakan,,Mande,Africa,10.41,-9.3162,true,
man-gban,gagu1242,ggu,Gban,,Mande,Africa,6.40859,-5.51851,true,
man-guinea-kpelle,guin1254,gkp,Guinea Kpelle,,Mande,Africa,7.93196,-8.98843,true,
man-guro,guro1248,goa,Guro,,Mande,Africa,7.34954,-6.31154,true,
man-hainyaxo-bozo,hain1253,bzx,Hainyaxo Bozo,,Mande,Africa,13.8734,-5.65085,true,
man-jalkunan,jalk1242,bxl,Jalkunan,,Mande,Africa,10.5426,-5.21959,true,
man-jeli,jeri1242,jek,Jeli,,Mande,Africa,9.3957,-5.66717,true,
man-jenaama-bozo,jena1242,bze,Jenaama Bozo,,Mande,Africa,15.2533,-4.0194,true,
man-jowulu,jowu1238,jow,Jowulu,,Mande,Africa,10.7691,-5.47873,true,
man-kakabe,kaka1265,kke,Kakabe,,Mande,Africa,10.5962,-11.4418,true,
man-kono-sierra-leone,kono1268,kno,Kono (Sierra Leone),,Mande,Africa,8.67039,-10.9214,true,
man-konyanka-maninka,kony1250,mku,Konyanka Maninka,,Mande,Africa,8.667,-8.7112,true,
man-koro-cote-d-ivoire,koro1306,kfo,Koro (Côte d'Ivoire),,Mande,Africa,8.11966,-5.73572,true,
man-korondougou,koro1305,,Korondougou,,Mande,Africa,15.2533,-4.0194,true,
man-kotya,koty1238,,Kotya,,Mande,Africa,15.2533,-4.0194,true,
man-koyaga,koya1253,kga,Koyaga,,Mande,Africa,8.0946,-6.2041,true,
man-kpeego,kpee1234,cpo,Kpeego,,Mande,Africa,10.7244,-5.2677,true,
man-kuranko,kura1250,knk,Kuranko,,Mande,Africa,9.49325,-10.6122,true,
man-kyenga,kyen1242,tye,Kyenga,,Mande,Africa,11.5953,3.58651,true,
man-lele-guinea,lele1266,llc,Lele (Guinea),,Mande,Africa,8.98043,-10.371,true,
man-liberia-kpelle,libe1247,xpe,Liberia Kpelle,,Mande,Africa,6.92048,-9.96128,true,
man-ligbi,ligb1244,lig,Ligbi,,Mande,Africa,7.94291,-2.56353,true,
man-loko,loko1255,lok,Loko,,Mande,Africa,9.11838,-12.1583,true,
man-loma-liberia,loma1260,lom,Loma (Liberia),,Mande,Africa,7.91585,-9.69906,true,
man-mahou,maho1249,mxx,Mahou,,Mande,Africa,8.2494,-7.7062,true,
man-mandinka,mand1436,mnk,Mandinka,,Mande,Africa,12.8165233333,-15.6539466667,true,
man-mann,mann1248,mev,Mann,,Mande,Africa,7.04616,-8.86405,true,
man-marka,mark1256,rkm,Marka,,Mande,Africa,12.7178,-3.58355,true,
man-matya-samo,maty1235,stj,Matya Samo,,Mande,Africa,13.1027,-3.25128,true,
man-maya-samo,maya1281,sym,Maya Samo,,Mande,Africa,13.1811,-2.72732,true,
man-mende-sierra-leone,mend1266,men,Mende (Sierra Leone),,Mande,Africa,7.90935,-10.9926,true,
man-mixifore,mixi1241,mfg,Mixifore,,Mande,Africa,10.6822,-14.385,true,
man-mwan,mwan1250,moa,Mwan,,Mande,Africa,7.87533,-5.94577,true,
man-northern-bobo-madare,nort2819,bbo,Northern Bobo Madaré,,Mande,Africa,12.4182,-4.47538,true,
man-nuclear-dan,nucl1770,dnj,Nuclear Dan,,Mande,Africa,7.27,-8.15,true,
man-pondori,pond1250,,Pondori,,Mande,Africa,15.2533,-4.0194,true,
man-sankaran-maninka,sank1253,msc,Sankaran Maninka,,Mande,Africa,10.0962,-10.569,true,
man-seeku,seek1238,sos,Seeku,,Mande,Africa,11.1285,-4.58203,true,
man-shanga,shan1282,sho,Shanga,,Mande,Africa,11.2752,4.41464,true,
man-soninke,soni1259,snk,Soninke,,Mande,Africa,14.7596,-12.1408,true,
man-southern-bobo-madare,sout2840,bwq,Southern Bobo Madaré,,Mande,Africa,11.5409,-4.26497,true,
man-southern-samo,sout2844,sbd,Southern Samo,,Mande,Africa,12.713,-2.9052,true,
man-susu,susu1250,sus,Susu,,Mande,Africa,10.4046,-13.3628,true,
man-tiemacewe-bozo,tiem1235,boo,Tiemacèwè Bozo,,Mande,Africa,15.47052,-4.25688,true,
man-tieyaxo-bozo,tiey1235,boz,Tiéyaxo Bozo,,Mande,Africa,14.1223,-5.08609,true,
man-toura-cote-d-ivoire,tour1242,neb,Toura (Côte d'Ivoire),,Mande,Africa,7.76747,-7.33105,true,
man-vai,vaii1241,vai,Vai,,Mande,Africa,7.05085,-11.3262,true,
man-wan,wann1242,wan,Wan,,Mande,Africa,7.88773,-5.82092,true,
man-west-yacouba-dan,west2878,,West Yacouba Dan,,Mande,Africa,7.22812,-8.24535,true,
man-western-maninkakan,west2500,mlq,Western Maninkakan,,Mande,Africa,13.5677,-12.8009,true,
man-wojenaka,woje1238,jod,Wojenaka,,Mande,Africa,9.72582,-7.6104,true,
man-worodougou,woro1256,jud,Worodougou,,Mande,Africa,8.23453,-6.72244,true,
man-xaasongaxango,xaas1235,kao,Xaasongaxango,,Mande,Africa,14.1,-10.95,true,
man-yalunka,yalu1240,yal,Yalunka,,Mande,Africa,9.97186,-11.2836,true,
man-yaoure,yaou1238,yre,Yaouré,,Mande,Africa,6.95282,-5.57851,true,
man-zialo,zial1235,zil,Zialo,,Mande,Africa,8.667,-9.805,true,
map-abadi,abad1241,kbt,Abadi,,Austronesian,Papunesia,-9.03389,146.992,true,
map-abai-sungai,abai1240,abf,Abai Sungai,,Austronesian,Papunesia,5.55394,118.306,true,
map-abai-tubu-abai-sembuak,abai1241,,Abai Tubu-Abai Sembuak,,Austronesian,Papunesia,3.524226,116.162455,true,
map-abenlen-ayta,aben1249,abp,Abenlen Ayta,,Austronesian,Papunesia,15.4131,120.2,true,
map-acehnese,achi1257,ace,Acehnese,,Austronesian,Eurasia;Papunesia,3.90757,96.6032,true,
map-admiralty-islands,admi1239,,Admiralty Islands,,Austronesian,,,,false,
map-adonara,adon1237,adr,Adonara,,Austronesian,Papunesia,-8.32027,123.159,true,
map-adzera,adze1240,adz,Adzera,,Austronesian,Papunesia,-6.39394,146.294,true,
map-agta-pahanan,agta1234,apf,Agta-Pahanan,,Austronesian,Papunesia,17.0538,122.2802,true,
map-agufi,aguf1237,,Agufi,,Austronesian,Papunesia,-10.4479,161.662,true,
map-agusan-manobo,agus1235,msm,Agusan Manobo,,Austronesian,Papunesia,8.62731,125.742,true,
map-agutaynen,agut1237,agn,Agutaynen,,Austronesian,Papunesia,10.5328,119.655,true,
map-ahin-kayapa-kalanguya,ahin1234,kak,Ahin-Kayapa Kalanguya,,Austronesian,Papunesia,16.321,120.90003,true,
map-aitutaki,aitu1237,,Aitutaki,,Austronesian,Papunesia,-21.23,-159.78,true,
map-aiwoo,ayiw1239,nfl,Äiwoo,,Austronesian,Papunesia,-10.30387,166.32344,true,
map-ajie,ajie1238,aji,Ajië,,Austronesian,Papunesia,-21.3029,165.468,true,
map-akei,akei1237,tsr,Akei,,Austronesian,Papunesia,-15.6377,166.767,true,
map-aklanon,akla1240,akl,Aklanon,,Austronesian,Papunesia,11.55432,122.35413,true,
map-akolet,akol1237,akt,Akolet,,Austronesian,Papunesia,-6.22711,150.182,true,
map-alabat-island-agta,alab1246,dul,Alabat Island Agta,,Austronesian,Papunesia,14.1217,122.014,true,
map-alabat-manide-agta,alab1255,,Alabat-Manide Agta,,Austronesian,,,,false,
map-alangan,alan1249,alj,Alangan,,Austronesian,Papunesia,13.0982,121.022,true,
map-ale,wail1242,wlr,Ale,,Austronesian,Papunesia,-15.5656,166.902,true,
map-alorese,alor1247,aol,Alorese,,Austronesian,Papunesia,-8.20382,124.264,true,
map-alu,aluu1243,,Alu,,Austronesian,Papunesia,-7.05102,155.76,true,
map-alune,alun1238,alp,Alune,,Austronesian,Papunesia,-3.11477,128.394,true,
map-amahai,amah1245,amq,Amahai,,Austronesian,Papunesia,-3.32028,128.939,true,
map-amara,amar1272,aie,Amara,,Austronesian,Papunesia,-5.55778,148.68,true,
map-amba-solomon-islands,amba1266,utp,Amba (Solomon Islands),,Austronesian,Papunesia,-11.2958,166.498,true,
map-ambae,amba1270,,Ambae,,Austronesian,,,,false,
map-ambai,amba1265,amk,Ambai,,Austronesian,Papunesia,-1.88126,136.526,true,
map-ambala-ayta,amba1267,abc,Ambala Ayta,,Austronesian,Papunesia,14.8156,120.283,true,
map-ambel,waig1244,wgo,Ambel,,Austronesian,Papunesia,-0.17957,130.917,true,
map-ambelau,ambe1248,amv,Ambelau,,Austronesian,Papunesia,-3.85919,127.196,true,
map-amblong,ambl1237,alm,Amblong,,Austronesian,Papunesia,-15.5169,166.95,true,
map-ambonese-malay,ambo1250,abs,Ambonese Malay,,Austronesian,Papunesia,-3.71342,128.184,true,
map-amganad-ifugao,amga1235,ifa,Amganad Ifugao,,Austronesian,Papunesia,16.9016,121.042,true,
map-amis,amis1246,ami,Amis,,Austronesian,Papunesia,23.0917,121.348,true,
map-ampana-togian,ampa1240,,Ampana-Togian,,Austronesian,Papunesia,-1.62663,121.268,true,
map-anakalang,anak1240,akg,Anakalang,,Austronesian,Papunesia,-9.63425,119.605,true,
map-ande,moro1286,mrp,Ande,,Austronesian,Papunesia,-15.3498,166.891,true,
map-andio,andi1257,bzb,Andio,,Austronesian,Papunesia,-0.88368,123.174,true,
map-andra-hus,andr1248,anx,Andra-Hus,,Austronesian,Papunesia,-2.05894,147.085,true,
map-aneityum,anei1239,aty,Aneityum,,Austronesian,Papunesia,-20.1864,169.825,true,
map-aniwa,aniw1237,,Aniwa,,Austronesian,Papunesia,-19.5303,170.215,true,
map-ansus,ansu1237,and,Ansus,,Austronesian,Papunesia,-1.7543,135.866,true,
map-antaimoro,anta1259,,Antaimoro,,Austronesian,Africa,-19.5907,47.1211,true,
map-antaisaka,anta1261,,Antaisaka,,Austronesian,Africa,-23.3,47.33,true,
map-antambohoaka,anta1260,,Antambohoaka,,Austronesian,Africa,-19.5907,47.1211,true,
map-antanalana,anta1262,,Antanalana,,Austronesian,Africa,-24.2,44.5,true,
map-antankarana-malagasy,anta1255,xmv,Antankarana Malagasy,,Austronesian,Africa,-13.2164,49.2402,true,
map-anuki,anuk1239,aui,Anuki,,Austronesian,Papunesia,-9.6692,149.822,true,
map-anuta,anut1237,aud,Anuta,,Austronesian,Papunesia,-11.61,169.85,true,
map-aoheng,aohe1238,,Aoheng,,Austronesian,Papunesia,0.87404,114.127,true,
map-aoheng-seputan,aohe1237,pni,Aoheng-Seputan,,Austronesian,Papunesia,0.87404,114.127,true,
map-aore,aore1237,aor,Aore,,Austronesian,Papunesia,-15.5753,167.166,true,
map-apma,apma1240,app,Apma,,Austronesian,Papunesia,-15.8559,168.189,true,
map-aputai,aput1237,apx,Aputai,,Austronesian,Papunesia,-7.84732,126.496,true,
map-araki,arak1252,akr,Araki,,Austronesian,Papunesia,-15.632997,166.952542,true,
map-aralle-tabulahan,aral1243,atq,Aralle-Tabulahan,,Austronesian,Papunesia,-2.78397,119.319,true,
map-are,aree1239,mwc,Are,,Austronesian,Papunesia,-9.67147,149.999,true,
map-are-are,area1240,alu,'Are'are,,Austronesian,Papunesia,-9.20699,161.158,true,
map-arguni,argu1237,agf,Arguni,,Austronesian,Papunesia,-2.645798,132.5556,true,
map-arha,arha1237,aqr,Arhâ,,Austronesian,Papunesia,-21.2866,165.273,true,
map-arho,arho1237,aok,Arhö,,Austronesian,Papunesia,-21.3183,165.161,true,
map-aribwatsa,arib1241,laz,Aribwatsa,,Austronesian,Papunesia,-6.72266,146.991,true,
map-aribwaung,arib1240,ylu,Aribwaung,,Austronesian,Papunesia,-6.65252,146.919,true,
map-arifama-miniafia,arif1239,aai,Arifama-Miniafia,,Austronesian,Papunesia,-9.15565,149.246,true,
map-arop,arop1242,aps,Arop,,Austronesian,Papunesia,-3.06984,142.12,true,
map-arop-lokep,arop1243,apr,Arop-Lokep,,Austronesian,Papunesia,-5.31671,147.103,true,
map-arop-poonoo,arop1244,,Arop (Poonoo),,Austronesian,Papunesia,-5.31671,147.103,true,
map-arosi,aros1241,aia,Arosi,,Austronesian,Papunesia,-10.2441,161.432,true,
map-arta,arta1239,atz,Arta,,Austronesian,Papunesia,16.4185,121.656,true,
map-aru,aruu1241,,Aru,,Austronesian,,,,false,
map-as,asss1237,asz,As,,Austronesian,Papunesia,-0.75267,131.728,true,
map-asilulu,asil1242,asl,Asilulu,,Austronesian,Papunesia,-3.67302,127.952,true,
map-asumboa,asum1237,aua,Asumboa,,Austronesian,Papunesia,-11.2969,166.499,true,
map-ata-manobo,atam1240,atd,Ata Manobo,,Austronesian,Papunesia,7.7789,125.499,true,
map-atayal,atay1247,tay,Atayal,,Austronesian,Papunesia,24.5209,121.388,true,
map-atayalic,atay1246,,Atayalic,,Austronesian,,,,false,
map-atchin,atch1238,,Atchin,,Austronesian,Papunesia,-16.00951,167.34643,true,
map-ati,atii1237,atk,Ati,,Austronesian,Papunesia,11.1539,122.512,true,
map-aua,auaa1241,,Aua,,Austronesian,Papunesia,-1.73938,142.851,true,
map-auhelawa,auhe1237,kud,'Auhelawa,,Austronesian,Papunesia,-10.0959,151.002,true,
map-aulua,aulu1238,aul,Aulua,,Austronesian,Papunesia,-16.3579,167.697,true,
map-austral,aust1304,aut,Austral,,Austronesian,Papunesia,-23.3843,-149.462,true,
map-austronesian,aust1307,,Austronesian,,Austronesian,,,,false,
map-avaso,avas1237,,Avasö,,Austronesian,Papunesia,-7.22281,157.149,true,
map-avau,avau1237,avb,Avau,,Austronesian,Papunesia,-6.24342,150.427,true,
map-avava,katb1237,tmb,Avava,,Austronesian,Papunesia,-16.2701,167.484,true,
map-avok,avok1244,,Avok,,Austronesian,Papunesia,-16.536653,167.773866,true,
map-awad-bing,awad1244,bcu,Awad Bing,,Austronesian,Papunesia,-5.59896,146.355,true,
map-axamb,axam1237,ahb,Axamb,,Austronesian,Papunesia,-16.4838,167.707,true,
map-baba-malay,baba1267,mbf,Baba Malay,,Austronesian,Eurasia,1.75414,103.076,true,
map-babatana,baba1268,baa,Babatana,,Austronesian,Papunesia,-7.22281,157.149,true,
map-babuyan,babu1242,,Babuyan,,Austronesian,Papunesia,19.48,121.96,true,
map-babuza,babu1240,bzg,Babuza,,Austronesian,Papunesia,24.0017,120.585,true,
map-bacanese-malay,baca1243,btj,Bacanese Malay,,Austronesian,Papunesia,-0.62275,127.49,true,
map-bada-indonesia,bada1261,bhz,Bada (Indonesia),,Austronesian,Papunesia,-1.80249,120.319,true,
map-badui,badu1237,bac,Badui,,Austronesian,Papunesia,-6.35359,106.177,true,
map-baeggu,baeg1237,bvd,Baeggu,,Austronesian,Papunesia,-8.49014,160.771,true,
map-baelelea,bael1237,bvc,Baelelea,,Austronesian,Papunesia,-8.41627,160.721,true,
map-baetora,baet1237,btr,Baetora,,Austronesian,Papunesia,-15.2574,168.159,true,
map-bahau,baha1257,bhv,Bahau,,Austronesian,Papunesia,0.30801,115.332,true,
map-bahonsuai,baho1237,bsu,Bahonsuai,,Austronesian,Papunesia,-2.22572,121.707,true,
map-baikeno,baik1238,bkx,Baikeno,,Austronesian,Papunesia,-9.32991,124.256,true,
map-baki,baki1244,bki,Baki,,Austronesian,Papunesia,-16.7096,168.165,true,
map-bakumpai,baku1263,bkr,Bakumpai,,Austronesian,Papunesia,-1.98842,114.77,true,
map-balade,bala1316,,Balade,,Austronesian,Papunesia,-20.25,164.2,true,
map-balaesang,bala1314,bls,Balaesang,,Austronesian,Papunesia,-0.05644,119.689,true,
map-balangao,bala1310,blw,Balangao,,Austronesian,Papunesia,17.0994,121.272,true,
map-balangingi,bala1311,sse,Balangingi,,Austronesian,Papunesia,6.011614,121.686646,true,
map-balantak,bala1315,blz,Balantak,,Austronesian,Papunesia,-0.86809,123.289,true,
map-balawaia,bala1307,,Balawaia,,Austronesian,Papunesia,-9.79791,147.861,true,
map-balinese,bali1278,ban,Balinese,,Austronesian,Papunesia,-8.35714,115.075,true,
map-balinese-malay,bali1279,mhp,Balinese Malay,,Austronesian,Papunesia,-8.355884,114.648391,true,
map-bambam,bamb1270,ptu,Bambam,,Austronesian,Papunesia,-3.02759,119.201,true,
map-banda-indonesia,band1355,bnd,Banda (Indonesia),,Austronesian,Papunesia,-5.42138,133.142,true,
map-banda-malay,band1353,bpq,Banda Malay,,Austronesian,Papunesia,-4.55565,129.905,true,
map-bangad,sout2908,ksc,Bangad,,Austronesian,Papunesia,17.2936,121.068,true,
map-banggai,bang1368,bgz,Banggai,,Austronesian,Papunesia,-1.58305,123.171,true,
map-bangka,bang1365,mfb,Bangka,,Austronesian,Papunesia,-1.73288,105.897,true,
map-banjar,banj1239,bjn,Banjar,,Austronesian,Papunesia,0.747105,115.79,true,
map-bannoni,bann1247,bcm,Bannoni,,Austronesian,Papunesia,-6.23061,155.128,true,
map-bantik,bant1286,bnq,Bantik,,Austronesian,Papunesia,1.44586,124.846,true,
map-bantoanon,bant1288,bno,Bantoanon,,Austronesian,Papunesia,12.5194,122.034,true,
map-bara-malagasy,bara1369,bhr,Bara Malagasy,,Austronesian,Africa,-23.9716,45.5937,true,
map-baram-kayan,bara1370,kys,Baram Kayan,,Austronesian,Papunesia,3.51211,114.482,true,
map-baras,bara1371,brs,Baras,,Austronesian,Papunesia,-1.5667,119.342,true,
map-bareke,bare1273,,Bareke,,Austronesian,Papunesia,-8.66826,157.997,true,
map-bariai,bari1286,bch,Bariai,,Austronesian,Papunesia,-5.5087,148.666,true,
map-bario,bari1288,,Bario,,Austronesian,Papunesia,3.31783,115.428,true,
map-barok,baro1253,bjk,Barok,,Austronesian,Papunesia,-3.47672,152.193,true,
map-basap,basa1286,bdb,Basap,,Austronesian,Papunesia,1.41405,117.942,true,
map-basay,basa1287,byq,Basay,,Austronesian,Papunesia,25.0046,121.857,true,
map-batad-ifugao,bata1298,ifb,Batad Ifugao,,Austronesian,Papunesia,16.8266,121.23,true,
map-batak,bata1301,bya,Batak,,Austronesian,Papunesia,10.1115,119.025,true,
map-batak-alas-kluet,bata1292,btz,Batak Alas-Kluet,,Austronesian,Papunesia,3.4293,97.8123,true,
map-batak-angkola,bata1290,akb,Batak Angkola,,Austronesian,Papunesia,1.66127,99.60248,true,
map-batak-dairi,bata1294,btd,Batak Dairi,,Austronesian,Papunesia,2.51438,98.2427,true,
map-batak-karo,bata1293,btx,Batak Karo,,Austronesian,Papunesia,2.12787,98.2517,true,
map-batak-mandailing,bata1291,btm,Batak Mandailing,,Austronesian,Papunesia,0.85805,99.898,true,
map-batak-simalungun,bata1288,bts,Batak Simalungun,,Austronesian,Papunesia,3.04372,98.9083,true,
map-batak-toba,bata1289,bbc,Batak Toba,,Austronesian,Papunesia,2.35498,99.1761,true,
map-batanic,bata1315,,Batanic,,Austronesian,,,,false,
map-batui,batu1260,zbt,Batui,,Austronesian,Papunesia,-1.254442,122.487151,true,
map-batuley,batu1258,bay,Batuley,,Austronesian,Papunesia,-5.814412,134.784314,true,
map-bau-fijian,bauu1243,,Bau (Fijian),,Austronesian,Papunesia,-18.0,178.33,true,
map-bau-jagoi-bidayuh,baub1235,sne,Bau-Jagoi Bidayuh,,Austronesian,Papunesia,1.54467,109.985,true,
map-bauro,baur1252,bxa,Bauro,,Austronesian,Papunesia,-10.5826,161.863,true,
map-baybayanon,bayb1234,bvy,Baybayanon,,Austronesian,Papunesia,10.6956,124.8086,true,
map-bebeli,bebe1252,bek,Bebeli,,Austronesian,Papunesia,-5.63282,150.323,true,
map-begak,bega1240,,Begak,,Austronesian,Papunesia,5.29059,118.515,true,
map-belep,nyal1254,yly,Belep,,Austronesian,Papunesia,-19.72,163.66,true,
map-bentong,bent1237,bnu,Bentong,,Austronesian,Papunesia,-4.76004,119.806,true,
map-benua,benu1246,,Benua,,Austronesian,Papunesia,-1.80261,115.876,true,
map-benyadu,beny1237,byd,Benyadu',,Austronesian,Papunesia,0.78534,109.753,true,
map-berau-malay,bera1262,bve,Berau Malay,,Austronesian,Papunesia,1.6687,117.934,true,
map-betawi,beta1252,bew,Betawi,,Austronesian,Papunesia,-6.21174,107.022,true,
map-betsileo,bets1235,,Betsileo,,Austronesian,Africa,-19.5907,47.1211,true,
map-biak,biak1248,bhw,Biak,,Austronesian,Papunesia,-0.9523,135.879,true,
map-biatah-bidayuh,biat1246,bth,Biatah Bidayuh,,Austronesian,Papunesia,1.17596,110.254,true,
map-bidayuh-southern-land-dayak,bida1239,,Bidayuh-Southern Land Dayak,,Austronesian,,,,false,
map-biem,biem1237,bmc,Biem,,Austronesian,Papunesia,-3.61342,144.816,true,
map-bierebo,bier1244,bnk,Bierebo,,Austronesian,Papunesia,-16.6663,168.154,true,
map-bieria,bier1246,brj,Bieria,,Austronesian,Papunesia,-16.7867,168.232,true,
map-big-nambas,bign1238,nmb,Big Nambas,,Austronesian,Papunesia,-16.0903,167.239,true,
map-big-tabar,taba1261,,Big Tabar,,Austronesian,Papunesia,-2.7828,151.956,true,
map-biga,biga1238,bhc,Biga,,Austronesian,Papunesia,-1.99574,130.272,true,
map-bih,biha1246,ibh,Bih,,Austronesian,Eurasia,12.483333,108.016667,true,
map-bikol,biko1240,,Bikol,,Austronesian,,,,false,
map-bilba,bilb1242,bpz,Bilba,,Austronesian,Papunesia,-10.6503,123.307,true,
map-bileki,bile1245,,Bileki,,Austronesian,Papunesia,-5.59931,150.888,true,
map-biliau,bili1252,,Biliau,,Austronesian,Papunesia,-5.59896,146.355,true,
map-bilibil,bilb1241,brz,Bilibil,,Austronesian,Papunesia,-5.26505,145.764,true,
map-bilur,bilu1244,bxf,Bilur,,Austronesian,Papunesia,-4.39732,152.334,true,
map-bima,bima1247,bhp,Bima,,Austronesian,Papunesia,-8.57376,118.445,true,
map-bina-papua-new-guinea,bina1271,bmn,Bina (Papua New Guinea),,Austronesian,Papunesia,-10.2667,149.661,true,
map-binongan-itneg,bino1237,itb,Binongan Itneg,,Austronesian,Papunesia,17.5972,120.876,true,
map-bintulu,bint1246,bny,Bintulu,,Austronesian,Papunesia,3.867,113.634,true,
map-bipi,bipi1237,biq,Bipi,,Austronesian,Papunesia,-2.11115,146.398,true,
map-birao,bira1254,brr,Birao,,Austronesian,Papunesia,-9.73716,160.52,true,
map-bisayan,bisa1268,,Bisayan,,Austronesian,,,,false,
map-blablanga,blab1237,blp,Blablanga,,Austronesian,Papunesia,-8.15058,159.419,true,
map-boano-maluku,boan1242,bzn,Boano (Maluku),,Austronesian,Papunesia,-2.95535,127.953,true,
map-boano-sulawesi,boan1243,bzl,Boano (Sulawesi),,Austronesian,Papunesia,0.51152,120.992,true,
map-bobongko,bobo1255,bgb,Bobongko,,Austronesian,Papunesia,-0.36759,121.922,true,
map-bobot,bobo1254,bty,Bobot,,Austronesian,Papunesia,-3.43514,130.179,true,
map-boholano,boho1237,,Boholano,,Austronesian,Papunesia,8.38799,124.367,true,
map-boinelang,boin1237,,Boinelang,,Austronesian,Papunesia,-16.3579,167.697,true,
map-bola,bola1250,bnp,Bola,,Austronesian,Papunesia,-5.55792,150.095,true,
map-bolango,bola1252,bld,Bolango,,Austronesian,Papunesia,0.39044,123.888,true,
map-bolinao,boli1256,smk,Bolinao,,Austronesian,Papunesia,16.3071,119.853,true,
map-bolongan,bolo1268,blj,Bolongan,,Austronesian,Papunesia,2.75927,117.293,true,
map-bonerate,bone1254,bna,Bonerate,,Austronesian,Papunesia,-7.37657,121.792,true,
map-bonggi,bong1289,bdg,Bonggi,,Austronesian,Papunesia,7.29249,117.174,true,
map-bonggo,bong1287,bpg,Bonggo,,Austronesian,Papunesia,-2.28044,139.576,true,
map-bontok,bont1247,,Bontok,,Austronesian,Papunesia,,,false,
map-bookan,book1241,bnb,Bookan,,Austronesian,Papunesia,5.32519,116.474,true,
map-boselewa,bose1237,bwf,Boselewa,,Austronesian,Papunesia,-9.44763,150.693,true,
map-botolan-sambal,boto1242,sbl,Botolan Sambal,,Austronesian,Papunesia,15.2315,120.164,true,
map-brooke-s-point-palawano,broo1239,plw,Brooke's Point Palawano,,Austronesian,Papunesia,8.83891,117.871,true,
map-brunei,brun1242,kxd,Brunei,,Austronesian,Papunesia,4.456045,114.429505,true,
map-brunei-bisaya-dusun,brun1245,bsb,Brunei Bisaya-Dusun,,Austronesian,Papunesia,4.60791,114.517,true,
map-budibud,budi1249,btp,Budibud,,Austronesian,Papunesia,-9.29802,153.689,true,
map-budong-budong,budo1241,bdx,Budong-Budong,,Austronesian,Papunesia,-2.07756,119.327,true,
map-bugawac,buga1250,buk,Bugawac,,Austronesian,Papunesia,-6.67519,147.32,true,
map-bughotu,bugh1239,bgt,Bughotu,,Austronesian,Papunesia,-8.47948,159.802,true,
map-buginese,bugi1244,bug,Buginese,,Austronesian,Papunesia,-4.47,119.977,true,
map-buhi,buhi1243,ubl,Buhi,,Austronesian,Papunesia,13.17,123.5,true,
map-buhid,buhi1245,bku,Buhid,,Austronesian,Papunesia,12.6396,121.21,true,
map-buhutu,buhu1237,bxh,Buhutu,,Austronesian,Papunesia,-10.5074,150.18,true,
map-bukar-sadung-bidayuh,buka1257,sdo,Bukar-Sadung Bidayuh,,Austronesian,Papunesia,0.96817,110.657,true,
map-bukat,buka1261,bvk,Bukat,,Austronesian,Papunesia,1.29075,113.246,true,
map-bukat-ukit-beketan-lugat-lisum,buka1263,,Bukat-Ukit-Beketan-Lugat-Lisum,,Austronesian,,,,false,
map-bukitan,buki1248,bkn,Bukitan,,Austronesian,Papunesia,2.34947,114.895,true,
map-bulalakaw,bula1256,,Bulalakaw,,Austronesian,Papunesia,12.284,122.03,true,
map-buli-indonesia,buli1255,bzq,Buli (Indonesia),,Austronesian,Papunesia,1.0008,128.443,true,
map-bulu-papua-new-guinea,bulu1253,bjl,Bulu (Papua New Guinea),,Austronesian,Papunesia,-5.06134,150.101,true,
map-bunama,buna1276,bdd,Bunama,,Austronesian,Papunesia,-10.0761,151.066,true,
map-bungku,bung1269,bkz,Bungku,,Austronesian,Papunesia,-3.22197,122.212,true,
map-bungku-tolaki,bung1268,,Bungku-Tolaki,,Austronesian,,,,false,
map-buninga,buni1246,,Buninga,,Austronesian,Papunesia,-17.5774,168.375,true,
map-bunun,bunu1267,bnn,Bunun,,Austronesian,Papunesia,23.4116,121.025,true,
map-buol,buol1237,blf,Buol,,Austronesian,Papunesia,0.97727,121.519,true,
map-burmbar,burm1263,vrt,Burmbar,,Austronesian,Papunesia,-16.41653,167.73124,true,
map-buru-indonesia,buru1303,mhs,Buru (Indonesia),,Austronesian,Papunesia,-3.43957,126.632,true,
map-burusu,buru1304,bqr,Burusu,,Austronesian,Papunesia,3.36912,117.012,true,
map-busami,busa1254,bsm,Busami,,Austronesian,Papunesia,-1.73681,136.032,true,
map-busang-kayan,busa1255,bfg,Busang Kayan,,Austronesian,Papunesia,0.03494,115.401,true,
map-busoa,buso1238,bup,Busoa,,Austronesian,Papunesia,-5.60524,122.622,true,
map-butuanon,butu1244,btw,Butuanon,,Austronesian,Papunesia,8.87009,125.418,true,
map-bwaidoga,bwai1243,,Bwaidoga,,Austronesian,Papunesia,-9.51158,150.297,true,
map-bwaidoka,bwai1242,bwd,Bwaidoka,,Austronesian,Papunesia,-9.51158,150.297,true,
map-bwanabwana,bwan1241,tte,Bwanabwana,,Austronesian,Papunesia,-10.6599,151.034,true,
map-bwatoo,bwat1240,bwa,Bwatoo,,Austronesian,Papunesia,-21.3777,165.076,true,
map-bwenelang,bwen1239,,Bwenelang,,Austronesian,Papunesia,-16.338946,167.660849,true,
map-caac,caac1237,msq,Caac,,Austronesian,Papunesia,-20.4114,164.578,true,
map-calamian-tagbanwa,cala1258,tbk,Calamian Tagbanwa,,Austronesian,Papunesia,12.0716,120.094,true,
map-caluyanun,calu1238,clu,Caluyanun,,Austronesian,Papunesia,12.0489,121.384,true,
map-camarines-norte-agta,cama1250,abd,Camarines Norte Agta,,Austronesian,Papunesia,14.1571,122.835,true,
map-campalagian,camp1262,cml,Campalagian,,Austronesian,Papunesia,-3.47851,119.16863,true,
map-cape-cumberland,nort3217,,Cape Cumberland,,Austronesian,,,,false,
map-capiznon,capi1239,cps,Capiznon,,Austronesian,Papunesia,11.4122,122.954,true,
map-caribbean-javanese,cari1276,jvn,Caribbean Javanese,,Austronesian,South America,5.62695,-54.6305,true,
map-carolinian,caro1242,cal,Carolinian,,Austronesian,Papunesia,15.205,145.765,true,
map-casiguran-nagtipunan-agta,casi1235,dgc,Casiguran-Nagtipunan Agta,,Austronesian,Papunesia,16.2176,121.878,true,
map-cebuano,cebu1242,ceb,Cebuano,,Austronesian,Papunesia,8.38799,124.367,true,
map-cemuhi,cemu1238,cam,Cemuhî,,Austronesian,Papunesia,-20.8489,165.13,true,
map-central-amis,cent2104,,Central Amis,,Austronesian,Papunesia,23.0917,121.348,true,
map-central-berawan,cent2098,zbc,Central Berawan,,Austronesian,Papunesia,3.97194,114.565,true,
map-central-bontoc,cent2292,lbk,Central Bontoc,,Austronesian,Papunesia,17.08,120.92,true,
map-central-cagayan-agta,cent2084,agt,Central Cagayan Agta,,Austronesian,Papunesia,17.9571,121.857,true,
map-central-luzon,cent2080,,Central Luzon,,Austronesian,,,,false,
map-central-maewo,cent2058,mwo,Central Maewo,,Austronesian,Papunesia,-15.0784,168.135,true,
map-central-malay,mala1479,zlm,Central Malay,,Austronesian,Eurasia,1.85856,103.0,true,
map-central-manggarai,cent2073,,Central Manggarai,,Austronesian,Papunesia,-8.55748,120.329,true,
map-central-masela,cent2072,mxz,Central Masela,,Austronesian,Papunesia,-8.15414,129.865,true,
map-central-melanau,cent2101,mel,Central Melanau,,Austronesian,Papunesia,2.524086,111.346451,true,
map-central-micronesian,cent2276,,Central Micronesian,,Austronesian,,,,false,
map-central-ngada,cent2074,ssq,Central Ngada,,Austronesian,Papunesia,-8.6778,121.04764,true,
map-central-pacific-linkage,cent2060,,Central Pacific linkage,,Austronesian,,,,false,
map-central-palawano,cent2091,plc,Central Palawano,,Austronesian,Papunesia,8.77013,117.838,true,
map-central-papuan-oceanic,cent2070,,Central Papuan Oceanic,,Austronesian,,,,false,
map-central-sama,cent2092,sml,Central Sama,,Austronesian,Papunesia,7.004574,118.455978,true,
map-central-santo,tial1241,,Central Santo,,Austronesian,,,,false,
map-central-subanen,cent2089,syb,Central Subanen,,Austronesian,Papunesia,8.12701,123.018,true,
map-central-tagbanwa,cent2090,tgt,Central Tagbanwa,,Austronesian,Papunesia,10.6519,119.338,true,
map-cham,cham1328,,Cham,,Austronesian,,,,false,
map-chamic,cham1330,,Chamic,,Austronesian,,,,false,
map-chamorro,cham1312,cha,Chamorro,,Austronesian,Papunesia,13.438011,144.74474,true,
map-cheke-holo,chek1238,mrn,Cheke Holo,,Austronesian,Papunesia,-8.27055,159.625,true,
map-chru,chru1239,cje,Chru,,Austronesian,Eurasia,11.6625,108.529,true,
map-chuukese,chuu1238,chk,Chuukese,,Austronesian,Papunesia,7.346993,151.598607,true,
map-chuukic-ponapeic,pona1247,,Chuukic-Ponapeic,,Austronesian,,,,false,
map-cia-cia,ciac1237,cia,Cia-Cia,,Austronesian,Papunesia,-5.68289,122.791,true,
map-cinamiguin-manobo,cina1236,mkx,Cinamiguin Manobo,,Austronesian,Papunesia,9.1793,124.721,true,
map-coastal-kadazan,coas1294,kzj,Coastal Kadazan,,Austronesian,Papunesia,5.77065,116.063,true,
map-coastal-konjo,coas1295,kjc,Coastal Konjo,,Austronesian,Papunesia,-5.41532,120.304,true,
map-coastal-naga-bikol,cent2087,bcl,Coastal-Naga Bikol,,Austronesian,Papunesia,13.7574,123.403,true,
map-coastal-virac-bikol,sout2912,bln,Coastal-Virac Bikol,,Austronesian,Papunesia,13.6989,124.29,true,
map-cocos-islands-malay,coco1260,coa,Cocos Islands Malay,,Austronesian,Papunesia,-12.193342,96.833679,true,
map-col,coll1240,liw,Col,,Austronesian,Papunesia,-3.52245,103.451,true,
map-cotabato-manobo,cota1241,mta,Cotabato Manobo,,Austronesian,Papunesia,6.39417,124.234,true,
map-cuyonon,cuyo1237,cyo,Cuyonon,,Austronesian,Papunesia,10.3201,119.3,true,
map-da-a-kaili,daak1235,kzf,Da'a Kaili,,Austronesian,Papunesia,-1.21051,119.527,true,
map-daakie,port1286,ptv,Daakie,,Austronesian,Papunesia,-16.3083,168.046,true,
map-dadu-a,dadu1237,,Dadu'a,,Austronesian,Papunesia,-8.486,125.8637,true,
map-dai,daii1240,dij,Dai,,Austronesian,Papunesia,-7.55894,129.687,true,
map-dakaka,daka1243,bpa,Dakaka,,Austronesian,Papunesia,-16.2696,168.013,true,
map-dalat,dala1239,,Dalat,,Austronesian,Papunesia,2.524086,111.346451,true,
map-dalkalaen,dalk1234,,Dalkalaen,,Austronesian,Papunesia,-16.26246,167.93334,true,
map-dambi,damb1246,dac,Dambi,,Austronesian,Papunesia,-7.00587,146.474,true,
map-dampelas,damp1237,dms,Dampelas,,Austronesian,Papunesia,0.70234,120.219,true,
map-danaw,dana1253,,Danaw,,Austronesian,,,,false,
map-daro-matu-melanau,daro1239,dro,Daro-Matu Melanau,,Austronesian,Papunesia,2.54435,111.536,true,
map-dawawa,dawa1242,dww,Dawawa,,Austronesian,Papunesia,-10.1692,149.999,true,
map-dawera-daweloor,dawe1237,ddw,Dawera-Daweloor,,Austronesian,Papunesia,-7.76324,130.06,true,
map-dehu,dehu1237,dhv,Dehu,,Austronesian,Papunesia,-20.8892,167.229,true,
map-dhao,dhao1237,nfa,Dhao,,Austronesian,Papunesia,-10.8098,122.658,true,
map-dibabawon-manobo,diba1242,mbd,Dibabawon Manobo,,Austronesian,Papunesia,7.85664,126.018,true,
map-dicamay-agta,dica1235,duy,Dicamay Agta,,Austronesian,Papunesia,17.8846,121.606,true,
map-diodio,diod1237,ddi,Diodio,,Austronesian,Papunesia,-9.38654,150.168,true,
map-dispoholnon,disp1238,,Dispoholnon,,Austronesian,Papunesia,12.284,122.03,true,
map-dixon-reef,dixo1238,dix,Dixon Reef,,Austronesian,Papunesia,-16.3267,167.516,true,
map-dobel,dobe1238,kvo,Dobel,,Austronesian,Papunesia,-6.32531,134.638,true,
map-dobu,dobu1241,dob,Dobu,,Austronesian,Papunesia,-9.63239,150.825,true,
map-doga,doga1238,dgg,Doga,,Austronesian,Papunesia,-9.63698,149.841,true,
map-dondo,dond1249,dok,Dondo,,Austronesian,Papunesia,0.80348,120.707,true,
map-dori-o,dori1246,dor,Dori'o,,Austronesian,Papunesia,-9.11536,160.897,true,
map-dorig,weta1242,wwo,Dorig,,Austronesian,Papunesia,-14.366666,167.545897,true,
map-duano,duan1242,dup,Duano,,Austronesian,Papunesia,0.72162,103.46759,true,
map-duau,duau1237,dva,Duau,,Austronesian,Papunesia,-10.187,151.218,true,
map-duke,duke1237,nke,Duke,,Austronesian,Papunesia,-7.97768,157.064,true,
map-dumbea,dumb1241,duf,Dumbea,,Austronesian,Papunesia,-22.0947,166.531,true,
map-dumpas,dump1242,dmv,Dumpas,,Austronesian,Papunesia,5.93483,117.419,true,
map-dupaninan-agta,dupa1235,duo,Dupaninan Agta,,Austronesian,Papunesia,17.3748,122.188,true,
map-duri,duri1242,mvp,Duri,,Austronesian,Papunesia,-3.37081,119.871,true,
map-dusner,dusn1237,dsn,Dusner,,Austronesian,Papunesia,-2.73859,134.391,true,
map-dusun-deyah,dusu1271,dun,Dusun Deyah,,Austronesian,Papunesia,-1.95514,115.578,true,
map-dusun-malang,dusu1269,duq,Dusun Malang,,Austronesian,Papunesia,-0.85277,115.392,true,
map-dusun-witu,dusu1267,duw,Dusun Witu,,Austronesian,Papunesia,-1.57408,114.979,true,
map-duwet,duwe1237,gve,Duwet,,Austronesian,Papunesia,-6.45752,146.841,true,
map-east-ambae,east2443,omb,East Ambae,,Austronesian,Papunesia,-15.3523,167.89,true,
map-east-berawan,east2486,zbe,East Berawan,,Austronesian,Papunesia,3.96098,114.606,true,
map-east-damar,east2472,dmr,East Damar,,Austronesian,Papunesia,-7.16991,128.636,true,
map-east-formosan,east2493,,East Formosan,,Austronesian,,,,false,
map-east-futuna,east2447,fud,East Futuna,,Austronesian,Papunesia,-14.278717,-178.137222,true,
map-east-kara,east2453,,East Kara,,Austronesian,Papunesia,-2.81957,151.111,true,
map-east-makian,east2440,mky,East Makian,,Austronesian,Papunesia,0.07337,127.423,true,
map-east-masela,east2462,vme,East Masela,,Austronesian,Papunesia,-8.13455,129.873,true,
map-east-mekeo,east2455,,East Mekeo,,Austronesian,Papunesia,-8.23853,146.586,true,
map-east-uvean,wall1257,wls,East Uvean,,Austronesian,Papunesia,-13.2903,-176.207,true,
map-eastern-bontok,east2881,ebk,Eastern Bontok,,Austronesian,Papunesia,17.08,121.17,true,
map-eastern-cham,east2563,cjm,Eastern Cham,,Austronesian,Eurasia,11.2853,108.49,true,
map-eastern-lowland-kenyah,waha1238,whk,Eastern Lowland Kenyah,,Austronesian,Papunesia,1.56635,116.655,true,
map-eastern-malayo-polynesian,east2712,,Eastern Malayo-Polynesian,,Austronesian,,,,false,
map-eastern-ngad-a,east2464,nea,Eastern Ngad'a,,Austronesian,Papunesia,-8.82745,121.121,true,
map-eastern-penan,east2485,pez,Eastern Penan,,Austronesian,Papunesia,4.5915,114.584,true,
map-eastern-southern-bontok,fina1242,bkb,Eastern-Southern Bontok,,Austronesian,Papunesia,17.0319,121.11,true,
map-emae,emae1237,mmw,Emae,,Austronesian,Papunesia,-17.052,168.399,true,
map-embaloh,emba1238,emb,Embaloh,,Austronesian,Papunesia,1.3156,112.63,true,
map-emplawas,empl1237,emw,Emplawas,,Austronesian,Papunesia,-8.03209,129.721,true,
map-ende,ende1246,end,Ende,,Austronesian,Papunesia,-8.70998,121.555,true,
map-enggano,engg1245,eno,Enggano,,Austronesian,Papunesia,-5.38846,102.245,true,
map-eray,eray1237,,Eray,,Austronesian,Papunesia,-7.84385,125.902,true,
map-ere,eree1241,twp,Ere,,Austronesian,Papunesia,-2.15569,147.083,true,
map-eton-vanuatu,eton1255,etn,Eton (Vanuatu),,Austronesian,Papunesia,-17.74,168.549,true,
map-fagani,faga1239,faf,Fagani,,Austronesian,Papunesia,-10.4479,161.662,true,
map-fanamaket,make1251,bjp,Fanamaket,,Austronesian,Papunesia,-4.08824,153.611,true,
map-farafi,butm1237,bnr,Farafi,,Austronesian,Papunesia,-15.3353,167.034,true,
map-fataleka,fata1245,far,Fataleka,,Austronesian,Papunesia,-8.59041,160.861,true,
map-fauro,faur1237,,Fauro,,Austronesian,Papunesia,-7.05102,155.76,true,
map-favorlang,favo1235,,Favorlang,,Austronesian,Papunesia,24.0017,120.585,true,
map-fijian,fiji1243,fij,Fijian,,Austronesian,Papunesia,-18.0,178.33,true,
map-fila,fila1237,,Fila,,Austronesian,Papunesia,-17.6841,168.275,true,
map-fordata,ford1242,frd,Fordata,,Austronesian,Papunesia,-7.28902,131.511,true,
map-futuna-aniwa,futu1245,fut,Futuna-Aniwa,,Austronesian,Papunesia,-19.5303,170.215,true,
map-fwai,fwai1237,fwa,Fwâi,,Austronesian,Papunesia,-20.6873,164.901,true,
map-ga-dang,gada1258,gdg,Ga'dang,,Austronesian,Papunesia,17.2238,121.455,true,
map-gaddang,gadd1244,gad,Gaddang,,Austronesian,Papunesia,16.5468,121.177,true,
map-gae,gaee1238,,Gae,,Austronesian,Papunesia,-9.4791,159.917,true,
map-galoli-talur,galo1243,gal,Galoli-Talur,,Austronesian,Papunesia,-8.61074,125.959,true,
map-gana,gana1277,gnq,Gana,,Austronesian,Papunesia,5.57583,116.145,true,
map-gane,gane1237,gzn,Gane,,Austronesian,Papunesia,-0.42618,127.976,true,
map-gao,gaoo1237,gga,Gao,,Austronesian,Papunesia,-8.35163,159.789,true,
map-gapapaiwa,gapa1238,pwg,Gapapaiwa,,Austronesian,Papunesia,-9.73317,149.854,true,
map-gayo,gayo1244,gay,Gayo,,Austronesian,Papunesia,4.3733,97.3456,true,
map-gebe,gebe1237,gei,Gebe,,Austronesian,Papunesia,-0.07877,129.424,true,
map-gedaged,geda1237,gdd,Gedaged,,Austronesian,Papunesia,-5.18175,145.781,true,
map-gela,gela1263,nlg,Gela,,Austronesian,Papunesia,-9.04587,160.186,true,
map-geri,geri1237,,Geri,,Austronesian,Papunesia,-9.4791,159.917,true,
map-geser-gorom,gese1240,ges,Geser-Gorom,,Austronesian,Papunesia,-3.8016,130.701,true,
map-ghaimuta,ghai1237,,Ghaimuta,,Austronesian,Papunesia,-9.56425,160.42,true,
map-ghanongga,ghan1242,ghn,Ghanongga,,Austronesian,Papunesia,-8.02035,156.552,true,
map-ghari,ghar1239,gri,Ghari,,Austronesian,Papunesia,-9.4791,159.917,true,
map-ghayavi,ghay1237,bmk,Ghayavi,,Austronesian,Papunesia,-10.011,149.84,true,
map-ghone,ghon1237,,Ghone,,Austronesian,Papunesia,-6.83443,156.655,true,
map-giangan,gian1241,bgi,Giangan,,Austronesian,Papunesia,6.99967,125.359,true,
map-gilbertese,gilb1244,gil,Gilbertese,,Austronesian,Papunesia,0.179,173.64,true,
map-gimi-west-new-britain,gimi1242,gip,Gimi (West New Britain),,Austronesian,Papunesia,-6.02464,149.478,true,
map-gitua,gitu1237,ggt,Gitua,,Austronesian,Papunesia,-6.0151,147.485,true,
map-gone-dau,gone1237,goo,Gone Dau,,Austronesian,Papunesia,-16.5886,178.599,true,
map-gorakor,gora1262,goc,Gorakor,,Austronesian,Papunesia,-6.85564,146.579,true,
map-gorontalic,goro1273,,Gorontalic,,Austronesian,,,,false,
map-gorontalo,goro1259,gor,Gorontalo,,Austronesian,Papunesia,0.62689,122.288,true,
map-gorontalo-mongondow,goro1257,,Gorontalo-Mongondow,,Austronesian,,,,false,
map-greater-central-philippine,grea1284,,Greater Central Philippine,,Austronesian,,,,false,
map-greater-south-sulawesi,sout2923,,Greater South Sulawesi,,Austronesian,,,,false,
map-guinaang-bontoc,guin1256,,Guinaang Bontoc,,Austronesian,Papunesia,17.08,120.92,true,
map-gula-alaa,gula1270,gmb,Gula'alaa,,Austronesian,Papunesia,-8.74742,161.023,true,
map-gumawana,guma1254,gvs,Gumawana,,Austronesian,Papunesia,-9.28497,150.762,true,
map-gweda,gwed1239,grw,Gweda,,Austronesian,Papunesia,-10.2173,150.421,true,
map-haeke,haek1239,aek,Haeke,,Austronesian,Papunesia,-21.0735,164.869,true,
map-hahon,haho1237,hah,Hahon,,Austronesian,Papunesia,-5.59031,154.801,true,
map-haigwai,haig1237,hgw,Haigwai,,Austronesian,Papunesia,-10.2741,150.256,true,
map-hako,hako1237,hao,Hakö,,Austronesian,Papunesia,-5.06832,154.594,true,
map-halia,hali1244,hla,Halia,,Austronesian,Papunesia,-5.26603,154.662,true,
map-hano,hano1246,lml,Hano,,Austronesian,Papunesia,-15.5432,168.167,true,
map-hanunoo,hanu1241,hnn,Hanunoo,,Austronesian,Papunesia,12.4159,121.221,true,
map-haroi,haro1237,hro,Haroi,,Austronesian,Eurasia,13.2201,108.995,true,
map-haruku,haru1244,hrk,Haruku,,Austronesian,Papunesia,-3.57029,128.476,true,
map-hatang-kayi,remo1247,agv,Hatang Kayi,,Austronesian,Papunesia,14.6254,121.453,true,
map-haununu,haun1237,,Haununu,,Austronesian,Papunesia,-10.5826,161.863,true,
map-haveke,have1241,hvk,Haveke,,Austronesian,Papunesia,-21.0249,164.753,true,
map-hawaiian,hawa1245,haw,Hawaiian,,Austronesian,Papunesia,19.6297,-155.43,true,
map-hawu,sabu1255,hvn,Hawu,,Austronesian,Papunesia,-10.5522,121.847,true,
map-helong,helo1243,heg,Helong,,Austronesian,Papunesia,-10.2647,123.377,true,
map-hermit,herm1237,llf,Hermit,,Austronesian,Papunesia,-1.52891,145.075,true,
map-higaonon,higa1237,mba,Higaonon,,Austronesian,Papunesia,8.61202,125.071,true,
map-highland-bali,high1274,,Highland Bali,,Austronesian,Papunesia,-8.35714,115.075,true,
map-highland-kenyah,high1288,,Highland Kenyah,,Austronesian,,,,false,
map-hiligaynon,hili1240,hil,Hiligaynon,,Austronesian,Papunesia,10.4018,122.974,true,
map-hitu,hitu1239,htu,Hitu,,Austronesian,Papunesia,-3.57478,128.186,true,
map-hiw,hiww1237,hiw,Hiw,,Austronesian,Papunesia,-13.126367,166.584857,true,
map-hmwaveke,hmwa1243,mrk,Hmwaveke,,Austronesian,Papunesia,-20.9246,164.768,true,
map-hoava,hoav1238,hoa,Hoava,,Austronesian,Papunesia,-8.19679,157.595,true,
map-hobongan,hovo1239,hov,Hobongan,,Austronesian,Papunesia,0.9841,113.897,true,
map-hote,hote1245,hot,Hote,,Austronesian,Papunesia,-7.07708,146.869,true,
map-hoti-of-east-seram,hoti1237,hti,Hoti of East Seram,,Austronesian,Papunesia,-3.0083,130.168,true,
map-houailou,houa1234,,Houailou,,Austronesian,,,,false,
map-huaulu,huau1237,hud,Huaulu,,Austronesian,Papunesia,-2.95835,129.202,true,
map-hukumina,huku1237,huw,Hukumina,,Austronesian,Papunesia,-3.274,126.194,true,
map-hula,hula1239,hul,Hula,,Austronesian,Papunesia,-9.99427,147.705,true,
map-iaai,iaai1238,iai,Iaai,,Austronesian,Papunesia,-20.6301,166.59,true,
map-iamalele,iama1237,yml,Iamalele,,Austronesian,Papunesia,-9.45005,150.573,true,
map-ibaloi,ibal1244,ibl,Ibaloi,,Austronesian,Papunesia,16.4263,120.695,true,
map-iban,iban1264,iba,Iban,,Austronesian,Papunesia,2.09041,112.934,true,
map-ibanag,iban1267,ibg,Ibanag,,Austronesian,Papunesia,17.4201,121.891,true,
map-ibatan,ibat1238,ivb,Ibatan,,Austronesian,Papunesia,18.9398,121.909,true,
map-ida-an,idaa1241,dbj,Ida'an,,Austronesian,Papunesia,5.29059,118.515,true,
map-iduna,idun1242,viv,Iduna,,Austronesian,Papunesia,-9.34361,150.24,true,
map-ifo,ifoo1237,iff,Ifo,,Austronesian,Papunesia,-18.7668,169.007,true,
map-ili-uun,iliu1237,ilu,Ili'uun,,Austronesian,Papunesia,-7.84385,125.902,true,
map-ilianen-manobo,ilia1236,mbi,Ilianen Manobo,,Austronesian,Papunesia,7.34448,124.766,true,
map-iloko,ilok1237,ilo,Iloko,,Austronesian,Papunesia,15.9361,120.993,true,
map-ilongot,ilon1239,ilk,Ilongot,,Austronesian,Papunesia,16.3785,121.547,true,
map-imroing,imro1237,imr,Imroing,,Austronesian,Papunesia,-7.96772,129.651,true,
map-inabaknon,inab1237,abx,Inabaknon,,Austronesian,Papunesia,12.4264,124.166,true,
map-indonesian-bajau,indo1317,bdl,Indonesian Bajau,,Austronesian,Papunesia,-3.68664,122.253,true,
map-iranun,iran1262,ill,Iranun,,Austronesian,Papunesia,4.3362,118.224,true,
map-irarutu,irar1238,irh,Irarutu,,Austronesian,Papunesia,-2.94438,133.586,true,
map-iraya,iray1237,iry,Iraya,,Austronesian,Papunesia,13.381,120.65,true,
map-iriga-bicolano,irig1242,bto,Iriga Bicolano,,Austronesian,Papunesia,13.3896,123.331,true,
map-isinai,isin1239,inn,Isinai,,Austronesian,Papunesia,16.3299,121.12,true,
map-isnag,isna1241,isd,Isnag,,Austronesian,Papunesia,18.2139,121.16,true,
map-itawit,itaw1240,itv,Itawit,,Austronesian,Papunesia,17.7329,121.58,true,
map-itbayat,ivat1242,ivv,Itbayat,,Austronesian,Papunesia,20.77,121.85,true,
map-iwal,iwal1237,kbm,Iwal,,Austronesian,Papunesia,-7.20938,146.983,true,
map-jambi-malay,jamb1236,jax,Jambi Malay,,Austronesian,Papunesia,-2.6469,103.13,true,
map-jangkang,jang1257,djo,Jangkang,,Austronesian,Papunesia,0.29738,110.647,true,
map-jarai,jara1266,jra,Jarai,,Austronesian,Eurasia,13.6161,107.813,true,
map-javanese,java1254,jav,Javanese,,Austronesian,Papunesia,-7.001,109.287,true,
map-jawe,jawe1237,jaz,Jawe,,Austronesian,Papunesia,-20.6648,164.676,true,
map-kadavu,kada1285,,Kadavu,,Austronesian,Papunesia,-18.0,178.33,true,
map-kadazan-dusun,cent2100,dtp,Kadazan Dusun,,Austronesian,Papunesia,6.02998,116.681,true,
map-kadorih,kado1243,,Kadorih,,Austronesian,Papunesia,-0.3955,113.469,true,
map-kaesabu,kaes1237,,Kaesabu,,Austronesian,Papunesia,-5.68289,122.791,true,
map-kagayanen,kaga1256,cgc,Kagayanen,,Austronesian,Papunesia,10.4656,119.872,true,
map-kahua,kahu1241,agw,Kahua,,Austronesian,Papunesia,-10.6963,162.191,true,
map-kai-tahu-south-island,sout2867,,Kai-Tahu South Island,,Austronesian,Papunesia,-38.2881,176.541,true,
map-kaidipang,kaid1239,kzp,Kaidipang,,Austronesian,Papunesia,0.85641,123.217,true,
map-kaiep,kaie1237,kbw,Kaiep,,Austronesian,Papunesia,-3.70524,143.884,true,
map-kailibo-aklanon,akla1241,,Kailibo Aklanon,,Austronesian,Papunesia,11.5543,122.354,true,
map-kaimbulawa,kaim1241,zka,Kaimbulawa,,Austronesian,Papunesia,-5.65447,122.538,true,
map-kairiru,kair1263,kxa,Kairiru,,Austronesian,Papunesia,-3.34608,143.558,true,
map-kajaman,kaja1250,kag,Kajaman,,Austronesian,Papunesia,2.78613,113.886,true,
map-kakabai,kaka1267,kqf,Kakabai,,Austronesian,Papunesia,-10.2976,150.027,true,
map-kalabakan,kala1391,kve,Kalabakan,,Austronesian,Papunesia,4.53605,117.317,true,
map-kalagan,kala1388,kqe,Kalagan,,Austronesian,Papunesia,6.8126,125.328,true,
map-kalamian,kala1389,,Kalamian,,Austronesian,,,,false,
map-kalo-keapara,kalo1259,,Kalo (Keapara),,Austronesian,Papunesia,-10.1342,147.95,true,
map-kalumpang,kalu1247,kli,Kalumpang,,Austronesian,Papunesia,-2.33388,119.474,true,
map-kamarian,kama1362,kzx,Kamarian,,Austronesian,Papunesia,-3.40779,128.526,true,
map-kamaru,kama1364,kgx,Kamaru,,Austronesian,Papunesia,-5.15696,123.045,true,
map-kamayo,kama1363,kyk,Kamayo,,Austronesian,Papunesia,8.10796,126.314,true,
map-kambera,kamb1299,xbr,Kambera,,Austronesian,Papunesia,-9.88447,120.235,true,
map-kanakanavu,kana1286,xnb,Kanakanavu,,Austronesian,Papunesia,23.3235,120.887,true,
map-kandas,kand1301,kqw,Kandas,,Austronesian,Papunesia,-4.3652,152.781,true,
map-kangean,kang1289,kkv,Kangean,,Austronesian,Papunesia,-7.98335,112.968,true,
map-kaniet,kani1282,ktk,Kaniet,,Austronesian,Papunesia,-1.51777,145.086,true,
map-kaninuwa,kani1281,wat,Kaninuwa,,Austronesian,Papunesia,-9.23148,150.253,true,
map-kankanaey,kank1243,kne,Kankanaey,,Austronesian,Papunesia,16.8548,120.689,true,
map-kanowit-tanjong-melanau,kano1244,kxn,Kanowit-Tanjong Melanau,,Austronesian,Papunesia,2.03781,112.383,true,
map-kap,kapp1237,ykm,Kap,,Austronesian,Papunesia,-3.28761,142.659,true,
map-kapin,kapi1250,tbx,Kapin,,Austronesian,Papunesia,-7.05732,146.529,true,
map-kapingamarangi,kapi1249,kpg,Kapingamarangi,,Austronesian,Papunesia,1.039166,154.797223,true,
map-kaptiau,kapt1235,kbi,Kaptiau,,Austronesian,Papunesia,-2.388426,139.795818,true,
map-kara-papua-new-guinea,kara1486,leu,Kara (Papua New Guinea),,Austronesian,Papunesia,-2.81957,151.111,true,
map-karao,kara1487,kyj,Karao,,Austronesian,Papunesia,16.5655,120.956,true,
map-karnai,karn1252,bbv,Karnai,,Austronesian,Papunesia,-5.74133,147.917,true,
map-kasiguranin,kasi1256,ksn,Kasiguranin,,Austronesian,Papunesia,16.1881,122.118,true,
map-katazi,kata1267,,Katazi,,Austronesian,Papunesia,-7.22281,157.149,true,
map-kaulong,kaul1240,pss,Kaulong,,Austronesian,Papunesia,-6.08192,149.696,true,
map-kavalan,kava1241,ckv,Kavalan,,Austronesian,Papunesia,24.6947,121.645,true,
map-kawe,kawe1240,kgb,Kawe,,Austronesian,Papunesia,-0.17313,130.327,true,
map-kawi,kawi1241,kaw,Kawi,,Austronesian,Papunesia,-7.0,111.0,true,
map-kayan-mahakam,kaya1324,xay,Kayan Mahakam,,Austronesian,Papunesia,0.91787,114.452,true,
map-kayan-river-kayan,kaya1325,xkn,Kayan River Kayan,,Austronesian,Papunesia,1.78269,115.827,true,
map-kayapa-kallahan,kaya1320,,Kayapa Kallahan,,Austronesian,Papunesia,16.321,120.9,true,
map-kayeli,kaye1241,kzl,Kayeli,,Austronesian,Papunesia,-3.39247,127.118,true,
map-kayupulau,kayu1243,kzu,Kayupulau,,Austronesian,Papunesia,-2.54455,140.72068,true,
map-kazukuru,kazu1245,kzk,Kazukuru,,Austronesian,Papunesia,-8.23886,157.687,true,
map-keapara,keap1239,khz,Keapara,,Austronesian,Papunesia,-10.1342,147.95,true,
map-kedah-perak-malay,keda1251,meo,Kedah-Perak Malay,,Austronesian,Eurasia,5.933,100.492,true,
map-kedang,keda1252,ksx,Kedang,,Austronesian,Papunesia,-8.23039,123.77,true,
map-kei,keii1239,kei,Kei,,Austronesian,Papunesia,-5.63948,133.02,true,
map-kei-besar,keib1237,,Kei Besar,,Austronesian,Papunesia,-5.63948,133.02,true,
map-kela-papua-new-guinea,kela1255,kcl,Kela (Papua New Guinea),,Austronesian,Papunesia,-7.47103,147.173,true,
map-kelabit,kela1258,kzi,Kelabit,,Austronesian,Papunesia,3.31783,115.428,true,
map-kelai,kela1259,,Kelai,,Austronesian,Papunesia,1.97695,116.954,true,
map-kelantan-pattani-malay,patt1249,mfa,Kelantan-Pattani Malay,,Austronesian,Eurasia,6.38148,101.41,true,
map-kele-papua-new-guinea,kele1258,sbc,Kele (Papua New Guinea),,Austronesian,Papunesia,-2.09163,147.064,true,
map-keley-i-kallahan,kele1259,ify,Keley-i Kallahan,,Austronesian,Papunesia,16.7099,121.035,true,
map-kelingan-indonesia,keli1252,,Kelingan (Indonesia),,Austronesian,Papunesia,0.80793,116.573,true,
map-kemak,kema1243,kem,Kemak,,Austronesian,Papunesia,-9.00299,125.159,true,
map-kendayan-belangin,kend1254,knx,Kendayan-Belangin,,Austronesian,Papunesia,1.47957,109.467,true,
map-keningau-murut,keni1249,kxi,Keningau Murut,,Austronesian,Papunesia,5.42272,116.198,true,
map-keninjal,keni1248,knl,Keninjal,,Austronesian,Papunesia,-0.63184,111.808,true,
map-kenyahic,keny1280,,Kenyahic,,Austronesian,,,,false,
map-keo,keoo1238,xxk,Kéo,,Austronesian,Papunesia,-8.8704,121.256,true,
map-kereho,kere1285,xke,Kereho,,Austronesian,Papunesia,0.64649,113.644,true,
map-kerinci,keri1250,kvr,Kerinci,,Austronesian,Papunesia,-1.93668,101.403,true,
map-ketangalan,keta1243,kae,Ketangalan,,Austronesian,Papunesia,25.0257,121.425,true,
map-khehek,kheh1237,tlx,Khehek,,Austronesian,Papunesia,-2.06626,146.746,true,
map-kiai,fort1240,frt,Kiai,,Austronesian,Papunesia,-15.4484,166.931,true,
map-kilenge,kile1242,,Kilenge,,Austronesian,Papunesia,-5.61613,148.445,true,
map-kilivila,kili1267,kij,Kilivila,,Austronesian,Papunesia,-8.72574,151.072,true,
map-kimaragang,kima1244,kqr,Kimaragang,,Austronesian,Papunesia,6.61982,116.96,true,
map-kinaray-a,kina1250,krj,Kinaray-a,,Austronesian,Papunesia,10.8131,122.297,true,
map-kioko,kiok1239,ues,Kioko,,Austronesian,Papunesia,-4.99012,122.951,true,
map-kiput,kipu1237,kyi,Kiput,,Austronesian,Papunesia,4.16535,114.367,true,
map-kis,kiss1246,kis,Kis,,Austronesian,Papunesia,-3.83909,143.96,true,
map-kisar,kisa1266,kje,Kisar,,Austronesian,Papunesia,-8.05122,127.18,true,
map-klias-river-kadazan,klia1235,kqt,Klias River Kadazan,,Austronesian,Papunesia,5.39453,115.582,true,
map-kodeoha,kode1237,vko,Kodeoha,,Austronesian,Papunesia,-3.39566,120.937,true,
map-kodi,kodi1247,kod,Kodi,,Austronesian,Papunesia,-9.6373,119.114,true,
map-kohin,kohi1250,kkx,Kohin,,Austronesian,Papunesia,-1.43973,111.905,true,
map-kokota,koko1269,kkk,Kokota,,Austronesian,Papunesia,-8.16481,159.191,true,
map-kola,kola1285,kvv,Kola,,Austronesian,Papunesia,-5.48833,134.592,true,
map-koluwawa,kolu1245,klx,Koluwawa,,Austronesian,Papunesia,-9.42742,150.462,true,
map-komering,kome1238,kge,Komering,,Austronesian,Papunesia,-3.79215,105.107,true,
map-komodo,komo1261,kvh,Komodo,,Austronesian,Papunesia,-8.64518,119.477,true,
map-konomala,kono1269,koa,Konomala,,Austronesian,Papunesia,-4.16184,152.87,true,
map-koo,kooo1245,,Koo,,Austronesian,Papunesia,-9.76764,160.231,true,
map-koro-olrat,koro1308,krf,Koro-Olrat,,Austronesian,Papunesia,-14.2943,167.467,true,
map-koronadal-blaan,koro1310,bpr,Koronadal Blaan,,Austronesian,Papunesia,6.20529,125.007,true,
map-koroni,koro1311,xkq,Koroni,,Austronesian,Papunesia,-2.6367,121.977,true,
map-korur,anus1237,auq,Korur,,Austronesian,Papunesia,-2.26271,139.502,true,
map-kosraean,kosr1238,kos,Kosraean,,Austronesian,Papunesia,5.31,162.98,true,
map-kota-bangun-kutai-malay,kota1275,mqg,Kota Bangun Kutai Malay,,Austronesian,Papunesia,-0.27049,116.297,true,
map-kove,kove1237,kvc,Kove,,Austronesian,Papunesia,-5.58623,149.63,true,
map-kowiai,kowi1239,kwh,Kowiai,,Austronesian,Papunesia,-4.21954,133.468,true,
map-kuanua,kuan1248,ksd,Kuanua,,Austronesian,Papunesia,-4.30986,152.114,true,
map-kubokota,kubo1244,,Kubokota,,Austronesian,Papunesia,-8.02035,156.552,true,
map-kubu,kubu1239,kvb,Kubu,,Austronesian,Papunesia,-2.42661,102.193,true,
map-kuijau,kuij1237,dkr,Kuijau,,Austronesian,Papunesia,5.47179,116.108,true,
map-kula-vanuatu,wusi1237,wsi,Kula (Vanuatu),,Austronesian,Papunesia,-15.2786,166.696,true,
map-kulisusu,kuli1254,vkl,Kulisusu,,Austronesian,Papunesia,-4.58411,123.045,true,
map-kumalu,kuma1278,ksl,Kumalu,,Austronesian,Papunesia,-7.1135,146.57,true,
map-kumbewaha,kumb1274,xks,Kumbewaha,,Austronesian,Papunesia,-5.34485,123.154,true,
map-kuni,kuni1263,kse,Kuni,,Austronesian,Papunesia,-8.66368,146.874,true,
map-kupang-malay,kupa1239,mkn,Kupang Malay,,Austronesian,Papunesia,-10.2526,123.63,true,
map-kurti,kurt1250,ktm,Kurti,,Austronesian,Papunesia,-2.01187,147.036,true,
map-kurudu,kuru1305,kjr,Kurudu,,Austronesian,Papunesia,-1.8444,137.018,true,
map-kusaghe,kusa1253,,Kusaghe,,Austronesian,Papunesia,-8.04056,157.463,true,
map-kusaghe-njela,kusa1251,ksg,Kusaghe-Njela,,Austronesian,Papunesia,-8.04056,157.463,true,
map-kwaio,kwai1243,kwd,Kwaio,,Austronesian,Papunesia,-8.93744,160.965,true,
map-kwamera,kwam1252,tnk,Kwamera,,Austronesian,Papunesia,-19.5954,169.442,true,
map-kwara-ae,kwar1239,kwf,Kwara'ae,,Austronesian,Papunesia,-8.75779,160.804,true,
map-label,labe1239,lbb,Label,,Austronesian,Papunesia,-4.46971,152.678,true,
map-labu,labu1248,lbu,Labu,,Austronesian,Papunesia,-6.75,146.903,true,
map-labuan,labu1252,,Labuan,,Austronesian,Papunesia,22.7738,120.844,true,
map-labuk-kinabatangan-kadazan,labu1249,dtb,Labuk-Kinabatangan Kadazan,,Austronesian,Papunesia,5.51924,117.507,true,
map-laghu,lagh1246,lgb,Laghu,,Austronesian,Papunesia,-8.00509,158.961,true,
map-laha-indonesia,laha1251,lhh,Laha (Indonesia),,Austronesian,Papunesia,-3.70755,128.073,true,
map-lahanan,laha1253,lhn,Lahanan,,Austronesian,Papunesia,2.72734,113.947,true,
map-laiyolo,laiy1246,lji,Laiyolo,,Austronesian,Papunesia,-6.45512,120.483,true,
map-lakalei,laka1255,lka,Lakalei,,Austronesian,Papunesia,-8.86372,125.716,true,
map-lakon,lako1245,lkn,Lakon,,Austronesian,Papunesia,-14.29899,167.429382,true,
map-lala,lala1268,nrz,Lala,,Austronesian,Papunesia,-8.93195,146.749,true,
map-lamaholot,lama1277,slp,Lamaholot,,Austronesian,Papunesia,-8.36439,122.803,true,
map-lamboya,lamb1273,lmy,Lamboya,,Austronesian,Papunesia,-9.70434,119.344,true,
map-lamenu,lame1260,lmu,Lamenu,,Austronesian,Papunesia,-16.6098,168.171,true,
map-lamenu-lewo,lame1259,,Lamenu-Lewo,,Austronesian,,,,false,
map-lamogai,lamo1244,lmg,Lamogai,,Austronesian,Papunesia,-5.87071,149.321,true,
map-lampung-api,lamp1243,ljp,Lampung Api,,Austronesian,Papunesia,-5.73463,105.037,true,
map-lampung-nyo,lamp1242,abl,Lampung Nyo,,Austronesian,Papunesia,-4.43957,105.397,true,
map-lampungic,lamp1241,,Lampungic,,Austronesian,,,,false,
map-lamusong,lamu1255,,Lamusong,,Austronesian,Papunesia,-3.21903,151.728,true,
map-lanas-lobu,lana1236,ruu,Lanas Lobu,,Austronesian,Papunesia,5.39196,116.577,true,
map-larevat,lare1249,lrv,Larevat,,Austronesian,Papunesia,-16.1971,167.387,true,
map-larike-wakasihu,lari1255,alo,Larike-Wakasihu,,Austronesian,Papunesia,-3.76522,127.956,true,
map-lasalimu,lasa1237,llm,Lasalimu,,Austronesian,Papunesia,-5.23602,123.129,true,
map-lau,lauu1247,llu,Lau,,Austronesian,Papunesia,-8.51018,160.872,true,
map-lau-island,lauu1248,,Lau Island,,Austronesian,Papunesia,-18.2131,-178.785,true,
map-lauje,lauj1238,law,Lauje,,Austronesian,Papunesia,0.50708,120.262,true,
map-laura,laur1249,lur,Laura,,Austronesian,Papunesia,-9.4296,119.19,true,
map-lavatbura-lamusong,lava1239,lbv,Lavatbura-Lamusong,,Austronesian,Papunesia,-3.21903,151.728,true,
map-lawangan,lawa1257,lbx,Lawangan,,Austronesian,Papunesia,-1.80261,115.876,true,
map-lawunuia,lawu1237,tgi,Lawunuia,,Austronesian,Papunesia,-6.15201,155.129,true,
map-ledo-kaili,ledo1238,lew,Ledo Kaili,,Austronesian,Papunesia,-1.03033,120.132,true,
map-legenyem,lege1241,lcc,Legenyem,,Austronesian,Papunesia,-0.3592,130.749,true,
map-lehali,leha1243,tql,Lehali,,Austronesian,Papunesia,-13.5043,167.332,true,
map-lehalurup,leha1244,urr,Lehalurup,,Austronesian,Papunesia,-13.542726,167.343342,true,
map-leipon,leip1237,lek,Leipon,,Austronesian,Papunesia,-1.9665,147.226,true,
map-lelak,lela1246,llk,Lelak,,Austronesian,Papunesia,4.11426,114.029,true,
map-lele-papua-new-guinea,lele1270,lle,Lele (Papua New Guinea),,Austronesian,Papunesia,-2.04783,147.207,true,
map-lelepa,lele1267,lpa,Lelepa,,Austronesian,Papunesia,-17.6042,168.202,true,
map-lemerig,leme1238,lrz,Lemerig,,Austronesian,Papunesia,-13.739697,167.420676,true,
map-lemeting,bela1260,beg,Lemeting,,Austronesian,Papunesia,4.96207,114.933,true,
map-lemolang,lemo1243,ley,Lemolang,,Austronesian,Papunesia,-2.63313,120.27,true,
map-lenakel,lena1238,tnl,Lenakel,,Austronesian,Papunesia,-19.4763,169.261,true,
map-lengo,leng1259,lgr,Lengo,,Austronesian,Papunesia,-9.56425,160.42,true,
map-lenkau,lenk1247,ler,Lenkau,,Austronesian,Papunesia,-2.33367,147.742,true,
map-letemboi-repanbitip,lete1241,nms,Letemboi-Repanbitip,,Austronesian,Papunesia,-16.4339,167.566,true,
map-leti-indonesia,leti1246,lti,Leti (Indonesia),,Austronesian,Papunesia,-8.19808,127.674,true,
map-lewo,lewo1242,lww,Lewo,,Austronesian,Papunesia,-16.7612,168.334,true,
map-li-o,lioo1240,ljl,Li'o,,Austronesian,Papunesia,-8.68615,121.832,true,
map-liabuku,liab1237,lix,Liabuku,,Austronesian,Papunesia,-5.32268,122.699,true,
map-libon,libo1242,lbl,Libon,,Austronesian,Papunesia,13.17,123.5,true,
map-lihir,lihi1237,lih,Lihir,,Austronesian,Papunesia,-3.18895,152.606,true,
map-likum,liku1243,lib,Likum,,Austronesian,Papunesia,-2.16157,146.695,true,
map-limos-kalinga,limo1248,kmk,Limos Kalinga,,Austronesian,Papunesia,17.6081,121.381,true,
map-lingkabau-sugut,ling1266,,Lingkabau Sugut,,Austronesian,Papunesia,6.2892,117.322,true,
map-lisela,lise1239,lcl,Lisela,,Austronesian,Papunesia,-3.27358,126.981,true,
map-lo-toga,loto1240,lht,Lo-Toga,,Austronesian,Papunesia,-13.334872,166.634338,true,
map-lokep,loke1237,,Lokep,,Austronesian,Papunesia,-5.31671,147.103,true,
map-lolak,lola1250,llq,Lolak,,Austronesian,Papunesia,0.85544,124.117,true,
map-lomaiviti,loma1261,lmv,Lomaiviti,,Austronesian,Papunesia,-18.0001,179.306,true,
map-lomaumbi,loma1262,,Lömaumbi,,Austronesian,Papunesia,-7.22281,157.149,true,
map-lombaha,lomb1262,,Lombaha,,Austronesian,Papunesia,-15.3523,167.89,true,
map-long-ekang,long1400,,Long Ekang,,Austronesian,Papunesia,3.42701,114.178,true,
map-long-glat,long1405,,Long Glat,,Austronesian,Papunesia,0.80793,116.573,true,
map-long-semiang,long1402,,Long Semiang,,Austronesian,Papunesia,3.7519,114.434,true,
map-longgu,long1395,lgu,Longgu,,Austronesian,Papunesia,-9.75258,160.663,true,
map-loniu,loni1238,los,Loniu,,Austronesian,Papunesia,-2.06124,147.35,true,
map-lonwolwol,lonw1238,crc,Lonwolwol,,Austronesian,Papunesia,-16.2286,168.016,true,
map-lote,lote1237,uvl,Lote,,Austronesian,Papunesia,-5.954,150.911,true,
map-lotud,lotu1250,dtr,Lotud,,Austronesian,Papunesia,6.13732,116.232,true,
map-lou,louu1245,loj,Lou,,Austronesian,Papunesia,-2.38659,147.346,true,
map-lovono,vano1237,vnk,Lovono,,Austronesian,Papunesia,-11.6107,166.7984,true,
map-lowland-bali,lowl1258,,Lowland Bali,,Austronesian,Papunesia,-8.35714,115.075,true,
map-lowland-kenyah,lowl1270,,Lowland Kenyah,,Austronesian,,,,false,
map-luang,luan1263,lex,Luang,,Austronesian,Papunesia,-8.18378,127.944,true,
map-luangiua,onto1237,ojv,Luangiua,,Austronesian,Papunesia,-5.49029,159.701,true,
map-lubuagan-kalinga,lubu1243,knb,Lubuagan Kalinga,,Austronesian,Papunesia,17.3879,121.0365,true,
map-luhu-piru,luhu1243,lcq,Luhu-Piru,,Austronesian,Papunesia,-3.13187,127.966,true,
map-lun-bawang,lunb1237,,Lun Bawang,,Austronesian,Papunesia,4.25064,115.5,true,
map-lundayeh,lund1271,lnd,Lundayeh,,Austronesian,Papunesia,4.25064,115.5,true,
map-lungga,lung1249,lga,Lungga,,Austronesian,Papunesia,-8.17469,156.573,true,
map-lusi,lusi1240,khl,Lusi,,Austronesian,Papunesia,-5.55033,149.148,true,
map-ma-anyan,maan1238,mhy,Ma'anyan,,Austronesian,Papunesia,-2.1239,115.092,true,
map-madak,mada1285,mmx,Madak,,Austronesian,Papunesia,-3.34342,151.967,true,
map-madurese,nucl1460,mad,Madurese,,Austronesian,Papunesia,-7.0,113.0,true,
map-maewo,maew1234,,Maewo,,Austronesian,,,,false,
map-mafea,mafe1237,mkv,Mafea,,Austronesian,Papunesia,-15.4316,167.241,true,
map-mag-anchi-ayta,maga1263,sgb,Mag-Anchi Ayta,,Austronesian,Papunesia,15.1954,120.459,true,
map-mag-indi-ayta,magi1241,blx,Mag-Indi Ayta,,Austronesian,Papunesia,14.9617,120.182,true,
map-magori,mago1248,zgr,Magori,,Austronesian,Papunesia,-10.2321,149.26,true,
map-maguindanao,magu1243,mdh,Maguindanao,,Austronesian,Papunesia,6.9453,124.509,true,
map-mahafaly-antanalana-malagasy,maha1309,,Mahafaly-Antanalana Malagasy,,Austronesian,Africa,-24.2,44.5,true,
map-mahakam-busang,maha1298,,Mahakam Busang,,Austronesian,Papunesia,0.03494,115.401,true,
map-maii,maii1238,mmm,Maii,,Austronesian,Papunesia,-16.7388,168.211,true,
map-maisin,mais1250,mbq,Maisin,,Austronesian,Papunesia,-9.22853,148.731,true,
map-makasar,maka1311,mak,Makasar,,Austronesian,Papunesia,-5.65551,119.838,true,
map-makassar-malay,maka1305,mfp,Makassar Malay,,Austronesian,Papunesia,-5.16108,119.408,true,
map-maku-a,maku1277,lva,Maku'a,,Austronesian,Papunesia,-8.40372,127.239,true,
map-makura,maku1276,,Makura,,Austronesian,Papunesia,-16.8979,168.569,true,
map-malagasic,mala1537,,Malagasic,,Austronesian,,,,false,
map-malagheti,mala1483,,Malagheti,,Austronesian,Papunesia,-9.76764,160.231,true,
map-malalamai,mala1489,mmt,Malalamai,,Austronesian,Papunesia,-5.77495,146.642,true,
map-malango,mala1484,mln,Malango,,Austronesian,Papunesia,-9.61383,160.118,true,
map-malasanga,mala1487,mqz,Malasanga,,Austronesian,Papunesia,-5.9401,147.058,true,
map-malaweg,mala1534,,Malaweg,,Austronesian,Papunesia,17.844833,121.391322,true,
map-malay-aklanon,mala1491,mlz,Malay Aklanon,,Austronesian,Papunesia,11.8564,121.919,true,
map-malayic,mala1538,,Malayic,,Austronesian,,,,false,
map-malayic-dayak,mala1480,xdy,Malayic Dayak,,Austronesian,Papunesia,-2.78384,111.136,true,
map-malayo-polynesian,mala1545,,Malayo-Polynesian,,Austronesian,,,,false,
map-maleu-kilenge,male1289,mgl,Maleu-Kilenge,,Austronesian,Papunesia,-5.61613,148.445,true,
map-malo,malo1246,,Malo,,Austronesian,Papunesia,-10.6771,165.835,true,
map-malua-teperav,malu1245,mll,Malua-Tepërav,,Austronesian,Papunesia,-15.9813,167.208,true,
map-mamasa,mama1276,mqj,Mamasa,,Austronesian,Papunesia,-3.0811,119.484,true,
map-mambae,mamb1306,mgm,Mambae,,Austronesian,Papunesia,-9.19552,125.475,true,
map-mamboru,mamb1305,mvd,Mamboru,,Austronesian,Papunesia,-9.42302,119.55,true,
map-mamuju,mamu1255,mqx,Mamuju,,Austronesian,Papunesia,-2.50762,119.082,true,
map-manado-malay,mala1481,xmm,Manado Malay,,Austronesian,Papunesia,1.48099,124.843,true,
map-manam,mana1295,mva,Manam,,Austronesian,Papunesia,-4.07921,145.033,true,
map-mandar,mand1442,mdr,Mandar,,Austronesian,Papunesia,-3.34717,119.068,true,
map-mandara,mand1440,tbf,Mandara,,Austronesian,Papunesia,-2.7828,151.956,true,
map-mandaya,kara1489,mry,Mandaya,,Austronesian,Papunesia,7.50481,126.409,true,
map-mangaia,mang1402,,Mangaia,,Austronesian,Papunesia,-27.6304,-144.338,true,
map-mangaia-old-rapa,rapa1245,ray,Mangaia-Old Rapa,,Austronesian,Papunesia,-27.6304,-144.338,true,
map-mangareva,mang1401,mrv,Mangareva,,Austronesian,Papunesia,-23.1095,-134.97,true,
map-mangarongaro,penr1237,pnh,Māngarongaro,,Austronesian,Papunesia,-9.082238,-157.922908,true,
map-mangga-buang,mang1404,mmo,Mangga Buang,,Austronesian,Papunesia,-6.99891,146.685,true,
map-manggarai,mang1405,mqy,Manggarai,,Austronesian,Papunesia,-8.55748,120.329,true,
map-mangseng,mang1403,mbh,Mangseng,,Austronesian,Papunesia,-5.89752,150.68,true,
map-manipa,mani1297,mqp,Manipa,,Austronesian,Papunesia,-3.30342,127.565,true,
map-manobo,mano1276,,Manobo,,Austronesian,,,,false,
map-mansaka,mans1262,msk,Mansaka,,Austronesian,Papunesia,6.79221,126.181,true,
map-manus-koro,bowa1234,kxr,Manus Koro,,Austronesian,Papunesia,-2.03429,147.14267,true,
map-manusela,manu1258,wha,Manusela,,Austronesian,Papunesia,-3.1109,129.429,true,
map-maori,maor1246,mri,Maori,,Austronesian,Papunesia,-38.2881,176.541,true,
map-mapia,mapi1250,mpy,Mapia,,Austronesian,Papunesia,0.908889,134.304722,true,
map-mapos-buang,mapo1242,bzh,Mapos Buang,,Austronesian,Papunesia,-6.86672,146.774,true,
map-mapun,mapu1244,sjm,Mapun,,Austronesian,Papunesia,6.09061,118.75,true,
map-maragus,mara1399,mrs,Maragus,,Austronesian,Papunesia,-16.0695,167.33,true,
map-maranao,mara1404,mrw,Maranao,,Austronesian,Papunesia,7.79414,124.175,true,
map-marau,mara1397,mvr,Marau,,Austronesian,Papunesia,-1.66738,135.797,true,
map-marau-sound,mara1398,,Marau Sound,,Austronesian,Papunesia,-9.20699,161.158,true,
map-mari-madang-province,mari1429,hob,Mari (Madang Province),,Austronesian,Papunesia,-5.97399,145.828,true,
map-marik,mari1428,dad,Marik,,Austronesian,Papunesia,-5.349,145.59,true,
map-maringe,mari1427,,Maringe,,Austronesian,Papunesia,-8.27055,159.625,true,
map-marovo,maro1244,mvo,Marovo,,Austronesian,Papunesia,-8.37943,157.747,true,
map-marshallese,mars1254,mah,Marshallese,,Austronesian,Papunesia,8.72,167.73,true,
map-masbate-sorsogon,masb1237,bks,Masbate Sorsogon,,Austronesian,Papunesia,12.8438,124.002,true,
map-masbatenyo,masb1238,msb,Masbatenyo,,Austronesian,Papunesia,12.21453,123.63579,true,
map-masikoro-malagasy,masi1268,msh,Masikoro Malagasy,,Austronesian,Africa,-22.5582,43.8156,true,
map-masiwang,masi1266,bnf,Masiwang,,Austronesian,Papunesia,-3.29547,130.601,true,
map-maskelynes,mask1242,klv,Maskelynes,,Austronesian,Papunesia,-16.5073,167.818,true,
map-mataso,mata1250,,Mataso,,Austronesian,Papunesia,-16.8979,168.569,true,
map-matbat,matb1237,xmt,Matbat,,Austronesian,Papunesia,-1.8801,130.075,true,
map-mate-nul-filakara,mate1259,,Mate-Nul-Filakara,,Austronesian,Papunesia,-16.7612,168.334,true,
map-mateq,kemb1249,xem,Mateq,,Austronesian,Papunesia,0.66181,110.468,true,
map-matigsalug-manobo,mati1250,mbt,Matigsalug Manobo,,Austronesian,Papunesia,7.72124,125.16,true,
map-mato,mato1252,met,Mato,,Austronesian,Papunesia,-5.91639,146.859,true,
map-matu-uwal,mayr1237,,Matu'uwal,,Austronesian,Papunesia,24.5209,121.388,true,
map-matukar,matu1261,mjk,Matukar,,Austronesian,Papunesia,-4.9078,145.779,true,
map-matupit,matu1260,,Matupit,,Austronesian,Papunesia,-4.30986,152.114,true,
map-mauke,mauk1238,,Mauke,,Austronesian,Papunesia,-21.23,-159.78,true,
map-maututu,maut1237,,Maututu,,Austronesian,Papunesia,-5.59931,150.888,true,
map-mayoyao-ifugao,mayo1262,ifu,Mayoyao Ifugao,,Austronesian,Papunesia,16.9984,121.29,true,
map-mbaruan,bedo1237,bed,Mbaruan,,Austronesian,Papunesia,-2.74438,132.566,true,
map-mbula,mbul1263,mna,Mbula,,Austronesian,Papunesia,-5.66965,148.041,true,
map-mea,meaa1237,meg,Mea,,Austronesian,Papunesia,-21.4939,165.771,true,
map-medebur,mede1237,mjm,Medebur,,Austronesian,Papunesia,-4.49918,145.425,true,
map-megiar,megi1245,,Megiar,,Austronesian,Papunesia,-4.69057,145.975,true,
map-mekeo,meke1243,mek,Mekeo,,Austronesian,Papunesia,-8.23853,146.586,true,
map-mekongga,meko1237,,Mekongga,,Austronesian,Papunesia,-4.03577,121.888,true,
map-mele,mele1251,,Mele,,Austronesian,Papunesia,-17.6841,168.275,true,
map-mele-fila,mele1250,mxe,Mele-Fila,,Austronesian,Papunesia,-17.6841,168.275,true,
map-mele-maat,mele1255,,Mele Maat,,Austronesian,Papunesia,-16.2975,168.211,true,
map-mengen,meng1267,mee,Mengen,,Austronesian,Papunesia,-5.47036,151.373,true,
map-mentawai,ment1249,mwv,Mentawai,,Austronesian,Papunesia,-1.41092,98.9401,true,
map-meoswar,meos1237,mvx,Meoswar,,Austronesian,Papunesia,-2.07828,134.378,true,
map-meramera,mera1242,mxm,Meramera,,Austronesian,Papunesia,-4.97468,151.528,true,
map-merap,mera1243,,Merap,,Austronesian,Papunesia,3.7519,114.434,true,
map-merei,mere1242,lmb,Merei,,Austronesian,Papunesia,-15.2839,166.905,true,
map-merina,meri1243,,Merina,,Austronesian,Africa,-19.5907,47.1211,true,
map-merlav,merl1237,mrm,Merlav,,Austronesian,Papunesia,-14.450679,168.053527,true,
map-micronesian,micr1243,,Micronesian,,Austronesian,,,,false,
map-middle-watut,midd1327,mpl,Middle Watut,,Austronesian,Papunesia,-6.88249,146.399126,true,
map-mikea,mike1243,,Mikea,,Austronesian,Africa,-22.5582,43.8156,true,
map-minahasan,mina1272,,Minahasan,,Austronesian,,,,false,
map-minamanwa,mama1275,mmn,Minamanwa,,Austronesian,Papunesia,9.44744,125.548,true,
map-minangkabau,mina1268,min,Minangkabau,,Austronesian,Papunesia,-0.896,100.44,true,
map-minaveha,mina1269,mvn,Minaveha,,Austronesian,Papunesia,-9.59922,150.501,true,
map-mindiri,mind1255,mpn,Mindiri,,Austronesian,Papunesia,-5.5,146.15,true,
map-minigir,mini1251,vmg,Minigir,,Austronesian,Papunesia,-4.31803,152.005,true,
map-minokok,mino1243,mqq,Minokok,,Austronesian,Papunesia,5.43348,116.759,true,
map-miri-malaysia,miri1269,,Miri (Malaysia),,Austronesian,Papunesia,4.42115,114.011,true,
map-misima-paneati,misi1243,mpx,Misima-Paneati,,Austronesian,Papunesia,-10.6821,152.696,true,
map-misool-salawati-ma-ya,maya1282,slz,Misool-Salawati Ma'ya,,Austronesian,Papunesia,-1.22329,130.909,true,
map-moa,moaa1237,,Moa,,Austronesian,Papunesia,-8.18378,127.944,true,
map-modang,moda1244,mxd,Modang,,Austronesian,Papunesia,0.80793,116.573,true,
map-moken,moke1242,mwt,Moken,,Austronesian,Eurasia,10.1474,98.6765,true,
map-moken-moklen,moke1241,,Moken-Moklen,,Austronesian,,,,false,
map-mokerang,moke1240,mft,Mokerang,,Austronesian,Papunesia,-2.01602,147.423,true,
map-mokilese,moki1238,mkj,Mokilese,,Austronesian,Papunesia,6.65651,159.776,true,
map-moklen,mokl1243,mkm,Moklen,,Austronesian,Eurasia,8.16761,98.3176,true,
map-molbog,molb1237,pwm,Molbog,,Austronesian,Papunesia,7.956663,117.030502,true,
map-moli,moli1247,,Moli,,Austronesian,Papunesia,-9.76764,160.231,true,
map-molima,moli1248,mox,Molima,,Austronesian,Papunesia,-9.57457,150.614,true,
map-moma,moma1242,myl,Moma,,Austronesian,Papunesia,-1.4313,120.009,true,
map-mondropolon,mond1265,npn,Mondropolon,,Austronesian,Papunesia,-2.01359,146.931,true,
map-mongondow,mong1342,mog,Mongondow,,Austronesian,Papunesia,0.64616,124.114,true,
map-mono,mono1274,,Mono,,Austronesian,Papunesia,-7.05102,155.76,true,
map-mono-alu,mono1273,mte,Mono-Alu,,Austronesian,Papunesia,-7.05102,155.76,true,
map-mor-mor-islands,morm1235,mhz,Mor (Mor Islands),,Austronesian,Papunesia,-2.87055,135.95,true,
map-morela,more1257,,Morela,,Austronesian,Papunesia,-3.57478,128.186,true,
map-mores,rori1237,rga,Mores,,Austronesian,Papunesia,-15.4048,166.843,true,
map-mori-atas,mori1269,mzq,Mori Atas,,Austronesian,Papunesia,-2.2555,121.035,true,
map-mori-bawah,mori1268,xmz,Mori Bawah,,Austronesian,Papunesia,-2.56016,121.37,true,
map-moriori,mori1267,rrm,Moriori,,Austronesian,Papunesia,-44.0,-176.5,true,
map-moronene,moro1287,mqn,Moronene,,Austronesian,Papunesia,-4.62361,121.824,true,
map-mortlockese,mort1237,mrl,Mortlockese,,Austronesian,Papunesia,5.50735,153.710778,true,
map-mota,mota1237,mtt,Mota,,Austronesian,Papunesia,-13.835361,167.690924,true,
map-motu,motu1246,meu,Motu,,Austronesian,Papunesia,-9.67492,147.424,true,
map-mouk,mouk1240,,Mouk,,Austronesian,Papunesia,-5.71155,149.158,true,
map-mouk-aria,mouk1239,mwh,Mouk-Aria,,Austronesian,Papunesia,-5.71155,149.158,true,
map-movono,tang1347,tgp,Movono,,Austronesian,Papunesia,-15.5643,166.958,true,
map-mpotovoro,mpot1241,mvt,Mpotovoro,,Austronesian,Papunesia,-15.8988,167.232,true,
map-mualang,mual1241,mtd,Mualang,,Austronesian,Papunesia,0.31083,111.077,true,
map-muduapa,mudu1242,wiv,Muduapa,,Austronesian,Papunesia,-4.69751,149.489,true,
map-muna,muna1247,mnb,Muna,,Austronesian,Papunesia,-5.40419,122.541,true,
map-munggava,mung1271,,Munggava,,Austronesian,Papunesia,-11.6237,160.265,true,
map-munggui,mung1269,mth,Munggui,,Austronesian,Papunesia,-1.66773,135.918,true,
map-mungiki,mung1270,,Mungiki,,Austronesian,Papunesia,-11.6237,160.265,true,
map-murik-malaysia,muri1259,mxr,Murik (Malaysia),,Austronesian,Papunesia,3.7519,114.434,true,
map-musi,musi1241,mui,Musi,,Austronesian,Papunesia,-2.93987,103.945,true,
map-musom,muso1238,msu,Musom,,Austronesian,Papunesia,-6.53817,146.93,true,
map-mussau,muss1248,,Mussau,,Austronesian,Papunesia,-1.44105,149.624,true,
map-mussau-emira,muss1246,emi,Mussau-Emira,,Austronesian,Papunesia,-1.44105,149.624,true,
map-mutu,mutu1242,tuc,Mutu,,Austronesian,Papunesia,-5.79405,148.014,true,
map-muyuw,muyu1244,myw,Muyuw,,Austronesian,Papunesia,-9.195,152.731,true,
map-mwerig,mwer1250,,Mwerig,,Austronesian,Papunesia,-14.450679,168.053527,true,
map-mwotlap,motl1237,mlv,Mwotlap,,Austronesian,Papunesia,-13.655015,167.706277,true,
map-na-ahai,malf1237,mlx,Na'ahai,,Austronesian,Papunesia,-16.5499,167.509,true,
map-nabi,kuri1260,nbn,Nabi,,Austronesian,Papunesia,-2.80683,134.098,true,
map-nadrau,nadr1234,,Nadrau,,Austronesian,Papunesia,-18.0,178.33,true,
map-nadrogaa,nadr1235,,Nadrogaa,,Austronesian,Papunesia,-17.8355,177.657,true,
map-nafi,nafi1237,srf,Nafi,,Austronesian,Papunesia,-6.43306,146.815,true,
map-nafsan,sout2856,erk,Nafsan,,Austronesian,Papunesia,-17.7006,168.377,true,
map-nage,nage1237,nxe,Nage,,Austronesian,Papunesia,-8.70513,121.31,true,
map-nahavaq,sout2857,sns,Nahavaq,,Austronesian,Papunesia,-16.5116,167.477,true,
map-nakanai,naka1262,nak,Nakanai,,Austronesian,Papunesia,-5.59931,150.888,true,
map-nali,nali1245,nss,Nali,,Austronesian,Papunesia,-2.14273,147.202,true,
map-nalik,nali1244,nal,Nalik,,Austronesian,Papunesia,-2.94411,151.332,true,
map-nalogo,nalo1235,nlz,Nalögo,,Austronesian,Papunesia,-10.8,165.8,true,
map-namakura,nama1268,nmk,Namakura,,Austronesian,Papunesia,-16.8979,168.569,true,
map-naman,litz1237,lzl,Naman,,Austronesian,Papunesia,-16.1331,167.415,true,
map-namosi-naitasiri-serua,namo1248,bwb,Namosi-Naitasiri-Serua,,Austronesian,Papunesia,-18.5308,177.637,true,
map-nanaya,nana1258,,Nanaya,,Austronesian,Papunesia,-5.91639,146.859,true,
map-nanggu,nang1262,ngr,Nanggu,,Austronesian,Papunesia,-10.7441,165.887,true,
map-napu,napu1241,npy,Napu,,Austronesian,Papunesia,-1.43707,120.338,true,
map-narango,nara1263,nrg,Narango,,Austronesian,Papunesia,-15.5259,167.047,true,
map-narom,naro1251,nrm,Narom,,Austronesian,Papunesia,4.42115,114.011,true,
map-narovorovo,naro1250,,Narovorovo,,Austronesian,Papunesia,-15.2574,168.159,true,
map-nasal,nasa1239,nsy,Nasal,,Austronesian,Papunesia,-4.8652,103.5719,true,
map-nasarian,nasa1240,nvh,Nasarian,,Austronesian,Papunesia,-16.3497,167.414,true,
map-nasawa,nasa1241,,Nasawa,,Austronesian,Papunesia,-15.2574,168.159,true,
map-nasvang,nasv1234,,Nasvang,,Austronesian,Papunesia,-16.458173,167.639563,true,
map-nati,nati1244,,Nati,,Austronesian,Papunesia,-16.468709,167.496054,true,
map-natugu,natu1246,ntu,Natügu,,Austronesian,Papunesia,-10.6771,165.835,true,
map-naturalis,natu1247,,Naturalis,,Austronesian,Papunesia,8.9815,126.186,true,
map-nauete,naue1237,nxa,Nauete,,Austronesian,Papunesia,-8.70733,126.741,true,
map-nauna,naun1237,ncn,Nauna,,Austronesian,Papunesia,-2.21213,148.201,true,
map-nauru,naur1243,nau,Nauru,,Austronesian,Papunesia,-0.52957,166.922,true,
map-navut,navu1237,nsw,Navut,,Austronesian,Papunesia,-15.3169,166.798,true,
map-navwien,navw1234,,Navwien,,Austronesian,Papunesia,-16.502947,167.554419,true,
map-ndi-solomon-islands,ndii1241,,Ndi (Solomon Islands),,Austronesian,Papunesia,-9.4791,159.917,true,
map-negeri-sembilan-malay,nege1240,zmi,Negeri Sembilan Malay,,Austronesian,Eurasia,2.66503,102.291,true,
map-nehan,neha1247,nsn,Nehan,,Austronesian,Papunesia,-4.56875,154.2,true,
map-neku,neku1237,nek,Neku,,Austronesian,Papunesia,-21.6524,165.578,true,
map-nelemwa-nixumwak,kuma1276,nee,Nêlêmwa-Nixumwak,,Austronesian,Papunesia,-20.4035,164.193,true,
map-nemi,nemi1240,nem,Nemi,,Austronesian,Papunesia,-20.6791,164.797,true,
map-nenema,nene1250,,Nenema,,Austronesian,Papunesia,-20.4035,164.193,true,
map-nengone,neng1238,nen,Nengone,,Austronesian,Papunesia,-21.5305,167.964,true,
map-nese,nese1235,,Nese,,Austronesian,Papunesia,-15.952608,167.222769,true,
map-nethalp,lore1244,lnn,Nethalp,,Austronesian,Papunesia,-15.334763,167.166325,true,
map-neve-ei,vinm1237,vnm,Neve'ei,,Austronesian,Papunesia,-16.2253,167.427,true,
map-neverver,ling1265,lgk,Neverver,,Austronesian,Papunesia,-16.1986,167.499,true,
map-ngad-a,ngad1261,nxg,Ngad'a,,Austronesian,Papunesia,-8.79508,120.976,true,
map-ngaju,ngaj1237,nij,Ngaju,,Austronesian,Papunesia,-1.58463,112.794,true,
map-ngen,shar1244,ssv,Ngen,,Austronesian,Papunesia,-15.255284,167.138859,true,
map-nginia,ngin1246,,Nginia,,Austronesian,Papunesia,-9.4791,159.917,true,
map-ngorek,ngor1244,,Ngorek,,Austronesian,Papunesia,3.7519,114.434,true,
map-nguluwan,ngul1236,nuw,Nguluwan,,Austronesian,Papunesia,8.45,137.34,true,
map-nguna,ngun1274,,Nguna,,Austronesian,Papunesia,-17.5774,168.375,true,
map-nias,nias1242,nia,Nias,,Austronesian,Papunesia,0.90691,97.4961,true,
map-nibong,nibo1237,,Nibong,,Austronesian,Papunesia,3.4667,114.523,true,
map-nila,nila1244,nil,Nila,,Austronesian,Papunesia,-6.734956,129.512131,true,
map-nimoa,nimo1246,nmw,Nimoa,,Austronesian,Papunesia,-11.2297,153.158,true,
map-ninde,labo1244,mwi,Ninde,,Austronesian,Papunesia,-16.4291,167.442,true,
map-nisvai,nisv1234,,Nisvai,,Austronesian,Papunesia,-16.41306,167.785556,true,
map-nitita,niti1249,,Nitita,,Austronesian,Papunesia,-16.2,167.46,true,
map-niuafo-ou,niua1240,num,Niuafo'ou,,Austronesian,Papunesia,-15.6014,-175.64,true,
map-niuean,niue1239,niu,Niuean,,Austronesian,Papunesia,-19.06,-169.86,true,
map-niwer-mil,niwe1234,hrc,Niwer Mil,,Austronesian,Papunesia,-3.47,153.2,true,
map-nkep,hogh1234,,Nkep,,Austronesian,Papunesia,-15.0757,167.051,true,
map-nokuku,noku1237,nkk,Nokuku,,Austronesian,Papunesia,-14.8974,166.603,true,
map-north-ambrym,nort2839,mmg,North Ambrym,,Austronesian,Papunesia,-16.1741,168.14,true,
map-north-and-central-vanuatu,nort3195,,North and Central Vanuatu,,Austronesian,,,,false,
map-north-babar,nort2860,bcd,North Babar,,Austronesian,Papunesia,-7.84311,129.743,true,
map-north-bunun,nort2902,,North Bunun,,Austronesian,Papunesia,23.4116,121.025,true,
map-north-efate,nort2836,llp,North Efate,,Austronesian,Papunesia,-17.5774,168.375,true,
map-north-marquesan,nort2845,mrq,North Marquesan,,Austronesian,Papunesia,-8.89412,-140.108,true,
map-north-moluccan-malay,nort2828,max,North Moluccan Malay,,Austronesian,Papunesia,-0.86437,128.323,true,
map-north-nuaulu,nort2867,nni,North Nuaulu,,Austronesian,Papunesia,-2.93154,129.277,true,
map-north-papuan-mainland-d-entrecasteaux-linkage,nort2848,,North Papuan Mainland-D'Entrecasteaux linkage,,Austronesian,,,,false,
map-north-sarawakan,nort3171,,North Sarawakan,,Austronesian,,,,false,
map-north-tanna,nort2847,tnn,North Tanna,,Austronesian,Papunesia,-19.3733,169.303,true,
map-north-tuvaluan,nort2844,,North Tuvaluan,,Austronesian,Papunesia,-8.520813,179.198088,true,
map-north-watut,nort2857,una,North Watut,,Austronesian,Papunesia,-6.64084,146.218,true,
map-northern-alta,nort2875,aqn,Northern Alta,,Austronesian,Papunesia,15.6913,121.454,true,
map-northern-amis,nata1254,ais,Northern Amis,,Austronesian,Papunesia,23.9386,121.59,true,
map-northern-betsimisaraka-malagasy,nort2890,bmm,Northern Betsimisaraka Malagasy,,Austronesian,Africa,-19.9184,48.812,true,
map-northern-catanduanes-bicolano,nort2883,cts,Northern Catanduanes Bicolano,,Austronesian,Papunesia,13.9032,124.27,true,
map-northern-kankanay,nort2877,xnn,Northern Kankanay,,Austronesian,Papunesia,17.1057,120.786,true,
map-northern-roglai,nort2994,rog,Northern Roglai,,Austronesian,Eurasia,12.1967,108.849,true,
map-northern-subanen,nort2885,stb,Northern Subanen,,Austronesian,Papunesia,8.5232,123.588,true,
map-northern-tidung,nort3262,ntd,Northern Tidung,,Austronesian,Papunesia,5.8606,117.5455,true,
map-northwest-mekeo,nort2851,,Northwest Mekeo,,Austronesian,Papunesia,-8.23853,146.586,true,
map-notsi,nots1237,ncf,Notsi,,Austronesian,Papunesia,-3.0557,151.661,true,
map-nuclear-palawan,nucl1738,,Nuclear Palawan,,Austronesian,,,,false,
map-nuku-hiva,nuku1261,,Nuku Hiva,,Austronesian,Papunesia,-8.89412,-140.108,true,
map-nukumanu,nuku1258,nuq,Nukumanu,,Austronesian,Papunesia,-4.576321,159.48537,true,
map-nukuoro,nuku1260,nkr,Nukuoro,,Austronesian,Papunesia,3.84,154.975,true,
map-nukuria,nuku1259,nur,Nukuria,,Austronesian,Papunesia,-3.40038,154.731,true,
map-numbami,numb1247,sij,Numbami,,Austronesian,Papunesia,-7.52806,147.298,true,
map-nume,nume1241,tgs,Nume,,Austronesian,Papunesia,-14.230149,167.593474,true,
map-numee,nume1242,kdk,Numee,,Austronesian,Papunesia,-22.2689,166.705,true,
map-nusa-laut,nusa1245,nul,Nusa Laut,,Austronesian,Papunesia,-3.67727,128.776,true,
map-nyindrou,nyin1250,lid,Nyindrou,,Austronesian,Papunesia,-2.1143,146.627,true,
map-obo-manobo,obom1235,obo,Obo Manobo,,Austronesian,Papunesia,7.29141,125.09,true,
map-oceanic,ocea1241,,Oceanic,,Austronesian,,,,false,
map-okolod,okol1241,kqv,Okolod,,Austronesian,Papunesia,4.53989,115.753,true,
map-old-sundanese,sund1255,osn,Old Sundanese,,Austronesian,Papunesia,-7.1,108.3,true,
map-olrat,olra1234,olr,Olrat,,Austronesian,Papunesia,-14.313,167.433,true,
map-onin,onin1245,oni,Onin,,Austronesian,Papunesia,-2.75976,132.062,true,
map-onya-darat,sema1269,sdm,Onya Darat,,Austronesian,Papunesia,-0.75188,110.527,true,
map-orkon-fanbak,orko1234,fnb,Orkon-Fanbak,,Austronesian,Papunesia,-16.210501,168.212109,true,
map-ormu,ormu1248,orz,Ormu,,Austronesian,Papunesia,-2.51361,140.6015,true,
map-oroha,oroh1237,ora,Oroha,,Austronesian,Papunesia,-9.7386,161.513,true,
map-orowe,orow1242,bpk,Orowe,,Austronesian,Papunesia,-21.6269,165.473,true,
map-osing,osin1237,osi,Osing,,Austronesian,Papunesia,-8.25262,114.292,true,
map-ot-danum,otda1235,otd,Ot Danum,,Austronesian,Papunesia,-0.3955,113.469,true,
map-ouma,ouma1237,oum,Ouma,,Austronesian,Papunesia,-10.2288,149.101,true,
map-owa,owaa1237,stn,Owa,,Austronesian,Papunesia,-10.82553,162.30467,true,
map-oya-oya,oyao1237,oyy,Oya'oya,,Austronesian,Papunesia,-10.5392,150.658,true,
map-paama,paam1238,pma,Paama,,Austronesian,Papunesia,-16.47548,168.23693,true,
map-padoe,pado1242,pdo,Padoe,,Austronesian,Papunesia,-2.60642,121.236,true,
map-paici,paic1239,pri,Paicî,,Austronesian,Papunesia,-21.096,165.15,true,
map-paiwan,paiw1248,pwn,Paiwan,,Austronesian,Papunesia,22.3271,120.806,true,
map-pak-tong,pakt1239,pkg,Pak-Tong,,Austronesian,Papunesia,-2.05269,147.767,true,
map-pak-vatrata,pakk1241,,Pak (Vatrata),,Austronesian,Papunesia,-13.892528,167.428701,true,
map-paku,paku1239,pku,Paku,,Austronesian,Papunesia,-1.9063,115.087,true,
map-pala,pala1343,,Pala,,Austronesian,Papunesia,-3.74711,152.493,true,
map-palauan,pala1344,pau,Palauan,,Austronesian,Papunesia,7.34138,134.476678,true,
map-palawanic,pala1354,,Palawanic,,Austronesian,,,,false,
map-palu-e,palu1252,ple,Palu'e,,Austronesian,Papunesia,-8.32877,121.718,true,
map-paluai,balu1257,blq,Paluai,,Austronesian,Papunesia,-2.5604,147.282,true,
map-paluan,palu1253,plz,Paluan,,Austronesian,Papunesia,5.02715,116.346,true,
map-pamona,pamo1252,pmf,Pamona,,Austronesian,Papunesia,-1.62663,121.268,true,
map-pampanga,pamp1243,pam,Pampanga,,Austronesian,Papunesia,14.9603,120.502,true,
map-pamplona-atta,pamp1244,att,Pamplona Atta,,Austronesian,Papunesia,18.4738,121.3,true,
map-panasuan,pana1303,psn,Panasuan,,Austronesian,Papunesia,-2.24049,119.65,true,
map-pancana,panc1247,pnp,Pancana,,Austronesian,Papunesia,-5.29587,122.968,true,
map-pangasinan,pang1290,pag,Pangasinan,,Austronesian,Papunesia,15.9377,120.365,true,
map-pangutaran-sama,pang1291,slm,Pangutaran Sama,,Austronesian,Papunesia,6.27167,120.536,true,
map-papapana,papa1265,ppn,Papapana,,Austronesian,Papunesia,-5.92283,155.289,true,
map-papar,papa1268,dpp,Papar,,Austronesian,Papunesia,5.57378,115.58,true,
map-papitalai,papi1254,pat,Papitalai,,Austronesian,Papunesia,-2.06222,147.417,true,
map-papora-hoanya,papo1239,ppu,Papora-Hoanya,,Austronesian,Papunesia,24.324,120.577,true,
map-papuan-malay,papu1250,pmy,Papuan Malay,,Austronesian,Papunesia,-2.53482,139.651,true,
map-papuan-tip-linkage,papu1253,,Papuan Tip linkage,,Austronesian,,,,false,
map-papuma,papu1251,ppm,Papuma,,Austronesian,Papunesia,-1.77301,135.907,true,
map-paripao,pari1257,,Paripao,,Austronesian,Papunesia,-9.56425,160.42,true,
map-pasir,pasi1257,,Pasir,,Austronesian,Papunesia,-1.80261,115.876,true,
map-patep,pate1247,ptp,Patep,,Austronesian,Papunesia,-6.91988,146.639,true,
map-patpatar,patp1243,gfk,Patpatar,,Austronesian,Papunesia,-3.74711,152.493,true,
map-paulohi,paul1238,plh,Paulohi,,Austronesian,Papunesia,-3.25404,128.779,true,
map-pazeh-kahabu,kulo1237,pzh,Pazeh-Kahabu,,Austronesian,Papunesia,23.7562,120.976,true,
map-penan-silat,pena1268,,Penan Silat,,Austronesian,Papunesia,3.4667,114.523,true,
map-penchal,penc1239,pek,Penchal,,Austronesian,Papunesia,-2.29891,147.81,true,
map-pendau,pend1242,ums,Pendau,,Austronesian,Papunesia,-0.11396,119.862,true,
map-perai,pera1257,wet,Perai,,Austronesian,Papunesia,-7.62349,126.576,true,
map-peranakan-indonesian,pera1256,pea,Peranakan Indonesian,,Austronesian,Papunesia,-7.982,112.619,true,
map-peripheral-lembata,lama1278,lmr,Peripheral Lembata,,Austronesian,Papunesia,-8.53225,123.442,true,
map-petats,peta1245,pex,Petats,,Austronesian,Papunesia,-5.34068,154.593,true,
map-peterara,pete1237,,Peterara,,Austronesian,Papunesia,-15.0784,168.135,true,
map-piamatsina,piam1242,ptr,Piamatsina,,Austronesian,Papunesia,-14.9959,166.738,true,
map-pije,pije1237,piz,Pije,,Austronesian,Papunesia,-20.7824,164.942,true,
map-pinan,pina1251,,Pinan,,Austronesian,Papunesia,22.643,120.996,true,
map-pingelapese,ping1243,pif,Pingelapese,,Austronesian,Papunesia,6.20743,160.711,true,
map-piu,piuu1237,pix,Piu,,Austronesian,Papunesia,-6.96694,146.455,true,
map-plateau-malagasy,plat1254,plt,Plateau Malagasy,,Austronesian,Africa,-19.5907,47.1211,true,
map-pohnpeian,pohn1238,pon,Pohnpeian,,Austronesian,Papunesia,6.87212,158.223,true,
map-poleo,pole1240,,Poleo,,Austronesian,Papunesia,-9.76764,160.231,true,
map-polonombauk,polo1242,plb,Polonombauk,,Austronesian,Papunesia,-15.4653,167.09,true,
map-polynesian,poly1242,,Polynesian,,Austronesian,,,,false,
map-pom,pomm1237,pmo,Pom,,Austronesian,Papunesia,-1.64224,135.619,true,
map-ponam,pona1250,ncc,Ponam,,Austronesian,Papunesia,-1.91705,146.887,true,
map-ponapeic,pona1248,,Ponapeic,,Austronesian,,,,false,
map-ponosakan,pono1240,pns,Ponosakan,,Austronesian,Papunesia,0.91716,124.712,true,
map-port-sandwich,port1285,psw,Port Sandwich,,Austronesian,Papunesia,-16.4952,167.78,true,
map-proto-nakanai,naka1266,,Proto-Nakanai,,Austronesian,,,,false,
map-pukapuka,puka1242,pkp,Pukapuka,,Austronesian,Papunesia,-10.91,-165.83,true,
map-pulo-anna,pulo1240,,Pulo Anna,,Austronesian,Papunesia,5.328596,132.221282,true,
map-puluwatese,pulu1242,puw,Puluwatese,,Austronesian,Papunesia,7.35695,149.2005,true,
map-punan-aput,puna1267,pud,Punan Aput,,Austronesian,Papunesia,1.38035,116.089,true,
map-punan-bah,puna1276,,Punan Bah,,Austronesian,Papunesia,2.27377,113.156,true,
map-punan-bah-biau,puna1275,pna,Punan Bah-Biau,,Austronesian,Papunesia,2.27377,113.156,true,
map-punan-tubu,puna1266,puj,Punan Tubu,,Austronesian,Papunesia,2.86972,116.26,true,
map-puyuma,puyu1239,pyu,Puyuma,,Austronesian,Papunesia,22.643,120.996,true,
map-pwaamei,pwaa1237,pme,Pwaamei,,Austronesian,Papunesia,-20.8442,164.77,true,
map-pwapwa,pwap1237,pop,Pwapwa,,Austronesian,Papunesia,-20.8133,164.556,true,
map-rade,rade1240,rad,Rade,,Austronesian,Eurasia,12.979,108.41,true,
map-rahambuu,raha1237,raz,Rahambuu,,Austronesian,Papunesia,-3.24627,121.059,true,
map-raivavae,raiv1237,,Raivavae,,Austronesian,Papunesia,-23.86742,-147.6551,true,
map-rakahanga-manihiki,raka1237,rkh,Rakahanga-Manihiki,,Austronesian,Papunesia,-10.03,-161.09,true,
map-raluana,ralu1237,,Raluana,,Austronesian,Papunesia,-4.30986,152.114,true,
map-ramoaaina,ramo1244,rai,Ramoaaina,,Austronesian,Papunesia,-4.17306,152.451,true,
map-rampi,ramp1243,lje,Rampi,,Austronesian,Papunesia,-2.1399,120.356,true,
map-rapanui,rapa1244,rap,Rapanui,,Austronesian,Papunesia,-27.113,-109.342,true,
map-rara-bakati,rara1235,lra,Rara Bakati',,Austronesian,Papunesia,1.27026,109.539,true,
map-ratagnon,rata1245,btn,Ratagnon,,Austronesian,Papunesia,12.2785,121.187,true,
map-ratahan,rata1244,rth,Ratahan,,Austronesian,Papunesia,1.07592,124.858,true,
map-ratak,rata1243,,Ratak,,Austronesian,Papunesia,8.72,167.73,true,
map-rawo-bauro,rawo1242,,Rawo (Bauro),,Austronesian,Papunesia,-10.5826,161.863,true,
map-rejang,reja1240,rej,Rejang,,Austronesian,Papunesia,-3.33056,102.434,true,
map-rejang-kayan,reja1241,ree,Rejang Kayan,,Austronesian,Papunesia,2.71903,114.169,true,
map-rembong-wangka,remb1250,reb,Rembong-Wangka,,Austronesian,Papunesia,-8.53361,120.973,true,
map-rennell-bellona,renn1242,mnv,Rennell-Bellona,,Austronesian,Papunesia,-11.6237,160.265,true,
map-repanbitip,repa1237,rpn,Repanbitip,,Austronesian,Papunesia,-16.3265,167.619,true,
map-rerep,rere1240,pgk,Rerep,,Austronesian,Papunesia,-16.2934,167.651,true,
map-ribun,ribu1241,rir,Ribun,,Austronesian,Papunesia,0.32189,110.207,true,
map-rihu-a,rihu1237,,Rihu'a,,Austronesian,Papunesia,-10.4479,161.662,true,
map-ririo,riri1237,rri,Ririo,,Austronesian,Papunesia,-6.88927,156.92,true,
map-riuk-bekati,beka1241,bei,Riuk Bekati',,Austronesian,Papunesia,1.3307,109.576,true,
map-riung,riun1237,riu,Riung,,Austronesian,Papunesia,-8.60342,121.122,true,
map-roma,roma1332,rmm,Roma,,Austronesian,Papunesia,-7.58643,127.428,true,
map-romblomanon,romb1245,rol,Romblomanon,,Austronesian,Papunesia,12.4047,122.56,true,
map-rongga,rong1269,ror,Rongga,,Austronesian,Papunesia,-8.84604,120.702,true,
map-ronji,ronj1237,roe,Ronji,,Austronesian,Papunesia,-5.80782,146.731,true,
map-roon,roon1237,rnn,Roon,,Austronesian,Papunesia,-2.43005,134.556,true,
map-rotuman,rotu1241,rtm,Rotuman,,Austronesian,Papunesia,-12.5008,177.066,true,
map-roviana,rovi1238,rug,Roviana,,Austronesian,Papunesia,-8.20493,157.408,true,
map-rukai,ruka1240,dru,Rukai,,Austronesian,Papunesia,22.7738,120.844,true,
map-rungus,rung1259,drg,Rungus,,Austronesian,Papunesia,6.83989,116.743,true,
map-rurutu,ruru1237,,Rurutu,,Austronesian,Papunesia,-23.3843,-149.462,true,
map-sa,saaa1241,sax,Sa,,Austronesian,Papunesia,-15.9534,168.228,true,
map-sa-a,saaa1240,apb,Sa'a,,Austronesian,Papunesia,-9.60258,161.467,true,
map-sa-ban,saba1265,snv,Sa'ban,,Austronesian,Papunesia,3.58723,115.664,true,
map-saaroa,saar1237,sxr,Saaroa,,Austronesian,Papunesia,23.2632,120.711,true,
map-sabah-bisaya,saba1267,bsy,Sabah Bisaya,,Austronesian,Papunesia,5.30433,115.512,true,
map-saisiyat,sais1237,xsy,Saisiyat,,Austronesian,Papunesia,24.6043,121.067,true,
map-sakao,port1296,,Sakao,,Austronesian,Papunesia,-15.0757,167.051,true,
map-sakizaya,saki1247,szy,Sakizaya,,Austronesian,Papunesia,24.026316,121.531394,true,
map-saleman,sale1244,sau,Saleman,,Austronesian,Papunesia,-2.82548,129.427,true,
map-saliba,sali1295,sbe,Saliba,,Austronesian,Papunesia,-10.6148,150.727,true,
map-saluan,salu1253,loe,Saluan,,Austronesian,Papunesia,-0.873,122.746,true,
map-sama-bajaw,sama1302,,Sama-Bajaw,,Austronesian,,,,false,
map-samoan,samo1305,smo,Samoan,,Austronesian,Papunesia,-13.92,-171.83,true,
map-sanggau,sang1339,scg,Sanggau,,Austronesian,Papunesia,-0.13152,110.404,true,
map-sangil,sang1337,snl,Sangil,,Austronesian,Papunesia,5.40229,125.378,true,
map-sangir,sang1336,sxn,Sangir,,Austronesian,Papunesia,3.50554,125.56523,true,
map-sangiric,sang1335,,Sangiric,,Austronesian,,,,false,
map-santa-ana-solomon-islands,sant1414,,Santa Ana (Solomon Islands),,Austronesian,Papunesia,-10.82553,162.30467,true,
map-santa-catalina,sant1413,,Santa Catalina,,Austronesian,Papunesia,-10.82553,162.30467,true,
map-saparua,sapa1251,spr,Saparua,,Austronesian,Papunesia,-3.58314,128.639,true,
map-saposa,sapo1253,sps,Saposa,,Austronesian,Papunesia,-5.64103,154.732,true,
map-sapwuahfik,sapw1237,,Sapwuahfik,,Austronesian,Papunesia,5.78928,157.15965,true,
map-sara-bakati,sara1329,sre,Sara Bakati',,Austronesian,Papunesia,1.20403,109.6155,true,
map-sarangani-blaan,sara1326,bps,Sarangani Blaan,,Austronesian,Papunesia,6.03691,125.354,true,
map-sarangani-manobo,sara1327,mbs,Sarangani Manobo,,Austronesian,Papunesia,5.84903,125.499,true,
map-sarasira,sara1323,zsa,Sarasira,,Austronesian,Papunesia,-6.18,146.4,true,
map-saroa,saro1238,,Saroa,,Austronesian,Papunesia,-9.79791,147.861,true,
map-sarudu,saru1242,sdu,Sarudu,,Austronesian,Papunesia,-1.7094,119.349,true,
map-sasak,sasa1249,sas,Sasak,,Austronesian,Papunesia,-8.58349,116.284,true,
map-satawalese,sata1237,stw,Satawalese,,Austronesian,Papunesia,7.36084,147.038,true,
map-sawai,sawa1247,szw,Sawai,,Austronesian,Papunesia,0.51111,128.086,true,
map-seberuang,sebe1242,sbx,Seberuang,,Austronesian,Papunesia,-0.02463,111.212,true,
map-sebop,sebo1238,sib,Sebop,,Austronesian,Papunesia,3.42701,114.178,true,
map-sebuyau,sebu1243,snb,Sebuyau,,Austronesian,Papunesia,1.42104,110.48,true,
map-sedoa,sedo1237,tvw,Sedoa,,Austronesian,Papunesia,-1.37295,120.378,true,
map-seediq,taro1264,trv,Seediq,,Austronesian,Papunesia,23.9032,121.358,true,
map-segah,sega1244,,Segah,,Austronesian,Papunesia,1.97695,116.954,true,
map-segai,sega1243,sge,Segai,,Austronesian,Papunesia,1.97695,116.954,true,
map-seimat,seim1238,ssg,Seimat,,Austronesian,Papunesia,-1.2666667,144.25,true,
map-seit-kaitetu,seit1239,hik,Seit-Kaitetu,,Austronesian,Papunesia,-3.6111,128.068,true,
map-sekapan,seka1248,skp,Sekapan,,Austronesian,Papunesia,2.47567,113.562,true,
map-sekar,seka1247,skz,Sekar,,Austronesian,Papunesia,-2.65849,132.469,true,
map-seke-vanuatu,seke1241,ske,Seke (Vanuatu),,Austronesian,Papunesia,-15.8839,168.197,true,
map-seko,seko1241,,Seko,,Austronesian,,,,false,
map-seko-padang,seko1243,skx,Seko Padang,,Austronesian,Papunesia,-2.14311,119.959,true,
map-seko-tengah,seko1242,sko,Seko Tengah,,Austronesian,Papunesia,-2.22069,119.823,true,
map-selaru,sela1259,slu,Selaru,,Austronesian,Papunesia,-8.18376,130.961,true,
map-selayar,sela1260,sly,Selayar,,Austronesian,Papunesia,-6.10145,120.496,true,
map-sembakung-murut,semb1240,sbr,Sembakung Murut,,Austronesian,Papunesia,4.22102,116.799,true,
map-semirara,semi1263,,Semirara,,Austronesian,Papunesia,12.0489,121.384,true,
map-sengan,seng1280,,Sengan,,Austronesian,Papunesia,-7.22281,157.149,true,
map-sengseng,seng1281,ssz,Sengseng,,Austronesian,Papunesia,-6.16474,149.784,true,
map-sepa-indonesia,sepa1242,spb,Sepa (Indonesia),,Austronesian,Papunesia,-3.36682,129.243,true,
map-sepa-papua-new-guinea,sepa1241,spe,Sepa (Papua New Guinea),,Austronesian,Papunesia,-4.27,144.965,true,
map-seputan,sepu1237,,Seputan,,Austronesian,Papunesia,0.87404,114.127,true,
map-sera,sera1260,sry,Sera,,Austronesian,Papunesia,-2.9854,141.951,true,
map-serili,seri1255,sve,Serili,,Austronesian,Papunesia,-8.11241,129.901,true,
map-serua,seru1245,srw,Serua,,Austronesian,Papunesia,-6.31107,130.017294,true,
map-serudung-murut,seru1246,srk,Serudung Murut,,Austronesian,Papunesia,4.39954,117.279,true,
map-serui-laut,seru1244,seu,Serui-Laut,,Austronesian,Papunesia,-1.87766,136.252,true,
map-sesake,sesa1243,,Sesake,,Austronesian,Papunesia,-17.5774,168.375,true,
map-sesivi,sesi1237,,Sesivi,,Austronesian,Papunesia,-16.2696,168.013,true,
map-sewa-bay,sewa1251,sew,Sewa Bay,,Austronesian,Papunesia,-10.0277,150.956,true,
map-siang,sian1254,sya,Siang,,Austronesian,Papunesia,-0.38398,114.693,true,
map-siar-lak,siar1238,sjr,Siar-Lak,,Austronesian,Papunesia,-4.62059,152.892,true,
map-sie,siee1239,erg,Sie,,Austronesian,Papunesia,-18.8181,169.166,true,
map-sihan,sian1255,spg,Sihan,,Austronesian,Papunesia,2.66154,113.843,true,
map-sihanaka,siha1244,,Sihanaka,,Austronesian,Africa,-19.5907,47.1211,true,
map-sika,sika1262,ski,Sika,,Austronesian,Papunesia,-8.67302,122.38,true,
map-sikaiana,sika1261,sky,Sikaiana,,Austronesian,Papunesia,-8.37701,162.72522,true,
map-sikule,siku1242,skh,Sikule,,Austronesian,Papunesia,2.69113,95.9636,true,
map-simbo,simb1256,sbb,Simbo,,Austronesian,Papunesia,-8.26947,156.541,true,
map-simeulue,sime1241,smr,Simeulue,,Austronesian,Papunesia,2.50288,96.2757,true,
map-sinaugoro,sina1266,snc,Sinaugoro,,Austronesian,Papunesia,-9.79791,147.861,true,
map-singorokai,sing1268,,Singorokai,,Austronesian,Papunesia,-5.9401,147.058,true,
map-sio,sioo1240,xsi,Sio,,Austronesian,Papunesia,-5.96037,147.353,true,
map-sirayaic,sira1267,fos,Sirayaic,,Austronesian,Papunesia,22.9777,120.315,true,
map-sisiqa,sisi1250,,Sisiqa,,Austronesian,Papunesia,-7.0,156.83,true,
map-sissano,siss1243,sso,Sissano,,Austronesian,Papunesia,-3.01976,142.049,true,
map-siviti-njav-jericho,nort3230,,Siviti (Njav): Jericho,,Austronesian,Papunesia,,,false,
map-sobei,sobe1238,sob,Sobei,,Austronesian,Papunesia,-1.86998,138.75,true,
map-solong,solo1258,aaw,Solong,,Austronesian,Papunesia,-5.86129,148.825,true,
map-solos,solo1257,sol,Solos,,Austronesian,Papunesia,-5.41042,154.624,true,
map-sonsorol,sons1242,sov,Sonsorol,,Austronesian,Papunesia,5.328596,132.221282,true,
map-sonsorolese,sons1243,,Sonsorolese,,Austronesian,Papunesia,5.328596,132.221282,true,
map-sori-harengan,sori1242,sbh,Sori-Harengan,,Austronesian,Papunesia,-1.98384,146.642,true,
map-south-barisan-malay,cent2053,pse,South Barisan Malay,,Austronesian,Papunesia,-3.79673,103.137,true,
map-south-halmahera-west-new-guinea,sout3229,,South Halmahera-West New Guinea,,Austronesian,,,,false,
map-south-marquesan,sout2866,mqm,South Marquesan,,Austronesian,Papunesia,-9.75663,-138.979,true,
map-south-nuaulu,sout2895,nxl,South Nuaulu,,Austronesian,Papunesia,-3.23411,129.148,true,
map-south-paama,sout2858,,South Paama,,Austronesian,Papunesia,-16.47548,168.23693,true,
map-south-watut,sout2877,mcy,South Watut,,Austronesian,Papunesia,-7.03751,146.409,true,
map-southeast-ambrym,sout2859,tvk,Southeast Ambrym,,Austronesian,Papunesia,-16.2975,168.211,true,
map-southeast-babar,sout2883,vbb,Southeast Babar,,Austronesian,Papunesia,-7.94359,129.8,true,
map-southeast-viti-levu,sout2864,,Southeast Viti Levu,,Austronesian,Papunesia,-18.0,178.33,true,
map-southern-alta,sout2905,agy,Southern Alta,,Austronesian,Papunesia,15.1841,121.054,true,
map-southern-betsimisaraka-malagasy,sout2920,bzc,Southern Betsimisaraka Malagasy,,Austronesian,Africa,-22.8,47.82,true,
map-southern-cook-island-maori,raro1241,rar,Southern Cook Island Maori,,Austronesian,Papunesia,-21.23,-159.78,true,
map-southern-land-dayak,sout2922,,Southern Land Dayak,,Austronesian,,,,false,
map-southern-sama,sout2918,ssb,Southern Sama,,Austronesian,Papunesia,4.755836,119.483887,true,
map-southern-tidung,sout3241,itd,Southern Tidung,,Austronesian,Papunesia,4.0,117.75,true,
map-southern-vanuatu,sout2868,,Southern Vanuatu,,Austronesian,,,,false,
map-southwest-palawano,sout2916,plv,Southwest Palawano,,Austronesian,Papunesia,8.67624,117.36,true,
map-southwest-tanna,sout2869,nwi,Southwest Tanna,,Austronesian,Papunesia,-19.57953,169.35603,true,
map-sowa,sowa1244,sww,Sowa,,Austronesian,Papunesia,-15.82653,168.18653,true,
map-squliq,sqol1237,,Squliq,,Austronesian,Papunesia,24.5209,121.388,true,
map-standard-indonesian,indo1316,ind,Standard Indonesian,,Austronesian,Papunesia,-7.33458,109.716,true,
map-standard-malay,stan1306,zsm,Standard Malay,,Austronesian,Eurasia,3.08896,101.699,true,
map-standard-malay-indonesian,stan1327,,Standard Malay-Indonesian,,Austronesian,,,,false,
map-suau,suau1242,swp,Suau,,Austronesian,Papunesia,-10.6606,150.21,true,
map-suauic,suau1243,,Suauic,,Austronesian,,,,false,
map-subanen,suba1253,,Subanen,,Austronesian,,,,false,
map-sudest,sude1239,tgo,Sudest,,Austronesian,Papunesia,-11.5229,153.488,true,
map-sugut-dusun,sugu1243,kzs,Sugut Dusun,,Austronesian,Papunesia,6.14235,117.176,true,
map-sukurum,suku1264,zsu,Sukurum,,Austronesian,Papunesia,-6.28,146.34187,true,
map-sula,sula1248,szn,Sula,,Austronesian,Papunesia,-2.30765,125.9656,true,
map-sulod,sulo1237,srg,Sulod,,Austronesian,Papunesia,11.2473,122.551,true,
map-sumba-hawu,sumb1242,,Sumba-Hawu,,Austronesian,,,,false,
map-sumbawa,sumb1241,smw,Sumbawa,,Austronesian,Papunesia,-8.71919,117.472,true,
map-sundanese,sund1252,sun,Sundanese,,Austronesian,Papunesia,-6.89708,107.106,true,
map-sunwadia,mari1426,mrb,Sunwadia,,Austronesian,Papunesia,-14.970047,168.057941,true,
map-surigaonon,suri1273,sgd,Surigaonon,,Austronesian,Papunesia,9.0,126.0,true,
map-sursurunga,surs1246,sgz,Sursurunga,,Austronesian,Papunesia,-3.99078,152.768,true,
map-suru-rabwanga-mwerani,suru1259,,Suru Rabwanga-Mwerani,,Austronesian,Papunesia,-15.8559,168.189,true,
map-suwawa,suwa1241,swu,Suwawa,,Austronesian,Papunesia,0.4907,123.362,true,
map-tabalar-talisayan,duma1254,,Tabalar-Talisayan,,Austronesian,Papunesia,1.41405,117.942,true,
map-tado-lindu,lind1248,klw,Tado-Lindu,,Austronesian,Papunesia,-1.35748,120.063,true,
map-tadyawan,tady1237,tdy,Tadyawan,,Austronesian,Papunesia,13.0211,121.305,true,
map-tae,taee1237,rob,Tae',,Austronesian,Papunesia,-2.58205,120.139,true,
map-tagabawa,taga1272,bgs,Tagabawa,,Austronesian,Papunesia,6.9712,125.175,true,
map-tagakaulu-kalagan,taga1268,klg,Tagakaulu Kalagan,,Austronesian,Papunesia,6.45338,125.426,true,
map-tagal-murut,taga1273,mvv,Tagal Murut,,Austronesian,Papunesia,4.42907,116.177,true,
map-tagalog,taga1270,tgl,Tagalog,,Austronesian,Papunesia,14.06,121.747,true,
map-tagbanwa,tagb1258,tbw,Tagbanwa,,Austronesian,Papunesia,9.54263,118.497,true,
map-tahitian,tahi1242,tah,Tahitian,,Austronesian,Papunesia,-17.6485,-149.45,true,
map-taje,taje1237,pee,Taje,,Austronesian,Papunesia,-0.72583,120.078,true,
map-tajio,taji1246,tdj,Tajio,,Austronesian,Papunesia,-0.31553,120.01,true,
map-takia,taki1248,tbc,Takia,,Austronesian,Papunesia,-4.69057,145.975,true,
map-takituduh,taki1253,,Takituduh,,Austronesian,Papunesia,23.4116,121.025,true,
map-takuu,taku1257,nho,Takuu,,Austronesian,Papunesia,-4.773094,157.032085,true,
map-talaandig-binukid,binu1244,bkd,Talaandig-Binukid,,Austronesian,Papunesia,8.15933,124.892,true,
map-talantang,tala1287,,Talantang,,Austronesian,Papunesia,6.14235,117.176,true,
map-talaud,tala1285,tld,Talaud,,Austronesian,Papunesia,4.11846,126.795,true,
map-taliabu,tali1262,tlv,Taliabu,,Austronesian,Papunesia,-1.79516,124.869,true,
map-talise,tali1259,tlr,Talise,,Austronesian,Papunesia,-9.76764,160.231,true,
map-talise-vanuatu,tali1260,,Talise (Vanuatu),,Austronesian,Papunesia,-15.2574,168.159,true,
map-taloki,talo1252,tlk,Taloki,,Austronesian,Papunesia,-4.6478,122.872,true,
map-talur,talu1239,ilw,Talur,,Austronesian,Papunesia,-7.88553,126.336,true,
map-tamambo,malo1243,mla,Tamambo,,Austronesian,Papunesia,-15.6835,167.16,true,
map-taman-indonesia,tama1335,tmn,Taman (Indonesia),,Austronesian,Papunesia,1.00003,112.975,true,
map-tambotalo,tamb1253,tls,Tambotalo,,Austronesian,Papunesia,-15.5004,167.139,true,
map-tambunan-dusun,tamb1254,kzt,Tambunan Dusun,,Austronesian,Papunesia,5.68284,116.373,true,
map-tami,tami1290,tmy,Tami,,Austronesian,Papunesia,-6.70017,147.732,true,
map-tampias-lobu,tamp1254,low,Tampias Lobu,,Austronesian,Papunesia,5.72467,116.789,true,
map-tanala,tana1285,,Tañala,,Austronesian,Africa,-19.5907,47.1211,true,
map-tanapag,tana1281,tpv,Tanapag,,Austronesian,Papunesia,15.237,145.757,true,
map-tandaganon,tand1258,tgn,Tandaganon,,Austronesian,Papunesia,8.9815,126.186,true,
map-tandai-nggaria,tand1254,,Tandai-Nggaria,,Austronesian,Papunesia,-9.4791,159.917,true,
map-tandia,tand1253,tni,Tandia,,Austronesian,Papunesia,-2.84228,134.532,true,
map-tandroy-malagasy,tand1256,tdx,Tandroy Malagasy,,Austronesian,Africa,-24.80155,45.9,true,
map-tanema,tane1237,tnx,Tanema,,Austronesian,Papunesia,-11.68,166.97,true,
map-tangerang,tang1384,,Tangerang,,Austronesian,Papunesia,-6.21174,107.022,true,
map-tangga,tang1348,tgg,Tangga,,Austronesian,Papunesia,-4.08824,153.611,true,
map-tanimbili,tani1255,tbe,Tanimbili,,Austronesian,Papunesia,-11.2975,166.507,true,
map-tanosy-malagasy,tano1246,txy,Tanosy Malagasy,,Austronesian,Africa,-24.9186,47.1357,true,
map-tanudan-kalinga,lowe1412,kml,Tanudan Kalinga,,Austronesian,Papunesia,17.3441,121.311,true,
map-taokas,taok1237,,Taokas,,Austronesian,Papunesia,24.0017,120.585,true,
map-tarpia,tarp1240,tpf,Tarpia,,Austronesian,Papunesia,-2.322279,140.115497,true,
map-tasiko,tasi1237,,Tasiko,,Austronesian,Papunesia,-16.7612,168.334,true,
map-tasmate,tasm1246,tmt,Tasmate,,Austronesian,Papunesia,-15.0792,166.664,true,
map-tatana,tata1257,txx,Tatana,,Austronesian,Papunesia,5.49808,115.553,true,
map-taupota,taup1242,tpa,Taupota,,Austronesian,Papunesia,-10.2275,150.373,true,
map-tausug,taus1251,tsg,Tausug,,Austronesian,Papunesia,5.12236,118.88,true,
map-taut-batu,taut1234,,Taut Batu,,Austronesian,Papunesia,8.88129,117.673091,true,
map-tawala,tawa1275,tbo,Tawala,,Austronesian,Papunesia,-10.3115,150.644,true,
map-tawoyan,tawo1243,twy,Tawoyan,,Austronesian,Papunesia,-1.30017,115.204,true,
map-tboli,tbol1240,tbl,Tboli,,Austronesian,Papunesia,6.20377,124.538,true,
map-te-un,teun1241,tve,Te'un,,Austronesian,Papunesia,-6.97086,129.143718,true,
map-teanu,tean1237,tkw,Teanu,,Austronesian,Papunesia,-11.6752,166.868,true,
map-tekedaya,teke1282,,Tekedaya,,Austronesian,Papunesia,23.9032,121.358,true,
map-tela-masbuar,tela1241,tvm,Tela-Masbuar,,Austronesian,Papunesia,-8.01195,129.687,true,
map-teluti,telu1263,tlt,Teluti,,Austronesian,Papunesia,-3.2969,129.663,true,
map-temuan,temu1239,tmw,Temuan,,Austronesian,Eurasia,2.78176,101.906,true,
map-tengger,teng1272,tes,Tengger,,Austronesian,Papunesia,-7.89069,113.037,true,
map-tenis,teni1244,tns,Tenis,,Austronesian,Papunesia,-1.65074,150.672,true,
map-teop,teop1238,tio,Teop,,Austronesian,Papunesia,-5.67474,154.971,true,
map-terebu,tere1276,trb,Terebu,,Austronesian,Papunesia,-3.68721,143.835,true,
map-termanu,term1237,twu,Termanu,,Austronesian,Papunesia,-10.7326,123.169,true,
map-tesaka-malagasy,tesa1236,tkg,Tesaka Malagasy,,Austronesian,Africa,-23.3,47.33,true,
map-tetum,tetu1245,tet,Tetum,,Austronesian,Papunesia,-9.11217,125.528,true,
map-tetun-dili,tetu1246,tdt,Tetun Dili,,Austronesian,Papunesia,-8.58405,125.583,true,
map-thao,thao1240,ssf,Thao,,Austronesian,Papunesia,23.8333,120.93,true,
map-tiale,tial1239,mnl,Tiale,,Austronesian,Papunesia,-15.2334,166.842,true,
map-tiang,tian1237,tbj,Tiang,,Austronesian,Papunesia,-2.95505,150.935,true,
map-tidung,tidu1239,,Tidung,,Austronesian,Papunesia,,,false,
map-tigak,tiga1245,tgc,Tigak,,Austronesian,Papunesia,-2.70951,150.893,true,
map-tikopia,tiko1237,tkp,Tikopia,,Austronesian,Papunesia,-12.2766,168.822,true,
map-timugon-murut,timu1262,tih,Timugon Murut,,Austronesian,Papunesia,5.1796,115.826,true,
map-tina-sambal,tina1248,xsb,Tinà Sambal,,Austronesian,Papunesia,15.5797,120.095,true,
map-tinputz,tinp1237,tpz,Tinputz,,Austronesian,Papunesia,-5.58358,154.972,true,
map-tirax,maee1241,mme,Tirax,,Austronesian,Papunesia,-15.9914,167.288,true,
map-tiri,tiri1261,,Tiri,,Austronesian,Papunesia,-21.8147,165.792,true,
map-tiri-mea,tiri1258,cir,Tiri-Mea,,Austronesian,Papunesia,-21.8147,165.792,true,
map-tiruray,tiru1241,tiy,Tiruray,,Austronesian,Papunesia,6.77321,124.127,true,
map-titan,tita1241,ttv,Titan,,Austronesian,Papunesia,-2.18168,146.888,true,
map-to-abaita,toab1237,mlu,To'abaita,,Austronesian,Papunesia,-8.39233,160.619,true,
map-toak,toak1237,,Toak,,Austronesian,Papunesia,-16.2975,168.211,true,
map-tobati,toba1266,tti,Tobati,,Austronesian,Papunesia,-2.56434,140.71,true,
map-tobian,tobi1238,tox,Tobian,,Austronesian,Papunesia,3.004528,131.171295,true,
map-tobilung,tobi1239,tgb,Tobilung,,Austronesian,Papunesia,6.56097,116.67,true,
map-tokelau,toke1240,tkl,Tokelau,,Austronesian,Papunesia,-9.227642,-171.780833,true,
map-tolaki,tola1247,lbw,Tolaki,,Austronesian,Papunesia,-4.03577,121.888,true,
map-tolo-solomon-islands,tolo1254,,Tolo (Solomon Islands),,Austronesian,Papunesia,-9.76764,160.231,true,
map-tolomako,tolo1255,tlm,Tolomako,,Austronesian,Papunesia,-15.1569,166.772,true,
map-tomadino,toma1248,tdi,Tomadino,,Austronesian,Papunesia,-2.56493,121.944,true,
map-tombonuo,tomb1244,txa,Tombonuo,,Austronesian,Papunesia,6.2892,117.322,true,
map-tombulu,tomb1243,tom,Tombulu,,Austronesian,Papunesia,1.39715,124.754,true,
map-tomini,tomi1243,txm,Tomini,,Austronesian,Papunesia,0.42569,120.89,true,
map-tomoip,tomo1244,tqp,Tomoip,,Austronesian,Papunesia,-5.30721,151.828,true,
map-tondano,tond1251,tdn,Tondano,,Austronesian,Papunesia,1.28024,124.964,true,
map-tonga-tonga-islands,tong1325,ton,Tonga (Tonga Islands),,Austronesian,Papunesia,-21.17,-175.25,true,
map-tongariki-island,tong1322,,Tongariki Island,,Austronesian,Papunesia,-16.8979,168.569,true,
map-tonsawang,tons1239,tnw,Tonsawang,,Austronesian,Papunesia,1.0539,124.652,true,
map-tonsea,tons1240,txs,Tonsea,,Austronesian,Papunesia,1.51393,125.052,true,
map-tontemboan,tont1239,tnt,Tontemboan,,Austronesian,Papunesia,1.24813,124.654,true,
map-topoiyo,topo1243,toy,Topoiyo,,Austronesian,Papunesia,-2.06702,119.314,true,
map-toraja-sa-dan,tora1261,sda,Toraja-Sa'dan,,Austronesian,Papunesia,-2.97144,119.829,true,
map-torau,tora1259,ttu,Torau,,Austronesian,Papunesia,-6.19922,155.496,true,
map-totoli,toto1304,txe,Totoli,,Austronesian,Papunesia,1.14995,120.875,true,
map-toura-papua-new-guinea,tour1243,don,Toura (Papua New Guinea),,Austronesian,Papunesia,-9.10008,146.988,true,
map-tring,trin1273,tgq,Tring,,Austronesian,Papunesia,1.335,110.036,true,
map-tringgus-sembaan-bidayuh,trin1271,trx,Tringgus-Sembaan Bidayuh,,Austronesian,Papunesia,1.4313,109.95,true,
map-trukic,truk1243,,Trukic,,Austronesian,,,,false,
map-tsat,tsat1238,huq,Tsat,,Austronesian,Eurasia,18.3192,109.336,true,
map-tsimihety-malagasy,tsim1257,xmw,Tsimihety Malagasy,,Austronesian,Africa,-15.4294,48.8102,true,
map-tsou,tsou1248,tsu,Tsou,,Austronesian,Papunesia,23.216,120.787,true,
map-tuamotuan,tuam1242,pmt,Tuamotuan,,Austronesian,Papunesia,-16.17259,-146.321755,true,
map-tugun,tugu1245,tzn,Tugun,,Austronesian,Papunesia,-7.72555,126.7,true,
map-tukang-besi,tuka1247,,Tukang Besi,,Austronesian,,,,false,
map-tukang-besi-north,tuka1248,khc,Tukang Besi North,,Austronesian,Papunesia,-5.30994,123.578,true,
map-tukang-besi-south,tuka1249,bhq,Tukang Besi South,,Austronesian,Papunesia,-5.7478,123.948,true,
map-tukudede,tuku1254,tkd,Tukudede,,Austronesian,Papunesia,-8.6788,125.283,true,
map-tulehu,tule1244,tlu,Tulehu,,Austronesian,Papunesia,-3.57785,128.31,true,
map-tulu-bohuai,tulu1259,rak,Tulu-Bohuai,,Austronesian,Papunesia,-2.14155,146.934,true,
map-tumleo,tuml1238,tmq,Tumleo,,Austronesian,Papunesia,-3.14955,142.346,true,
map-tungag,tung1290,lcm,Tungag,,Austronesian,Papunesia,-2.52188,150.198,true,
map-tunjung,tunj1244,tjg,Tunjung,,Austronesian,Papunesia,-0.29048,115.883,true,
map-tutong,tuto1241,ttg,Tutong,,Austronesian,Papunesia,4.74327,114.638,true,
map-tutuba,tutu1241,tmi,Tutuba,,Austronesian,Papunesia,-15.580667,167.268889,true,
map-tuvalu,tuva1244,tvl,Tuvalu,,Austronesian,Papunesia,-8.520813,179.198088,true,
map-tuwali-ifugao,tuwa1243,ifk,Tuwali Ifugao,,Austronesian,Papunesia,16.6646,121.113,true,
map-uab-meto,uabm1237,aoz,Uab Meto,,Austronesian,Papunesia,-9.77284,124.144,true,
map-ubir,ubir1237,ubr,Ubir,,Austronesian,Papunesia,-9.59044,149.396,true,
map-ughele,ughe1237,uge,Ughele,,Austronesian,Papunesia,-8.45725,157.341,true,
map-ujir,ujir1237,udj,Ujir,,Austronesian,Papunesia,-5.69329,134.257,true,
map-uki-ni-masi,ukin1237,,Uki Ni Masi,,Austronesian,Papunesia,-9.60258,161.467,true,
map-ukit,ukit1237,umi,Ukit,,Austronesian,Papunesia,2.42408,113.81962,true,
map-ulau-suain,ulau1237,svb,Ulau-Suain,,Austronesian,Papunesia,-3.32876,142.845,true,
map-ulawa,ulaw1237,,Ulawa,,Austronesian,Papunesia,-9.60258,161.467,true,
map-ulithian,ulit1238,uli,Ulithian,,Austronesian,Papunesia,9.961388,139.603611,true,
map-ulumanda,ulum1237,ulm,Ulumanda',,Austronesian,Papunesia,-3.00933,118.994,true,
map-uma,umaa1242,ppk,Uma,,Austronesian,Papunesia,-1.70416,119.968,true,
map-uma-lasan,umal1239,xky,Uma' Lasan,,Austronesian,Papunesia,2.14141,114.205,true,
map-uma-lung,umal1238,ulu,Uma' Lung,,Austronesian,Papunesia,3.25,116.5,true,
map-uma-tau,umat1246,,Uma Tau,,Austronesian,Papunesia,3.42975,116.47431,true,
map-uma-timai,umat1247,,Uma Timai,,Austronesian,Papunesia,1.56635,116.655,true,
map-umiray-dumaget-agta,umir1236,due,Umiray Dumaget Agta,,Austronesian,Papunesia,14.8757,121.508,true,
map-unde-kaili,unde1235,unz,Unde Kaili,,Austronesian,Papunesia,-0.85876,119.673,true,
map-uneapa,unea1237,bbn,Uneapa,,Austronesian,Papunesia,-4.89383,149.141,true,
map-unua,unua1237,onu,Unua,,Austronesian,Papunesia,-16.2638,167.599,true,
map-upper-kinabatangan,uppe1427,dmg,Upper Kinabatangan,,Austronesian,Papunesia,5.31911,116.901,true,
map-ura-vanuatu,urav1235,uur,Ura (Vanuatu),,Austronesian,Papunesia,-18.6747,169.084,true,
map-urak-lawoi,urak1238,urk,Urak Lawoi',,Austronesian,Eurasia,7.5258,99.0768,true,
map-uripiv,urip1240,,Uripiv,,Austronesian,Papunesia,-16.00951,167.34643,true,
map-uripiv-wala-rano-atchin,urip1239,upv,Uripiv-Wala-Rano-Atchin,,Austronesian,Papunesia,-16.00951,167.34643,true,
map-uruangnirin,urua1244,urn,Uruangnirin,,Austronesian,Papunesia,-3.45498,132.745,true,
map-uruava,urua1242,urv,Uruava,,Austronesian,Papunesia,-6.23314,155.573,true,
map-usun-apau-kenyah,main1275,xkl,Usun Apau Kenyah,,Austronesian,Papunesia,3.42975,116.47431,true,
map-vaeakau-taumako,pile1238,piv,Vaeakau-Taumako,,Austronesian,Papunesia,-10.173335,166.247188,true,
map-vaghua,vagh1249,tva,Vaghua,,Austronesian,Papunesia,-6.68712,156.542,true,
map-valpei,valp1237,vlp,Valpei,,Austronesian,Papunesia,-14.712,166.606,true,
map-vamale,vama1243,mkt,Vamale,,Austronesian,Papunesia,-20.7708,165.04,true,
map-vangunu,vang1243,mpr,Vangunu,,Austronesian,Papunesia,-8.66826,157.997,true,
map-vanua-balavu,vanu1243,,Vanua Balavu,,Austronesian,Papunesia,-18.2131,-178.785,true,
map-vao-vovo,vaoo1237,vao,Vao-Vovo,,Austronesian,Papunesia,-15.898299,167.309973,true,
map-varisi,vari1239,vrs,Varisi,,Austronesian,Papunesia,-6.83443,156.655,true,
map-vehes,vehe1237,val,Vehes,,Austronesian,Papunesia,-6.92151,146.895,true,
map-vera-a,vera1241,vra,Vera'a,,Austronesian,Papunesia,-13.892528,167.428701,true,
map-vetumboso,vetu1237,,Vetumboso,,Austronesian,Papunesia,-13.905677,167.451412,true,
map-vezo,vezo1235,,Vezo,,Austronesian,Africa,-23.34,43.67,true,
map-vivti,vivt1234,,Vivti,,Austronesian,Papunesia,-16.28,167.5,true,
map-vovo,vovo1238,,Vovo,,Austronesian,Papunesia,-16.7867,168.232,true,
map-vunapu,vuna1239,vnp,Vunapu,,Austronesian,Papunesia,-14.8477,166.691,true,
map-vures,vure1239,msn,Vurës,,Austronesian,Papunesia,-13.905677,167.451412,true,
map-waamwang,waam1236,wmn,Waamwang,,Austronesian,Papunesia,-20.5014,164.409,true,
map-wab,wabb1237,wab,Wab,,Austronesian,Papunesia,-5.61216,146.461,true,
map-wabo,wabo1240,wbb,Wabo,,Austronesian,Papunesia,-1.77297,136.757,true,
map-wagawaga,waga1268,wgb,Wagawaga,,Austronesian,Papunesia,-10.41792,150.37814,true,
map-waidina,waid1240,,Waidina,,Austronesian,Papunesia,-18.0,178.33,true,
map-waima,waim1251,rro,Waima,,Austronesian,Papunesia,-8.67145,146.544,true,
map-waima-a,waim1252,wmh,Waima'a,,Austronesian,Papunesia,-8.53416,126.317,true,
map-wakasihu,waka1277,,Wakasihu,,Austronesian,Papunesia,-3.76522,127.956,true,
map-wakde,wakd1237,wkd,Wakde,,Austronesian,Papunesia,-1.98457,139.008,true,
map-wala,wala1266,lgl,Wala,,Austronesian,Papunesia,-8.81936,160.741,true,
map-wala-rano,wala1267,,Wala-Rano,,Austronesian,Papunesia,-16.00951,167.34643,true,
map-walaha,wala1268,,Walaha,,Austronesian,Papunesia,-15.4281,167.807,true,
map-wampar,wamp1247,lbq,Wampar,,Austronesian,Papunesia,-6.67364,146.662,true,
map-wampur,wamp1248,waz,Wampur,,Austronesian,Papunesia,-6.33644,146.126,true,
map-wandamen,wand1267,wad,Wandamen,,Austronesian,Papunesia,-2.25622,133.996,true,
map-wanohe,saka1289,sku,Wanohe,,Austronesian,Papunesia,-15.0757,167.051,true,
map-wanukaka,wanu1241,wnk,Wanukaka,,Austronesian,Papunesia,-9.69834,119.468,true,
map-waray-philippines,wara1300,war,Waray (Philippines),,Austronesian,Papunesia,11.4911,125.012,true,
map-waray-sorsogon,wara1299,srv,Waray Sorsogon,,Austronesian,Papunesia,12.6795,124.015,true,
map-warembori,ware1253,wsa,Warembori,,Austronesian,Papunesia,-1.65941,137.566,true,
map-waropen,waro1242,wrp,Waropen,,Austronesian,Papunesia,-2.31142,136.633,true,
map-waru,waru1266,wru,Waru,,Austronesian,Papunesia,-3.412,122.058,true,
map-warwar-feni,anir1237,hrw,Warwar Feni,,Austronesian,Papunesia,-4.08824,153.611,true,
map-watubela,watu1247,wah,Watubela,,Austronesian,Papunesia,-4.47294,131.641,true,
map-watut,watu1246,,Watut,,Austronesian,,,,false,
map-wauyai,wauy1237,wuy,Wauyai,,Austronesian,Papunesia,-0.2828,130.597,true,
map-wawonii,wawo1239,wow,Wawonii,,Austronesian,Papunesia,-4.13587,123.1,true,
map-waya-western-fijian,waya1268,,Waya (Western Fijian),,Austronesian,Papunesia,-17.294682,177.123396,true,
map-wedau,weda1241,wed,Wedau,,Austronesian,Papunesia,-10.1246,150.172,true,
map-west-ambae,west2513,nnd,West Ambae,,Austronesian,Papunesia,-15.4281,167.807,true,
map-west-berawan,west2564,zbw,West Berawan,,Austronesian,Papunesia,3.9815,114.528,true,
map-west-coast-bajau,west2560,bdr,West Coast Bajau,,Austronesian,Papunesia,6.00631,116.124,true,
map-west-damar,west2548,drn,West Damar,,Austronesian,Papunesia,-7.12065,128.585,true,
map-west-futuna,west2515,,West Futuna,,Austronesian,Papunesia,-19.5303,170.215,true,
map-west-kara,west2524,,West Kara,,Austronesian,Papunesia,-2.81957,151.111,true,
map-west-malagasy-sakalava,saka1291,skg,West Malagasy Sakalava,,Austronesian,Africa,-20.28,44.32,true,
map-west-tarangan,west2538,txn,West Tarangan,,Austronesian,Papunesia,-6.62046,134.168,true,
map-west-uvean,west2516,uve,West Uvean,,Austronesian,Papunesia,-20.4145,166.589,true,
map-west-vanua-levu,west2514,,West Vanua Levu,,Austronesian,Papunesia,-18.0,178.33,true,
map-western-bukidnon-manobo,west2555,mbb,Western Bukidnon Manobo,,Austronesian,Papunesia,7.6682,124.825,true,
map-western-cham,west2650,cja,Western Cham,,Austronesian,Eurasia,12.4771,104.026,true,
map-western-lowland-kenyah,long1406,ttw,Western Lowland Kenyah,,Austronesian,Papunesia,3.85226,114.82,true,
map-western-micronesian,west2844,,Western Micronesian,,Austronesian,,,,false,
map-western-penan,west2563,pne,Western Penan,,Austronesian,Papunesia,3.4667,114.523,true,
map-western-subanon,west2557,suc,Western Subanon,,Austronesian,Papunesia,7.79964,122.341,true,
map-western-viti-levu-yasawas-fijian,west2519,wyy,Western Viti Levu-Yasawas Fijian,,Austronesian,Papunesia,-17.8355,177.657,true,
map-wetan,weta1243,,Wetan,,Austronesian,Papunesia,-8.18378,127.944,true,
map-wewewa,weje1237,wew,Wewewa,,Austronesian,Papunesia,-9.55099,119.349,true,
map-whitesands,whit1269,tnp,Whitesands,,Austronesian,Papunesia,-19.5019,169.381,true,
map-willaumez-linkage,will1243,,Willaumez linkage,,Austronesian,,,,false,
map-windesi,wind1244,,Windesi,,Austronesian,Papunesia,-2.25622,133.996,true,
map-winiv-vinmavis,wini1242,,Winiv (Vinmavis),,Austronesian,Papunesia,-16.2253,167.427,true,
map-wogeo,woge1237,woc,Wogeo,,Austronesian,Papunesia,-3.20238,144.089,true,
map-woi,woii1237,wbw,Woi,,Austronesian,Papunesia,-1.62746,135.484,true,
map-woleaian,wole1240,woe,Woleaian,,Austronesian,Papunesia,7.37957,143.916,true,
map-wolio,woli1241,wlo,Wolio,,Austronesian,Papunesia,-5.33,122.67,true,
map-wotu,wotu1240,wtw,Wotu,,Austronesian,Papunesia,-2.59593,120.9,true,
map-wuvulu,wuvu1240,,Wuvulu,,Austronesian,Papunesia,-1.73938,142.851,true,
map-wuvulu-aua,wuvu1239,wuv,Wuvulu-Aua,,Austronesian,Papunesia,-1.73938,142.851,true,
map-xaracuu,xara1244,ane,Xârâcùù,,Austronesian,Papunesia,-21.7034,165.996,true,
map-xaragure,xara1243,axx,Xaragure,,Austronesian,Papunesia,-21.8223,166.376,true,
map-yabem,yabe1254,jae,Yabem,,Austronesian,Papunesia,-6.67052,147.81,true,
map-yakaikeke,yaka1275,ykk,Yakaikeke,,Austronesian,Papunesia,-10.0852,149.982,true,
map-yakan,yaka1277,yka,Yakan,,Austronesian,Papunesia,6.531023,122.021729,true,
map-yamap,yama1260,ymp,Yamap,,Austronesian,Papunesia,-7.05687,146.817,true,
map-yamdena,yamd1240,jmd,Yamdena,,Austronesian,Papunesia,-7.73722,131.44,true,
map-yami,yami1254,tao,Yami,,Austronesian,Papunesia,22.055,121.544,true,
map-yapese,yape1248,yap,Yapese,,Austronesian,Papunesia,9.55811,138.125,true,
map-yarikman,erok1237,erw,Yarikman,,Austronesian,Papunesia,-2.83746,132.705,true,
map-yaur,yaur1239,jau,Yaur,,Austronesian,Papunesia,-3.32519,134.879,true,
map-yeretuar,yere1243,gop,Yeretuar,,Austronesian,Papunesia,-3.01713,134.656,true,
map-yerisiam,ires1239,ire,Yerisiam,,Austronesian,Papunesia,-3.62803,135.025,true,
map-yoba,yoba1237,yob,Yoba,,Austronesian,Papunesia,-10.2167,149.283,true,
map-yogad,yoga1237,yog,Yogad,,Austronesian,Papunesia,16.7015,121.718,true,
map-yoke,yoke1238,yki,Yoke,,Austronesian,Papunesia,-1.68798,138.028,true,
map-yuaga,yuag1237,nua,Yuaga,,Austronesian,Papunesia,-20.5664,164.51,true,
map-zabana,zaba1237,kji,Zabana,,Austronesian,Papunesia,-7.74311,158.753,true,
map-zafisoro,zafi1234,,Zafisoro,,Austronesian,Africa,-23.3,47.33,true,
map-zazao,zaza1245,jaj,Zazao,,Austronesian,Papunesia,-8.18719,159.255,true,
map-zenag,zena1237,zeg,Zenag,,Austronesian,Papunesia,-6.93858,146.546,true,
map-zire,zire1240,sih,Zire,,Austronesian,Papunesia,-21.6544,165.482,true,
mar-margu,marg1251,mhg,Margu,,Marrku-Wurrugu,Australia,-11.1823,132.587,true,
mas-massep,mass1263,mvs,Massep,,Massep,Papunesia,-1.74679,138.294,true,
mat-forest-chorote,iyow1239,crq,Forest Chorote,,Mataguayan,South America,-22.2067,-62.6508,true,
mat-guisnay,wich1264,mzh,Güisnay,,Mataguayan,South America,-23.1633,-62.1757,true,
mat-maka,maca1260,mca,Maká,,Mataguayan,South America,-25.0119,-57.3694,true,
mat-nivacle,niva1238,cag,Nivaclé,,Mataguayan,South America,-22.8557,-61.7606,true,
mat-riverine-chorote,iyoj1235,crt,Riverine Chorote,,Mataguayan,South America,-22.1896,-63.2383,true,
mat-vejoz,wich1263,wlv,Vejoz,,Mataguayan,South America,-24.2189,-61.9117,true,
mat-weenhayek,wich1262,mtp,Weenhayek,,Mataguayan,South America,-21.988,-63.5971,true,
maw-mawes,mawe1251,mgk,Mawes,,Mawes,Papunesia,-2.36944,139.752,true,
may-achi,achi1256,acr,Achi,,Mayan,North America,15.073,-90.3513,true,
may-aguacateco,agua1252,agu,Aguacateco,,Mayan,North America,15.3307,-91.3153,true,
may-akateko,west2635,knj,Akateko,,Mayan,North America,15.5932,-91.8421,true,
may-ch-orti,chor1273,caa,Ch'orti',,Mayan,North America,14.818,-89.2363,true,
may-chicomuceltec,chic1271,cob,Chicomuceltec,,Mayan,North America,15.6078,-91.2869,true,
may-chol,chol1282,ctu,Chol,,Mayan,North America,17.4897,-92.4698,true,
may-chuj,chuj1250,cac,Chuj,,Mayan,North America,15.8399,-91.76,true,
may-epigraphic-mayan,epig1241,emy,Epigraphic Mayan,,Mayan,North America,18.993121,-88.768865,true,
may-huastec,huas1242,hus,Huastec,,Mayan,North America,21.6153,-98.5028,true,
may-itza,itza1241,itz,Itza',,Mayan,North America,17.0269,-89.8734,true,
may-ixil,ixil1251,ixl,Ixil,,Mayan,North America,15.4569,-90.8935,true,
may-k-iche,kich1262,quc,K'iche',,Mayan,North America,14.5278,-91.1696,true,
may-kaqchikel,kaqc1270,cak,Kaqchikel,,Mayan,North America,14.4662,-90.9881,true,
may-lacandon,laca1243,lac,Lacandon,,Mayan,North America,17.02093,-91.42348,true,
may-mam,mamm1241,mam,Mam,,Mayan,North America,14.8034,-91.7231,true,
may-mocho,moch1257,mhc,Mocho,,Mayan,North America,15.4538,-92.1734,true,
may-mopan,mopa1243,mop,Mopan,,Mayan,North America,16.3533,-89.0673,true,
may-popti,popt1235,jac,Popti',,Mayan,North America,15.6609,-91.6633,true,
may-poqomam,poqo1253,poc,Poqomam,,Mayan,North America,14.73252,-89.73796,true,
may-poqomchi,poqo1254,poh,Poqomchi',,Mayan,North America,15.3586,-90.5813,true,
may-q-anjob-al,qanj1241,kjb,Q'anjob'al,,Mayan,North America,15.6846,-91.3043,true,
may-q-eqchi,kekc1242,kek,Q'eqchi',,Mayan,North America,15.3788,-89.2452,true,
may-sacapulteco,saca1238,quv,Sacapulteco,,Mayan,North America,15.274,-91.109,true,
may-sipacapense,sipa1247,qum,Sipacapense,,Mayan,North America,15.23054,-91.7041,true,
may-tabasco-chontal,taba1266,chf,Tabasco Chontal,,Mayan,North America,18.1713,-92.7367,true,
may-tektiteko,tekt1235,ttc,Tektiteko,,Mayan,North America,15.4599,-92.1136,true,
may-tojolabal,tojo1241,toj,Tojolabal,,Mayan,North America,16.2572,-91.7825,true,
may-tz-utujil,tzut1248,tzj,Tz'utujil,,Mayan,North America,14.6351,-91.2012,true,
may-tzeltal,tzel1254,tzh,Tzeltal,,Mayan,North America,16.6384,-92.2786,true,
may-tzotzil,tzot1259,tzo,Tzotzil,,Mayan,North America,16.6362,-92.7388,true,
may-uspanteco,uspa1245,usp,Uspanteco,,Mayan,North America,15.3648,-90.8893,true,
may-yucatec-maya,yuca1254,yua,Yucatec Maya,,Mayan,North America,18.7757,-88.9567,true,
mer-meroitic,mero1237,xmr,Meroitic,,Meroitic,Africa,16.9333,33.7333,true,
mia-gurindji-kriol,guri1249,gjr,Gurindji Kriol,,Mixed Language,Australia,-17.4484,130.833,true,
mia-media-lengua,medi1245,mue,Media Lengua,,Mixed Language,South America,-1.04518,-78.5392,true,
mia-yeniche,yeni1236,yec,Yeniche,,Mixed Language,Eurasia,48.2483,8.47267,true,
mir-jaminjung-ngaliwurru,djam1255,djd,Jaminjung-Ngaliwurru,,Mirndi,Australia,-15.0558,130.06,true,
mir-jingulu,djin1251,jig,Jingulu,,Mirndi,Australia,-17.165,133.659,true,
mir-ngarnka,ngar1283,nji,Ngarnka,,Mirndi,Australia,-17.42,134.73,true,
mir-wambayan,wamb1258,wmb,Wambayan,,Mirndi,Australia,-17.496,135.683,true,
mis-cacaopera,caca1247,ccr,Cacaopera,,Misumalpan,North America,13.7437,-88.1133,true,
mis-matagalpa,mata1288,mtn,Matagalpa,,Misumalpan,North America,13.0333,-86.0,true,
mis-mayangna,maya1285,yan,Mayangna,,Misumalpan,North America,14.1259,-84.3439,true,
mis-miskito,misk1235,miq,Mískito,,Misumalpan,North America,15.1576,-84.2942,true,
mis-ulwa,ulwa1239,ulw,Ulwa,,Misumalpan,North America,12.932292,-83.581467,true,
miw-bay-miwok,baym1241,mkq,Bay Miwok,,Miwok-Costanoan,North America,37.784,-122.419,true,
miw-central-sierra-miwok,cent2140,csm,Central Sierra Miwok,,Miwok-Costanoan,North America,38.0812,-120.257,true,
miw-coast-miwok,coas1301,csi,Coast Miwok,,Miwok-Costanoan,North America,38.3285,-122.994,true,
miw-lake-miwok,lake1258,lmw,Lake Miwok,,Miwok-Costanoan,North America,39.0021,-122.621,true,
miw-mutsun,muts1243,css,Mutsun,,Miwok-Costanoan,North America,36.84721,-121.44911,true,
miw-northern-sierra-miwok,nort2968,nsq,Northern Sierra Miwok,,Miwok-Costanoan,North America,38.4179,-120.588,true,
miw-plains-miwok,plai1259,pmw,Plains Miwok,,Miwok-Costanoan,North America,38.39772,-121.653344,true,
miw-san-francisco-bay-ohlone,nort2969,cst,San Francisco Bay Ohlone,,Miwok-Costanoan,North America,37.436487,-121.827674,true,
miw-southern-costanoan,sout2986,,Southern Costanoan,,Miwok-Costanoan,,,,false,
miw-southern-sierra-miwok,sout2985,skd,Southern Sierra Miwok,,Miwok-Costanoan,North America,38.2363,-120.507,true,
mix-central-south-chiapas-zoque,copa1236,zoc,Central-South Chiapas Zoque,,Mixe-Zoque,North America,17.2157,-93.3183,true,
mix-chapultenango,chap1265,,Chapultenango,,Mixe-Zoque,North America,17.2953,-93.1006,true,
mix-chimalapa-zoque,chim1300,zoh,Chimalapa Zoque,,Mixe-Zoque,North America,16.6543,-94.6913,true,
mix-coatlan-mixe,coat1238,mco,Coatlán Mixe,,Mixe-Zoque,North America,16.9404,-95.4659,true,
mix-highland-popoluca,high1276,poi,Highland Popoluca,,Mixe-Zoque,North America,18.198,-94.9109,true,
mix-isthmus-mixe,isth1238,mir,Isthmus Mixe,,Mixe-Zoque,North America,16.9481,-95.0681,true,
mix-juquila-mixe,juqu1238,mxq,Juquila Mixe,,Mixe-Zoque,North America,16.8912,-95.8484,true,
mix-lowland-midland-south-highland-mixe,lowl1268,,Lowland-Midland-South Highland Mixe,,Mixe-Zoque,,,,false,
mix-midland-mixe,midl1241,,Midland Mixe,,Mixe-Zoque,,,,false,
mix-mixe-de-san-juan-cotzocon,mixe1283,,Mixe de San Juan Cotzocón,,Mixe-Zoque,North America,17.17947,-95.70318,true,
mix-north-central-mixe,nort2939,neq,North Central Mixe,,Mixe-Zoque,North America,17.17947,-95.70318,true,
mix-northeast-chiapas-zoque,rayo1235,zor,Northeast Chiapas Zoque,,Mixe-Zoque,North America,17.2953,-93.1006,true,
mix-northern-chiapas-zoque,fran1266,zos,Northern Chiapas Zoque,,Mixe-Zoque,North America,17.3654,-93.3633,true,
mix-ocotepec-mixe,ocot1241,,Ocotepec Mixe,,Mixe-Zoque,North America,16.8912,-95.8484,true,
mix-ocotepec-tapalapa,ocot1242,,Ocotepec-Tapalapa,,Mixe-Zoque,North America,17.2953,-93.1006,true,
mix-oluta-popoluca,olut1240,plo,Oluta Popoluca,,Mixe-Zoque,North America,17.8937,-94.8863,true,
mix-proto-mixe,mixe1286,,Proto-Mixe,,Mixe-Zoque,,,,false,
mix-proto-mixe-zoque,mixe1284,,Proto-Mixe-Zoque,,Mixe-Zoque,,,,false,
mix-proto-oaxaca-mixe,oaxa1241,,Proto-Oaxaca Mixe,,Mixe-Zoque,,,,false,
mix-puxmetecin,puxm1238,,Puxmetecín,,Mixe-Zoque,North America,17.17947,-95.70318,true,
mix-sayula-popoluca,sayu1241,pos,Sayula Popoluca,,Mixe-Zoque,North America,17.8606,-94.9531,true,
mix-tabasco-zoque,taba1264,zoq,Tabasco Zoque,,Mixe-Zoque,North America,18.1713,-93.0968,true,
mix-tapachultec,tapa1260,qcs,Tapachultec,,Mixe-Zoque,North America,14.9,-92.28,true,
mix-texistepec-popoluca,texi1237,poq,Texistepec Popoluca,,Mixe-Zoque,North America,17.8926,-94.8076,true,
mix-tlahuitoltepec-mixe,tlah1239,mxp,Tlahuitoltepec Mixe,,Mixe-Zoque,North America,16.9634,-96.1186,true,
mix-totontepec-mixe,toto1305,mto,Totontepec Mixe,,Mixe-Zoque,North America,17.2157,-96.0179,true,
mix-zacatepec,zaca1240,,Zacatepec,,Mixe-Zoque,North America,17.17947,-95.70318,true,
moa-baoanic,baoa1237,,Baoanic,,Mongolic,,,,false,
mob-molof,molo1262,msl,Molof,,Molof,Papunesia,-3.41946,140.557,true,
moc-mochica,moch1259,omc,Mochica,,Mochica,South America,-8.01667,-79.0,true,
mod-momuna,momu1241,mqf,Momuna,,Momuna,Papunesia,-5.04431,139.26,true,
mol-molale,mola1238,mbe,Molale,,Molale,North America,44.556,-122.857,true,
mom-koneraw,kone1241,kdw,Koneraw,,Mombum-Koneraw,Papunesia,-8.37424,138.0675,true,
mom-mombum,nucl1452,mso,Mombum,,Mombum-Koneraw,Papunesia,-8.27141,138.773,true,
mon-bonan,bona1250,peh,Bonan,,Mongolic-Khitan,Eurasia,35.515,102.01778,true,
mon-buriat,buri1258,,Buriat,,Mongolic-Khitan,Eurasia,,,false,
mon-dagur,daur1238,dta,Dagur,,Mongolic-Khitan,Eurasia,48.0,124.0,true,
mon-dongxiang,dong1285,sce,Dongxiang,,Mongolic-Khitan,Eurasia,35.66354,103.38952,true,
mon-east-yugur,east2337,yuy,East Yugur,,Mongolic-Khitan,Eurasia,38.83687,99.61725,true,
mon-halh-mongolian,halh1238,khk,Halh Mongolian,,Mongolic-Khitan,Eurasia,48.32397,106.28874,true,
mon-kalmyk,kalm1244,,Kalmyk,,Mongolic-Khitan,Eurasia,46.566667,45.316667,true,
mon-kangjia,kang1281,kxs,Kangjia,,Mongolic-Khitan,Eurasia,35.043,101.254,true,
mon-khamnigan-mongol,kham1281,ykh,Khamnigan Mongol,,Mongolic-Khitan,Eurasia,49.0,117.0,true,
mon-kitan,kita1247,zkt,Kitan,,Mongolic-Khitan,Eurasia,44.3773,115.986,true,
mon-mangghuer,minh1238,,Mangghuer,,Mongolic-Khitan,Eurasia,36.33736,102.80434,true,
mon-middle-mongol,midd1351,xng,Middle Mongol,,Mongolic-Khitan,Eurasia,48.72618,108.6745,true,
mon-mogholi,mogh1245,mhj,Mogholi,,Mongolic-Khitan,Eurasia,34.25,62.28,true,
mon-mongghul,huzh1238,mjg,Mongghul,,Mongolic-Khitan,Eurasia,36.84174,101.95904,true,
mon-mongolia-buriat,mong1330,bxm,Mongolia Buriat,,Mongolic-Khitan,Eurasia,48.7686,109.005,true,
mon-mongolian,mong1331,,Mongolian,,Mongolic-Khitan,Eurasia,,,false,
mon-monguoric,tuuu1240,,Monguoric,,Mongolic-Khitan,Eurasia,,,false,
mon-oirad-kalmyk-darkhat,kalm1243,xal,Oirad-Kalmyk-Darkhat,,Mongolic-Khitan,Eurasia,46.566667,45.316667,true,
mon-peripheral-mongolian,peri1253,mvf,Peripheral Mongolian,,Mongolic-Khitan,Eurasia,42.4208,110.157,true,
mon-russia-buriat,russ1264,bxr,Russia Buriat,,Mongolic-Khitan,Eurasia,50.85331,105.5637,true,
mor-mor-bomberai-peninsula,morb1239,moq,Mor (Bomberai Peninsula),,Mor (Bomberai Peninsula),Papunesia,-2.85747,132.845,true,
mos-chimane,chim1313,,Chimané,,Mosetén-Chimané,South America,-15.214,-66.6431,true,
mos-moseten-chimane,mose1249,cas,Mosetén-Chimané,,Mosetén-Chimané,South America,-14.64448,-67.83756,true,
mov-movima,movi1243,mzp,Movima,,Movima,South America,-13.8115,-65.6348,true,
mpu-mpur,mpur1239,akc,Mpur,,Mpur,Papunesia,-0.7489,133.166,true,
mua-muniche,muni1258,myr,Muniche,,Muniche,South America,-5.7441796,-76.426712,true,
mun-muno,guri1248,grx,Muno,,Muno,Papunesia,-3.5718,141.597,true,
mus-alabama,alab1237,akz,Alabama,,Muskogean,North America,30.76738,-94.62848,true,
mus-apalachee,apal1237,xap,Apalachee,,Muskogean,North America,30.118,-84.416,true,
mus-chickasaw,chic1270,cic,Chickasaw,,Muskogean,North America,34.0,-88.0,true,
mus-choctaw,choc1276,cho,Choctaw,,Muskogean,North America,32.25,-88.5,true,
mus-creek,cree1270,mus,Creek,,Muskogean,North America,31.0,-87.5,true,
mus-koasati,koas1236,cku,Koasati,,Muskogean,North America,30.4096,-92.709,true,
mus-mikasuki,mika1239,mik,Mikasuki,,Muskogean,North America,31.5,-84.0,true,
naa-nara,nara1262,nrb,Nara,,Nara,Africa,15.3251,37.499,true,
nab-tofanma,tofa1246,tlg,Tofanma,,Namla-Tofanma,Papunesia,-3.74322,140.591,true,
nad-daw,daww1239,kwa,Dâw,,Naduhup,South America,-0.1177,-67.2934,true,
nad-hup,hupd1244,jup,Hup,,Naduhup,South America,0.58622,-69.8359,true,
nad-nadeb,nade1244,mbj,Nadëb,,Naduhup,South America,-1.24449,-66.3068,true,
nad-yuhup,yuhu1238,yab,Yuhup,,Naduhup,South America,0.2485,-69.8079,true,
nak-aghul,aghu1253,agx,Aghul,,Nakh-Daghestanian,Eurasia,41.9242,47.5843,true,
nak-aghwan,aghw1237,xag,Aghwan,,Nakh-Daghestanian,Eurasia,40.374444,47.126667,true,
nak-anchix,anch1238,,Anchix,,Nakh-Daghestanian,Eurasia,42.6501,46.3151,true,
nak-ancux,ancu1238,,Ancux,,Nakh-Daghestanian,Eurasia,41.7047,46.558,true,
nak-andalal-gxdatl,anda1281,,Andalal-Gxdatl,,Nakh-Daghestanian,Eurasia,41.7047,46.558,true,
nak-andi,andi1255,ani,Andi,,Nakh-Daghestanian,Eurasia,42.8078,46.2919,true,
nak-archi,arch1244,aqc,Archi,,Nakh-Daghestanian,Eurasia,42.3239,46.8267,true,
nak-avar,avar1256,ava,Avar,,Nakh-Daghestanian,Eurasia,41.7047,46.558,true,
nak-bagvalal,bagv1239,kva,Bagvalal,,Nakh-Daghestanian,Eurasia,42.3966,46.1041,true,
nak-batlux,batl1238,,Batlux,,Nakh-Daghestanian,Eurasia,41.7047,46.558,true,
nak-bats,bats1242,bbl,Bats,,Nakh-Daghestanian,Eurasia,42.1806,45.344,true,
nak-bezhta,bezh1248,kap,Bezhta,,Nakh-Daghestanian,Eurasia,42.1206,46.0332,true,
nak-botlikh,botl1242,bph,Botlikh,,Nakh-Daghestanian,Eurasia,42.665,46.22,true,
nak-budukh,budu1248,bdk,Budukh,,Nakh-Daghestanian,Eurasia,41.2272,48.3353,true,
nak-chamalal,cham1309,cji,Chamalal,,Nakh-Daghestanian,Eurasia,42.5024,45.995,true,
nak-chechen,chec1245,che,Chechen,,Nakh-Daghestanian,Eurasia,43.5,45.5,true,
nak-chirag,chir1284,,Chirag,,Nakh-Daghestanian,Eurasia,41.869481,47.41111,true,
nak-cudaxar,cuda1238,,Cudaxar,,Nakh-Daghestanian,Eurasia,42.4257,47.4388,true,
nak-gigatl,giga1238,,Gigatl,,Nakh-Daghestanian,Eurasia,42.5024,45.995,true,
nak-godoberi,ghod1238,gdo,Godoberi,,Nakh-Daghestanian,Eurasia,42.7428,46.2252,true,
nak-hid,hidd1238,,Hid,,Nakh-Daghestanian,Eurasia,41.7047,46.558,true,
nak-hinuq,hinu1240,gin,Hinuq,,Nakh-Daghestanian,Eurasia,42.4502,45.8064,true,
nak-hunzib,hunz1247,huz,Hunzib,,Nakh-Daghestanian,Eurasia,42.0808,46.1369,true,
nak-icari,icar1234,,Icari,,Nakh-Daghestanian,Eurasia,41.977226,47.565486,true,
nak-ingush,ingu1240,inh,Ingush,,Nakh-Daghestanian,Eurasia,43.11,45.03,true,
nak-inxokvari,inxo1238,,Inxokvari,,Nakh-Daghestanian,Eurasia,42.2743,45.9977,true,
nak-ixreko-muxrek,ixre1238,,Ixreko-Muxrek,,Nakh-Daghestanian,Eurasia,41.6187,47.3244,true,
nak-kajtak,kajt1238,xdq,Kajtak,,Nakh-Daghestanian,Eurasia,42.052428,47.776611,true,
nak-karata-tukita,kara1474,kpt,Karata-Tukita,,Nakh-Daghestanian,Eurasia,42.6501,46.3151,true,
nak-karax,kara1473,,Karax,,Nakh-Daghestanian,Eurasia,41.7047,46.558,true,
nak-khinalug,khin1240,kjj,Khinalug,,Nakh-Daghestanian,Eurasia,41.1801,48.0571,true,
nak-khocharkhotin,khoc1238,,Khocharkhotin,,Nakh-Daghestanian,Eurasia,42.1206,46.0332,true,
nak-khwarshi-inkhoqwari,khva1239,khv,Khwarshi-Inkhoqwari,,Nakh-Daghestanian,Eurasia,42.2743,45.9977,true,
nak-kryz,kryt1240,kry,Kryz,,Nakh-Daghestanian,Eurasia,41.1811,48.1846,true,
nak-kubachi,kuba1248,ugh,Kubachi,,Nakh-Daghestanian,Eurasia,42.08504,47.601843,true,
nak-lak,lakk1252,lbe,Lak,,Nakh-Daghestanian,Eurasia,42.1328,47.0809,true,
nak-lezgian,lezg1247,lez,Lezgian,,Nakh-Daghestanian,Eurasia,41.5157,47.8951,true,
nak-munib,muni1255,,Munib,,Nakh-Daghestanian,Eurasia,42.8078,46.2919,true,
nak-north-central-dargwa,darg1241,dar,North-Central Dargwa,,Nakh-Daghestanian,Eurasia,42.4257,47.4388,true,
nak-northern-akhvakh,akhv1239,akv,Northern Akhvakh,,Nakh-Daghestanian,Eurasia,42.4003,46.3037,true,
nak-quba-lezgian,quba1246,,Quba (Lezgian),,Nakh-Daghestanian,Eurasia,41.5157,47.8951,true,
nak-qushan-aghul,kosh1245,,Qushan Aghul,,Nakh-Daghestanian,Eurasia,41.85,47.65,true,
nak-rutul,rutu1240,rut,Rutul,,Nakh-Daghestanian,Eurasia,41.6187,47.3244,true,
nak-sagadin,saga1261,,Sagadin,,Nakh-Daghestanian,Eurasia,42.2646,45.8096,true,
nak-salatav,sala1265,,Salatav,,Nakh-Daghestanian,Eurasia,41.7047,46.558,true,
nak-shina-nakh-daghestan,shin1265,,Shina (Nakh-Daghestan),,Nakh-Daghestanian,Eurasia,41.6187,47.3244,true,
nak-south-tabasaran,sout2752,,South Tabasaran,,Nakh-Daghestanian,Eurasia,42.0198,47.8379,true,
nak-tabasaran,taba1259,tab,Tabasaran,,Nakh-Daghestanian,Eurasia,42.0198,47.8379,true,
nak-tindi,tind1238,tin,Tindi,,Nakh-Daghestanian,Eurasia,42.3316,45.9227,true,
nak-tlyadaly,tlya1238,,Tlyadaly,,Nakh-Daghestanian,Eurasia,42.1206,46.0332,true,
nak-tokita,toki1238,,Tokita,,Nakh-Daghestanian,Eurasia,42.5727,46.3724,true,
nak-tsakhur,tsak1249,tkr,Tsakhur,,Nakh-Daghestanian,Eurasia,41.5916,46.8858,true,
nak-tsez,dido1241,ddo,Tsez,,Nakh-Daghestanian,Eurasia,42.2646,45.8096,true,
nak-udi,udii1243,udi,Udi,,Nakh-Daghestanian,Eurasia,40.9,47.7236,true,
nak-uraxa,urax1238,,Uraxa,,Nakh-Daghestanian,Eurasia,42.4257,47.4388,true,
nak-xunzax,kunz1243,,Xunzax,,Nakh-Daghestanian,Eurasia,41.7047,46.558,true,
nak-xvarshi,xvar1237,,Xvarshi,,Nakh-Daghestanian,Eurasia,42.2743,45.9977,true,
nak-zakataly,zaka1239,,Zakataly,,Nakh-Daghestanian,Eurasia,41.7047,46.558,true,
nam-latunde,latu1238,ltn,Latundê,,Nambiquaran,South America,-12.608792,-60.422423,true,
nam-mamainde,mama1278,wmd,Mamaindé,,Nambiquaran,South America,-12.986439,-60.101072,true,
nam-sabane,saba1268,sae,Sabanê,,Nambiquaran,South America,-12.9857,-60.335,true,
nam-southern-nambikuara,sout2994,nab,Southern Nambikuára,,Nambiquaran,South America,-14.3707,-59.5187,true,
nar-acheron,ache1245,acz,Acheron,,Narrow Talodi,Africa,10.8827,30.3187,true,
nar-dagik,dagi1241,dec,Dagik,,Narrow Talodi,Africa,10.583,29.9404,true,
nar-lumun,lumu1239,lmd,Lumun,,Narrow Talodi,Africa,10.8308,30.253,true,
nar-nding,ndin1245,eli,Nding,,Narrow Talodi,Africa,10.2741,30.7306,true,
nar-ngile,ngil1242,jle,Ngile,,Narrow Talodi,Africa,10.7194,29.997,true,
nar-tasomi-tata,talo1250,tlo,Tasomi-Tata,,Narrow Talodi,Africa,10.6453,30.4815,true,
nar-tocho,toch1257,taz,Tocho,,Narrow Talodi,Africa,10.8828,30.1567,true,
nar-torona,toro1251,tqr,Torona,,Narrow Talodi,Africa,11.1254,30.341,true,
nat-natchez,natc1249,ncz,Natchez,,Natchez,North America,31.75,-91.33,true,
ndu-ambulas,ambu1247,abt,Ambulas,,Ndu,Papunesia,-3.7801,143.059,true,
ndu-boikin,boik1241,bzf,Boikin,,Ndu,Papunesia,-3.68297,143.474,true,
ndu-burui,buru1309,bry,Burui,,Ndu,Papunesia,-4.03527,143.015,true,
ndu-gaikundi,gaik1242,gbf,Gaikundi,,Ndu,Papunesia,-4.01718,143.139,true,
ndu-hanga-hundi,hang1263,wos,Hanga Hundi,,Ndu,Papunesia,-3.90364,142.849,true,
ndu-iatmul,iatm1242,ian,Iatmul,,Ndu,Papunesia,-4.30064,143.316,true,
ndu-manambu,mana1298,mle,Manambu,,Ndu,Papunesia,-4.19082,142.862,true,
ndu-ndu,nduu1242,,Ndu,,Ndu,,,,false,
ndu-ngala,ngal1300,nud,Ngala,,Ndu,Papunesia,-4.26628,142.5,true,
ndu-sos-kundi,sosk1235,sdk,Sos Kundi,,Ndu,Papunesia,-3.99024,143.396,true,
ndu-yalaku,yelo1243,ylg,Yalaku,,Ndu,Papunesia,-4.09907,142.808,true,
nih-nihali,niha1238,nll,Nihali,,Nihali,Eurasia,21.1886,76.3318,true,
nil-acoli,acol1236,ach,Acoli,,Nilotic,Africa,3.57738,32.5147,true,
nil-adhola,adho1243,adh,Adhola,,Nilotic,Africa,0.73235,34.0341,true,
nil-akie,mosi1247,mwy,Akie,,Nilotic,Africa,-5.43471,37.1869,true,
nil-alur,alur1250,alz,Alur,,Nilotic,Africa,2.36213,31.0016,true,
nil-anuak,anua1242,anu,Anuak,,Nilotic,Africa,7.57714,34.0267,true,
nil-barabayiiga-gisamjanga,dato1239,tcc,Barabayiiga-Gisamjanga,,Nilotic,Africa,-4.4131,35.2321,true,
nil-bari,bari1284,bfa,Bari,,Nilotic,Africa,4.19522,31.0723,true,
nil-belanda-bor,bela1256,bxb,Belanda Bor,,Nilotic,Africa,6.6503,27.8232,true,
nil-dongotono,dong1294,ddd,Dongotono,,Nilotic,Africa,4.43426,33.2429,true,
nil-jumjum,jumj1238,jum,Jumjum,,Nilotic,Africa,10.4349,33.7494,true,
nil-kakwa,kakw1240,keo,Kakwa,,Nilotic,Africa,3.65233,30.7762,true,
nil-karamojong,kara1483,kdj,Karamojong,,Nilotic,Africa,2.45157,34.2761,true,
nil-keiyo,keiy1238,eyo,Keiyo,,Nilotic,Africa,0.510857,35.226745,true,
nil-kipsigis,kips1239,sgc,Kipsigis,,Nilotic,Africa,-0.35774,35.258532,true,
nil-kumam,kuma1275,kdi,Kumam,,Nilotic,Africa,1.74748,33.2116,true,
nil-kupsabiny,kups1238,kpz,Kupsabiny,,Nilotic,Africa,1.33197,34.5991,true,
nil-lango-uganda,lang1324,laj,Lango (Uganda),,Nilotic,Africa,2.13867,33.0553,true,
nil-lokoya,loko1254,lky,Lokoya,,Nilotic,Africa,4.64724,32.26247,true,
nil-luo-kenya-and-tanzania,luok1236,luo,Luo (Kenya and Tanzania),,Nilotic,Africa,-0.93296,34.4896,true,
nil-luwo,luwo1239,lwo,Luwo,,Nilotic,Africa,7.35089,28.1378,true,
nil-mabaan,maba1273,mfz,Mabaan,,Nilotic,Africa,9.81455,33.5404,true,
nil-mandari,mand1425,mqu,Mandari,,Nilotic,Africa,5.83656,31.2327,true,
nil-masai,masa1300,mas,Masai,,Nilotic,Africa,-3.1419,36.4573,true,
nil-nandi,nand1266,niq,Nandi,,Nilotic,Africa,0.793737,35.408478,true,
nil-ngasa,ngas1238,nsg,Ngasa,,Nilotic,Africa,-2.97716,37.528,true,
nil-northern-burun,buru1301,bdi,Northern Burun,,Nilotic,Africa,10.725,33.921,true,
nil-northwestern-dinka,nort2816,diw,Northwestern Dinka,,Nilotic,Africa,9.81484,29.2998,true,
nil-nuer,nuer1246,nus,Nuer,,Nilotic,Africa,8.13911,32.3829,true,
nil-nyangatom,nyan1315,nnj,Nyangatom,,Nilotic,Africa,5.39809,35.6232,true,
nil-okiek,okie1245,oki,Okiek,,Nilotic,Africa,-2.78048,36.5977,true,
nil-omotik,omot1239,omt,Omotik,,Nilotic,Africa,-1.34401,35.6296,true,
nil-otuho,otuh1238,lot,Otuho,,Nilotic,Africa,4.16379,32.6641,true,
nil-pari,pari1256,lkr,Päri,,Nilotic,Africa,5.09472,32.4822,true,
nil-pokoot,poko1263,pko,Pökoot,,Nilotic,Africa,1.57023,35.2318,true,
nil-reel,reel1238,atu,Reel,,Nilotic,Africa,6.32234,30.49451,true,
nil-sabaot,saba1262,spy,Sabaot,,Nilotic,Africa,1.01297,34.6664,true,
nil-samburu,samb1315,saq,Samburu,,Nilotic,Africa,1.60735,37.0539,true,
nil-shilluk,shil1265,shk,Shilluk,,Nilotic,Africa,9.85472,31.7926,true,
nil-south-central-dinka,sout2833,dib,South Central Dinka,,Nilotic,Africa,6.7307,30.3021,true,
nil-southeastern-dinka,sout2834,dks,Southeastern Dinka,,Nilotic,Africa,7.02206,31.285,true,
nil-southwestern-dinka,sout2832,dik,Southwestern Dinka,,Nilotic,Africa,8.81115,28.0613,true,
nil-terik,teri1244,tec,Terik,,Nilotic,Africa,0.6,35.0,true,
nil-teso,teso1249,teo,Teso,,Nilotic,Africa,1.18321,33.9394,true,
nil-tugen,tuge1241,tuy,Tugen,,Nilotic,Africa,0.66573,35.8499,true,
nil-turkana,turk1308,tuv,Turkana,,Nilotic,Africa,4.30688,35.7101,true,
nim-gresi,gres1240,grs,Gresi,,Nimboranic,Papunesia,-2.72229,140.279,true,
nim-kemtuik,kemt1242,kmt,Kemtuik,,Nimboranic,Papunesia,-2.64894,140.372,true,
nim-mekwei,mekw1241,msf,Mekwei,,Nimboranic,Papunesia,-2.52264,140.326,true,
nim-mlap,mlap1238,kja,Mlap,,Nimboranic,Papunesia,-2.57316,140.264,true,
nim-nimboran,nucl1633,nir,Nimboran,,Nimboranic,Papunesia,-2.5803,140.179,true,
niv-amur-nivkh,gily1242,niv,Amur Nivkh,,Nivkh,Eurasia,52.59,140.681,true,
noa-ben-lomond-cape-portland,benl1235,xpb,Ben-Lomond-Cape-Portland,,North-Eastern Tasmanian,Australia,-41.326418,147.787122,true,
noa-north-midlands-tasmanian,neta1235,xph,North Midlands Tasmanian,,North-Eastern Tasmanian,Australia,-41.55781,147.20848,true,
nob-rapoisi,rapo1238,kyx,Rapoisi,,North Bougainville,Papunesia,-5.78724,154.834,true,
nob-rotokas,roto1249,roo,Rotokas,,North Bougainville,Papunesia,-5.94339,155.154,true,
nor-galela,gale1259,gbi,Galela,,North Halmahera,Papunesia,2.31461,128.44,true,
nor-loloda-laba,lolo1264,loa,Loloda-Laba,,North Halmahera,Papunesia,1.95461,127.772,true,
nor-modole,modo1249,mqo,Modole,,North Halmahera,Papunesia,1.40199,127.752,true,
nor-pagu,pagu1249,pgu,Pagu,,North Halmahera,Papunesia,1.2134,127.78,true,
nor-sahu,sahu1245,saj,Sahu,,North Halmahera,Papunesia,1.00742,127.493,true,
nor-tabaru,taba1263,tby,Tabaru,,North Halmahera,Papunesia,1.46563,127.633,true,
nor-ternate,tern1247,tft,Ternate,,North Halmahera,Papunesia,0.80562,127.333,true,
nor-tidore,tido1248,tvo,Tidore,,North Halmahera,Papunesia,0.02461,127.746,true,
nor-tobelo,tobe1252,tlb,Tobelo,,North Halmahera,Papunesia,1.0946,128.154,true,
nor-west-makian,west2600,mqs,West Makian,,North Halmahera,Papunesia,0.45332,127.63,true,
nua-abu-arapesh,abua1245,aah,Abu' Arapesh,,Nuclear Torricelli,Papunesia,-3.461612,142.917031,true,
nua-agi,agii1245,aif,Agi,,Nuclear Torricelli,Papunesia,-3.49104,142.387,true,
nua-alu-sinagen,diaa1238,dia,Alu-Sinagen,,Nuclear Torricelli,Papunesia,-3.38837,142.248,true,
nua-aro-mukweym-orok,torr1259,tei,Aro-Mukweym-Orok,,Nuclear Torricelli,Papunesia,-3.45292,142.622,true,
nua-aruek,arue1240,aur,Aruek,,Nuclear Torricelli,Papunesia,-3.37841,142.715,true,
nua-au,auuu1241,avt,Au,,Nuclear Torricelli,Papunesia,-3.53277,142.105,true,
nua-beli-papua-new-guinea,beli1258,bey,Beli (Papua New Guinea),,Nuclear Torricelli,Papunesia,-3.67881,142.34,true,
nua-bragat,brag1240,aof,Bragat,,Nuclear Torricelli,Papunesia,-3.48707,142.495,true,
nua-bukiyip,buki1249,ape,Bukiyip,,Nuclear Torricelli,Papunesia,-3.47169,143.111,true,
nua-buna,buna1277,bvn,Buna,,Nuclear Torricelli,Papunesia,-3.95553,144.119,true,
nua-bungain,bung1270,but,Bungain,,Nuclear Torricelli,Papunesia,-3.69674,143.796,true,
nua-eitiep,eiti1240,eit,Eitiep,,Nuclear Torricelli,Papunesia,-3.51561,142.555,true,
nua-elepi,elep1240,ele,Elepi,,Nuclear Torricelli,Papunesia,-3.7505,143.93,true,
nua-elkei,elke1240,elk,Elkei,,Nuclear Torricelli,Papunesia,-3.45544,142.093,true,
nua-galu,sina1269,siu,Galu,,Nuclear Torricelli,Papunesia,-3.42446,142.367,true,
nua-heyo,heyo1240,auk,Heyo,,Nuclear Torricelli,Papunesia,-3.83003,142.471,true,
nua-inebu-one,ineb1235,oin,Inebu One,,Nuclear Torricelli,Papunesia,-3.38015,141.892,true,
nua-juwal,juwa1238,mwb,Juwal,,Nuclear Torricelli,Papunesia,-3.78596,143.681,true,
nua-kamasau,kama1367,kms,Kamasau,,Nuclear Torricelli,Papunesia,-3.8503,143.842,true,
nua-kombio,komb1272,xbi,Kombio,,Nuclear Torricelli,Papunesia,-3.48467,142.694,true,
nua-minidien,mini1253,wii,Minidien,,Nuclear Torricelli,Papunesia,-3.59408,142.33,true,
nua-mol,amol1235,alx,Mol,,Nuclear Torricelli,Papunesia,-3.46843,142.532,true,
nua-molmo-one,molm1235,aun,Molmo One,,Nuclear Torricelli,Papunesia,-3.38127,141.806,true,
nua-mufian,mufi1238,aoj,Mufian,,Nuclear Torricelli,Papunesia,-3.57932,142.955,true,
nua-nabi-metan,nabi1239,mty,Nabi-Metan,,Nuclear Torricelli,Papunesia,-3.52828,142.329,true,
nua-ningil,ning1273,niz,Ningil,,Nuclear Torricelli,Papunesia,-3.49733,142.251,true,
nua-olo,oloo1241,ong,Olo,,Nuclear Torricelli,Papunesia,-3.2929,142.131,true,
nua-seta,seta1245,stf,Seta,,Nuclear Torricelli,Papunesia,-3.42155,141.748,true,
nua-seti,seti1248,sbi,Seti,,Nuclear Torricelli,Papunesia,-3.45521,141.827,true,
nua-siliput,sili1247,mkc,Siliput,,Nuclear Torricelli,Papunesia,-3.60838,142.397,true,
nua-srenge,aruo1240,lsr,Srenge,,Nuclear Torricelli,Papunesia,-3.45782,142.478,true,
nua-urat,urat1244,urt,Urat,,Nuclear Torricelli,Papunesia,-3.60065,142.79,true,
nua-urim,urim1252,uri,Urim,,Nuclear Torricelli,Papunesia,-3.58018,142.653,true,
nua-urimo,urim1251,urx,Urimo,,Nuclear Torricelli,Papunesia,-3.86066,143.701,true,
nua-walman,valm1241,van,Walman,,Nuclear Torricelli,Papunesia,-3.24963,142.499,true,
nua-wanap,wana1268,wnp,Wanap,,Nuclear Torricelli,Papunesia,-3.59639,142.5,true,
nua-wiarumus,wiar1238,tua,Wiarumus,,Nuclear Torricelli,Papunesia,-3.63409,143.756,true,
nua-wom-papua-new-guinea,womp1235,wmo,Wom (Papua New Guinea),,Nuclear Torricelli,Papunesia,-3.5332,142.87,true,
nua-yahang,yaha1247,rhp,Yahang,,Nuclear Torricelli,Papunesia,-3.73035,142.4,true,
nua-yambes,yamb1254,ymb,Yambes,,Nuclear Torricelli,Papunesia,-3.50624,142.763,true,
nua-yangum-dey,yang1297,yde,Yangum Dey,,Nuclear Torricelli,Papunesia,-3.51156,142.48152,true,
nua-yangum-mon,yang1296,ymo,Yangum Mon,,Nuclear Torricelli,Papunesia,-3.55,142.527,true,
nua-yau-sandaun-province,yaus1235,yyu,Yau (Sandaun Province),,Nuclear Torricelli,Papunesia,-3.52064,142.04228,true,
nua-yeri,yapu1240,yev,Yeri,,Nuclear Torricelli,Papunesia,-3.47256,142.436,true,
nua-yil,yill1241,yll,Yil,,Nuclear Torricelli,Papunesia,-3.46501,142.178,true,
nua-yis,yiss1240,yis,Yis,,Nuclear Torricelli,Papunesia,-3.57371,141.88,true,
nub-apinaye,apin1244,apn,Apinayé,,Nuclear-Macro-Je,South America,-6.10774,-47.6315,true,
nub-arikapu,arik1265,ark,Arikapú,,Nuclear-Macro-Je,South America,-12.4878,-62.7261,true,
nub-borum,kren1239,kqq,Borum,,Nuclear-Macro-Je,South America,-18.9988,-41.2299,true,
nub-central-southern-timbira,cane1242,ram,Central-Southern Timbira,,Nuclear-Macro-Je,South America,-6.10712,-45.1299,true,
nub-djeoromitxi,djeo1235,jbt,Djeoromitxí,,Nuclear-Macro-Je,South America,-12.038,-64.6694,true,
nub-kaingang,kain1272,kgp,Kaingang,,Nuclear-Macro-Je,South America,-27.7671,-52.5394,true,
nub-karaja,kara1500,kpj,Karajá,,Nuclear-Macro-Je,South America,-11.1881,-50.3492,true,
nub-kraho,krah1246,xra,Krahô,,Nuclear-Macro-Je,South America,-8.01172,-47.5774,true,
nub-maxakali,maxa1247,mbl,Maxakalí,,Nuclear-Macro-Je,South America,-16.9402,-40.7891,true,
nub-mebengokre,kaya1330,txu,Mebengokre,,Nuclear-Macro-Je,South America,-7.77352,-51.6737,true,
nub-northeastern-timbira,krey1238,xre,Northeastern Timbira,,Nuclear-Macro-Je,South America,-4.199179,-44.8295387,true,
nub-ofaye,ofay1240,opy,Ofayé,,Nuclear-Macro-Je,South America,-22.278,-53.7227,true,
nub-panara,pana1307,kre,Panará,,Nuclear-Macro-Je,South America,-10.58,-53.0,true,
nub-para-gaviao,para1315,gvp,Pará Gavião,,Nuclear-Macro-Je,South America,-4.91161,-49.0217,true,
nub-pataxo-ha-ha-hae,pata1261,pth,Pataxó Hã-Ha-Hãe,,Nuclear-Macro-Je,South America,-15.9167,-40.0333,true,
nub-rikbaktsa,rikb1245,rkb,Rikbaktsa,,Nuclear-Macro-Je,South America,-11.1887,-58.1942,true,
nub-suya,suya1243,suy,Suyá,,Nuclear-Macro-Je,South America,-11.5178,-53.0743,true,
nub-xavante,xava1240,xav,Xavánte,,Nuclear-Macro-Je,South America,-14.3017,-52.4367,true,
nub-xerente,xere1240,xer,Xerénte,,Nuclear-Macro-Je,South America,-9.59426,-48.2629,true,
nub-xokleng,xokl1240,xok,Xokleng,,Nuclear-Macro-Je,South America,-26.9217,-49.5886,true,
nuc-abaga,abag1245,abg,Abaga,,Nuclear Trans New Guinea,Papunesia,-6.12028,145.665,true,
nuc-aeka,aeka1244,aez,Aeka,,Nuclear Trans New Guinea,Papunesia,-8.855095,147.99477,true,
nuc-agarabi,agar1252,agd,Agarabi,,Nuclear Trans New Guinea,Papunesia,-6.20604,145.917,true,
nuc-aghu,aghu1255,ahh,Aghu,,Nuclear Trans New Guinea,Papunesia,-6.34674,140.043,true,
nuc-aisi,musa1266,mmq,Aisi,,Nuclear Trans New Guinea,Papunesia,-5.37407,145.197,true,
nuc-ajam,ajam1240,,Ajam,,Nuclear Trans New Guinea,Papunesia,-5.80391,138.471,true,
nuc-alekano,alek1238,gah,Alekano,,Nuclear Trans New Guinea,Papunesia,-6.03901,145.387,true,
nuc-amaimon,amai1246,ali,Amaimon,,Nuclear Trans New Guinea,Papunesia,-5.18742,145.368,true,
nuc-ambasi,amba1268,,Ambasi,,Nuclear Trans New Guinea,Papunesia,-8.37433,147.884,true,
nuc-amele,amel1241,aey,Amele,,Nuclear Trans New Guinea,Papunesia,-5.29126,145.687,true,
nuc-anam,anam1247,pda,Anam,,Nuclear Trans New Guinea,Papunesia,-4.68869,145.051,true,
nuc-anamuxra,anam1248,imi,Anamuxra,,Nuclear Trans New Guinea,Papunesia,-4.63762,144.991,true,
nuc-angal,anga1293,age,Angal,,Nuclear Trans New Guinea,Papunesia,-6.0127,143.592,true,
nuc-angal-enen,anga1294,aoe,Angal Enen,,Nuclear Trans New Guinea,Papunesia,-6.23296,143.583,true,
nuc-angal-heneng,anga1292,akh,Angal Heneng,,Nuclear Trans New Guinea,Papunesia,-6.13347,143.478,true,
nuc-angguruk-yali,angg1239,yli,Angguruk Yali,,Nuclear Trans New Guinea,Papunesia,-4.0836,139.457,true,
nuc-anjam,anja1238,boj,Anjam,,Nuclear Trans New Guinea,Papunesia,-5.45899,145.717,true,
nuc-apali,apal1256,ena,Apali,,Nuclear Trans New Guinea,Papunesia,-5.1727,145.023,true,
nuc-arawum,araw1272,awm,Arawum,,Nuclear Trans New Guinea,Papunesia,-5.52787,145.903,true,
nuc-asaro-o,asar1240,mtv,Asaro'o,,Nuclear Trans New Guinea,Papunesia,-5.68263,146.508,true,
nuc-asas,asas1240,asd,Asas,,Nuclear Trans New Guinea,Papunesia,-5.69345,145.549,true,
nuc-asmat-kamoro,asma1256,,Asmat-Kamoro,,Nuclear Trans New Guinea,,,,false,
nuc-asue-awyu,asue1235,psa,Asue Awyu,,Nuclear Trans New Guinea,Papunesia,-5.98341,139.123,true,
nuc-auye,auye1238,auu,Auye,,Nuclear Trans New Guinea,Papunesia,-3.43705,136.096,true,
nuc-awa-papua-new-guinea,awap1236,awb,Awa (Papua New Guinea),,Nuclear Trans New Guinea,Papunesia,-6.65534,145.714,true,
nuc-awara,awar1248,awx,Awara,,Nuclear Trans New Guinea,Papunesia,-6.16986,146.372,true,
nuc-awiyaana,awiy1238,auy,Awiyaana,,Nuclear Trans New Guinea,Papunesia,-6.54079,145.76,true,
nuc-awyu-dumut,awyu1263,,Awyu-Dumut,,Nuclear Trans New Guinea,,,,false,
nuc-bagupi,bagu1252,bpi,Bagupi,,Nuclear Trans New Guinea,Papunesia,-5.07778,145.632,true,
nuc-baimak,baim1245,bmx,Baimak,,Nuclear Trans New Guinea,Papunesia,-5.18943,145.606,true,
nuc-bam,bamm1240,,Bam,,Nuclear Trans New Guinea,Papunesia,-6.15216,146.513,true,
nuc-bareji,bare1274,,Bareji,,Nuclear Trans New Guinea,Papunesia,-9.40132,148.761,true,
nuc-bareji-gaina,bare1275,,Bareji (Gaina),,Nuclear Trans New Guinea,Papunesia,-9.14409,148.59,true,
nuc-barem,brem1238,buq,Barem,,Nuclear Trans New Guinea,Papunesia,-4.67372,145.562,true,
nuc-bargam,barg1252,mlp,Bargam,,Nuclear Trans New Guinea,Papunesia,-4.8723,145.756,true,
nuc-baruga,baru1269,bjz,Baruga,,Nuclear Trans New Guinea,Papunesia,-9.40132,148.761,true,
nuc-bau,bauu1244,bbd,Bau,,Nuclear Trans New Guinea,Papunesia,-5.26465,145.611,true,
nuc-benabena,bena1264,bef,Benabena,,Nuclear Trans New Guinea,Papunesia,-6.09974,145.534,true,
nuc-bepour,bepo1240,bie,Bepour,,Nuclear Trans New Guinea,Papunesia,-4.5985,145.442,true,
nuc-bimin,bimi1240,bhl,Bimin,,Nuclear Trans New Guinea,Papunesia,-5.38732,142.04,true,
nuc-binandere,bina1277,bhg,Binandere,,Nuclear Trans New Guinea,Papunesia,-8.37433,147.884,true,
nuc-binandere-proper,bina1278,,Binandere Proper,,Nuclear Trans New Guinea,Papunesia,-8.37433,147.884,true,
nuc-binanderean,bina1279,,Binanderean,,Nuclear Trans New Guinea,,,,false,
nuc-binumarien,binu1245,bjr,Binumarien,,Nuclear Trans New Guinea,Papunesia,-6.22068,146.102,true,
nuc-bisorio,biso1243,bir,Bisorio,,Nuclear Trans New Guinea,Papunesia,-4.77763,143.213,true,
nuc-biyom,biyo1244,bpm,Biyom,,Nuclear Trans New Guinea,Papunesia,-5.79929,145.348,true,
nuc-bongu,bong1291,bpu,Bongu,,Nuclear Trans New Guinea,Papunesia,-5.50519,145.806,true,
nuc-bonkiman,bonk1244,bop,Bonkiman,,Nuclear Trans New Guinea,Papunesia,-5.84007,146.738,true,
nuc-borong,boro1279,ksr,Borong,,Nuclear Trans New Guinea,Papunesia,-6.56688,147.511,true,
nuc-burum-mindik,buru1306,bmu,Burum-Mindik,,Nuclear Trans New Guinea,Papunesia,-6.51663,147.333,true,
nuc-burumakok,buru1307,aip,Burumakok,,Nuclear Trans New Guinea,Papunesia,-5.12217,140.03,true,
nuc-buruwai,buru1308,asi,Buruwai,,Nuclear Trans New Guinea,Papunesia,-3.54561,133.327,true,
nuc-casuarina-coast-asmat,casu1237,asc,Casuarina Coast Asmat,,Nuclear Trans New Guinea,Papunesia,-6.43005,138.566,true,
nuc-central-asmat,cent2117,cns,Central Asmat,,Nuclear Trans New Guinea,Papunesia,-5.80391,138.471,true,
nuc-central-awyu,cent2118,awu,Central Awyu,,Nuclear Trans New Guinea,Papunesia,-6.29363,139.693,true,
nuc-chimbu-wahgi,cent2120,,Chimbu-Wahgi,,Nuclear Trans New Guinea,,,,false,
nuc-chuave,chua1250,cjv,Chuave,,Nuclear Trans New Guinea,Papunesia,-6.17824,145.139,true,
nuc-citak,cita1245,txt,Citak,,Nuclear Trans New Guinea,Papunesia,-5.58276,139.461,true,
nuc-coastal-binanderean,coas1297,,Coastal Binanderean,,Nuclear Trans New Guinea,,,,false,
nuc-croisilles,croi1234,,Croisilles,,Nuclear Trans New Guinea,,,,false,
nuc-danaru,dana1254,dnr,Danaru,,Nuclear Trans New Guinea,Papunesia,-5.53634,145.457,true,
nuc-dano,dano1240,aso,Dano,,Nuclear Trans New Guinea,Papunesia,-5.92188,145.254,true,
nuc-dedua,dedu1240,ded,Dedua,,Nuclear Trans New Guinea,Papunesia,-6.38206,147.627,true,
nuc-degenan,dege1247,dge,Degenan,,Nuclear Trans New Guinea,Papunesia,-5.70892,146.572,true,
nuc-doghoro,dogh1241,dgx,Doghoro,,Nuclear Trans New Guinea,Papunesia,-9.13688,148.766,true,
nuc-dom,domm1246,doa,Dom,,Nuclear Trans New Guinea,Papunesia,-6.03737,144.895,true,
nuc-domung,domu1246,dev,Domung,,Nuclear Trans New Guinea,Papunesia,-5.81856,146.682,true,
nuc-duduela,dudu1240,duk,Duduela,,Nuclear Trans New Guinea,Papunesia,-5.43119,145.642,true,
nuc-dumpu,dump1243,wtf,Dumpu,,Nuclear Trans New Guinea,Papunesia,-5.82002,145.655,true,
nuc-dumut,dumu1247,,Dumut,,Nuclear Trans New Guinea,,,,false,
nuc-east-kewa,east2516,kjs,East Kewa,,Nuclear Trans New Guinea,Papunesia,-6.32989,143.931,true,
nuc-east-sogeram,east2767,,East Sogeram,,Nuclear Trans New Guinea,,,,false,
nuc-edera-awyu,eder1237,awy,Edera Awyu,,Nuclear Trans New Guinea,Papunesia,-7.0038,139.914,true,
nuc-eipomek,eipo1242,eip,Eipomek,,Nuclear Trans New Guinea,Papunesia,-4.33691,140.045,true,
nuc-ekari,ekar1243,ekg,Ekari,,Nuclear Trans New Guinea,Papunesia,-3.88974,136.018,true,
nuc-enga,enga1252,enq,Enga,,Nuclear Trans New Guinea,Papunesia,-5.45619,143.685,true,
nuc-engan,enga1251,,Engan,,Nuclear Trans New Guinea,,,,false,
nuc-erave,erav1244,kjy,Erave,,Nuclear Trans New Guinea,Papunesia,-6.55011,143.918,true,
nuc-ewage-notu,ewag1241,nou,Ewage-Notu,,Nuclear Trans New Guinea,Papunesia,-8.68756,148.405,true,
nuc-faiwol,faiw1243,fai,Faiwol,,Nuclear Trans New Guinea,Papunesia,-5.4967,141.656,true,
nuc-finisterre-huon,fini1244,,Finisterre-Huon,,Nuclear Trans New Guinea,,,,false,
nuc-finongan,fino1238,fag,Finongan,,Nuclear Trans New Guinea,Papunesia,-6.33005,146.629,true,
nuc-forak,fora1245,frq,Forak,,Nuclear Trans New Guinea,Papunesia,-5.69079,146.541,true,
nuc-fore,fore1270,for,Fore,,Nuclear Trans New Guinea,Papunesia,-6.64473,145.5065,true,
nuc-gadsup,gads1258,gaj,Gadsup,,Nuclear Trans New Guinea,Papunesia,-6.31631,145.997,true,
nuc-gaina,gain1243,gcn,Gaina,,Nuclear Trans New Guinea,Papunesia,-9.14409,148.59,true,
nuc-gal,gall1278,gap,Gal,,Nuclear Trans New Guinea,Papunesia,-5.16351,145.623,true,
nuc-ganglau,gang1270,ggl,Ganglau,,Nuclear Trans New Guinea,Papunesia,-5.57945,146.1305,true,
nuc-garus,garu1246,gyb,Garus,,Nuclear Trans New Guinea,Papunesia,-4.9222,145.683,true,
nuc-gavak,dimi1244,dmc,Gavak,,Nuclear Trans New Guinea,Papunesia,-4.8296,145.676,true,
nuc-gende,gend1249,gaf,Gende,,Nuclear Trans New Guinea,Papunesia,-5.67528,145.177,true,
nuc-gimi-eastern-highlands,gimi1243,gim,Gimi (Eastern Highlands),,Nuclear Trans New Guinea,Papunesia,-6.42097,145.214,true,
nuc-girawa,gira1247,bbr,Girawa,,Nuclear Trans New Guinea,Papunesia,-5.35342,145.423,true,
nuc-golin,goli1247,gvf,Golin,,Nuclear Trans New Guinea,Papunesia,-6.2249,144.8505,true,
nuc-goroka,goro1272,,Goroka,,Nuclear Trans New Guinea,,,,false,
nuc-greater-awyu,grea1275,,Greater Awyu,,Nuclear Trans New Guinea,,,,false,
nuc-guhu-samane,guhu1244,ghs,Guhu-Samane,,Nuclear Trans New Guinea,Papunesia,-7.99922,147.228,true,
nuc-gumalu,guma1255,gmu,Gumalu,,Nuclear Trans New Guinea,Papunesia,-5.22189,145.618,true,
nuc-gusan,gusa1246,gsn,Gusan,,Nuclear Trans New Guinea,Papunesia,-6.28998,146.679,true,
nuc-gwahatike,gwah1244,dah,Gwahatike,,Nuclear Trans New Guinea,Papunesia,-5.64555,146.455,true,
nuc-hember-avu,musa1265,mmi,Hember Avu,,Nuclear Trans New Guinea,Papunesia,-4.70258,145.413,true,
nuc-hira,hira1246,,Hira,,Nuclear Trans New Guinea,Papunesia,-6.32432,145.388,true,
nuc-hua-yagaria,huaa1250,,Hua (Yagaria),,Nuclear Trans New Guinea,Papunesia,-6.353409,145.339379,true,
nuc-huli,huli1244,hui,Huli,,Nuclear Trans New Guinea,Papunesia,-5.97212,142.963,true,
nuc-hunjara-kaina-ke,hunj1241,hkk,Hunjara-Kaina Ke,,Nuclear Trans New Guinea,Papunesia,-8.92,147.9,true,
nuc-inoke-yate,inok1238,ino,Inoke-Yate,,Nuclear Trans New Guinea,Papunesia,-6.32311,145.539,true,
nuc-ipili,ipil1240,ipi,Ipili,,Nuclear Trans New Guinea,Papunesia,-5.42586,143.089,true,
nuc-isabi,isab1240,isa,Isabi,,Nuclear Trans New Guinea,Papunesia,-5.83809,145.462,true,
nuc-isebe,iseb1246,igo,Isebe,,Nuclear Trans New Guinea,Papunesia,-5.20719,145.691,true,
nuc-iyo,iyoo1238,nca,Iyo,,Nuclear Trans New Guinea,Papunesia,-5.84161,146.092,true,
nuc-kainantu,kain1274,,Kainantu,,Nuclear Trans New Guinea,,,,false,
nuc-kainantu-goroka,kain1273,,Kainantu-Goroka,,Nuclear Trans New Guinea,,,,false,
nuc-kalam,kala1397,kmh,Kalam,,Nuclear Trans New Guinea,Papunesia,-5.25216,144.585,true,
nuc-kamano,kama1370,kbq,Kamano,,Nuclear Trans New Guinea,Papunesia,-6.25829,145.728,true,
nuc-kambaira,kamb1303,kyy,Kambaira,,Nuclear Trans New Guinea,Papunesia,-6.26656,146.083,true,
nuc-kamoro,kamo1255,kgq,Kamoro,,Nuclear Trans New Guinea,Papunesia,-4.30433,135.883,true,
nuc-kandawo,kand1303,gam,Kandawo,,Nuclear Trans New Guinea,Papunesia,-5.73674,144.966,true,
nuc-kare-papua-new-guinea,kare1341,kmf,Kare (Papua New Guinea),,Nuclear Trans New Guinea,Papunesia,-5.07674,145.499,true,
nuc-karen,bila1257,bql,Karen,,Nuclear Trans New Guinea,Papunesia,-4.93116,145.559,true,
nuc-kate,kate1253,kmg,Kâte,,Nuclear Trans New Guinea,Papunesia,-6.4795,147.757,true,
nuc-kaukombaran,kauk1240,,Kaukombaran,,Nuclear Trans New Guinea,,,,false,
nuc-kein,kein1239,bmh,Kein,,Nuclear Trans New Guinea,Papunesia,-5.3373,145.483,true,
nuc-kesawai,kesa1244,xes,Kesawai,,Nuclear Trans New Guinea,Papunesia,-5.76797,145.58,true,
nuc-ketengban,kete1254,xte,Ketengban,,Nuclear Trans New Guinea,Papunesia,-4.50417,140.443,true,
nuc-ketum,ketu1238,ktt,Ketum,,Nuclear Trans New Guinea,Papunesia,-5.34647,140.604,true,
nuc-kewieng,kewi1240,,Kewieng,,Nuclear Trans New Guinea,Papunesia,-5.94085,146.661,true,
nuc-kia-river-awyu,jair1235,awv,Kia River Awyu,,Nuclear Trans New Guinea,Papunesia,-6.79732,140.104,true,
nuc-kinalakna,kina1251,kco,Kinalakna,,Nuclear Trans New Guinea,Papunesia,-6.05862,147.442,true,
nuc-kobol,kobo1248,kgu,Kobol,,Nuclear Trans New Guinea,Papunesia,-4.79614,145.284,true,
nuc-kobon,kobo1249,kpw,Kobon,,Nuclear Trans New Guinea,Papunesia,-5.16446,144.46,true,
nuc-kolom,kolo1267,klm,Kolom,,Nuclear Trans New Guinea,Papunesia,-5.57832,146.212,true,
nuc-komba,komb1273,kpf,Komba,,Nuclear Trans New Guinea,Papunesia,-6.16163,147.28,true,
nuc-kombai,komb1274,tyn,Kombai,,Nuclear Trans New Guinea,Papunesia,-5.54543,139.902,true,
nuc-komyandaret,komy1238,kzv,Komyandaret,,Nuclear Trans New Guinea,Papunesia,-5.25453,140.213,true,
nuc-kopkaka,kopk1238,opk,Kopkaka,,Nuclear Trans New Guinea,Papunesia,-4.91191,139.926,true,
nuc-korafe-yegha,kora1294,kpr,Korafe-Yegha,,Nuclear Trans New Guinea,Papunesia,-9.07,149.267,true,
nuc-korak,kora1296,koz,Korak,,Nuclear Trans New Guinea,Papunesia,-4.5998,145.514,true,
nuc-korowai,koro1312,khe,Korowai,,Nuclear Trans New Guinea,Papunesia,-5.26952,140.047,true,
nuc-korupun-sela,koru1245,kpq,Korupun-Sela,,Nuclear Trans New Guinea,Papunesia,-4.53497,139.678,true,
nuc-kosarek-yale,kosa1249,kkl,Kosarek Yale,,Nuclear Trans New Guinea,Papunesia,-4.06603,139.645,true,
nuc-kou,sins1241,snz,Kou,,Nuclear Trans New Guinea,Papunesia,-5.64336,145.599,true,
nuc-kovai,kova1243,kqb,Kovai,,Nuclear Trans New Guinea,Papunesia,-5.61712,147.862,true,
nuc-kowaki,kowa1245,xow,Kowaki,,Nuclear Trans New Guinea,Papunesia,-4.63032,145.412,true,
nuc-kowan,kowa1247,,Kowan,,Nuclear Trans New Guinea,,,,false,
nuc-kulsab,fait1240,faj,Kulsab,,Nuclear Trans New Guinea,Papunesia,-5.59947,145.298,true,
nuc-kulungtfu-yuanggeng-tobo,kube1244,kgf,Kulungtfu-Yuanggeng-Tobo,,Nuclear Trans New Guinea,Papunesia,-6.42586,147.536,true,
nuc-kuman,kuma1280,kue,Kuman,,Nuclear Trans New Guinea,Papunesia,-5.90586,144.977,true,
nuc-kumil,kumi1249,,Kumil,,Nuclear Trans New Guinea,,,,false,
nuc-kumukio,kumu1247,kuo,Kumukio,,Nuclear Trans New Guinea,Papunesia,-6.03128,147.411,true,
nuc-kwato,kwat1244,kop,Kwato,,Nuclear Trans New Guinea,Papunesia,-5.53799,145.629,true,
nuc-kwer,kwer1265,kwr,Kwer,,Nuclear Trans New Guinea,Papunesia,-5.02008,140.012,true,
nuc-kyaka,kyak1244,kyc,Kyaka,,Nuclear Trans New Guinea,Papunesia,-5.52462,144.119,true,
nuc-laiagam,laia1242,,Laiagam,,Nuclear Trans New Guinea,Papunesia,-5.45619,143.685,true,
nuc-lapalama-1,lapa1247,,Lapalama 1,,Nuclear Trans New Guinea,Papunesia,-5.45619,143.685,true,
nuc-lembena,lemb1266,leq,Lembena,,Nuclear Trans New Guinea,Papunesia,-4.99504,143.891,true,
nuc-lemio,lemi1243,lei,Lemio,,Nuclear Trans New Guinea,Papunesia,-5.6964,145.7817,true,
nuc-lower-grand-valley-dani,lowe1415,dni,Lower Grand Valley Dani,,Nuclear Trans New Guinea,Papunesia,-4.25684,138.992,true,
nuc-lower-grand-valley-hitigima,lowe1416,,Lower Grand Valley Hitigima,,Nuclear Trans New Guinea,Papunesia,-4.25684,138.992,true,
nuc-ma-manda,sauk1252,skc,Ma Manda,,Nuclear Trans New Guinea,Papunesia,-6.31958,146.759,true,
nuc-mabuso,mabu1247,,Mabuso,,Nuclear Trans New Guinea,,,,false,
nuc-madang,mada1298,,Madang,,Nuclear Trans New Guinea,,,,false,
nuc-madi-papua-new-guinea,madi1261,grg,Madi (Papua New Guinea),,Nuclear Trans New Guinea,Papunesia,-5.63017,146.407,true,
nuc-mado,mado1239,,Mado,,Nuclear Trans New Guinea,Papunesia,-9.40132,148.761,true,
nuc-magobineng,mago1249,,Magobineng,,Nuclear Trans New Guinea,Papunesia,-6.4795,147.757,true,
nuc-maia,maia1254,sks,Maia,,Nuclear Trans New Guinea,Papunesia,-4.50212,145.096,true,
nuc-maiani,maia1253,tnh,Maiani,,Nuclear Trans New Guinea,Papunesia,-4.55066,145.239,true,
nuc-mala-papua-new-guinea,mala1494,ped,Mala (Papua New Guinea),,Nuclear Trans New Guinea,Papunesia,-4.35889,145.04,true,
nuc-male-papua-new-guinea,male1291,mdc,Male (Papua New Guinea),,Nuclear Trans New Guinea,Papunesia,-5.49975,145.757,true,
nuc-mamaa,mama1277,mhf,Mamaa,,Nuclear Trans New Guinea,Papunesia,-6.35558,146.576,true,
nuc-manat,payn1244,pmr,Manat,,Nuclear Trans New Guinea,Papunesia,-4.94303,144.879,true,
nuc-mand,atem1241,ate,Mand,,Nuclear Trans New Guinea,Papunesia,-5.08137,144.806,true,
nuc-mandobo-atas,mand1444,aax,Mandobo Atas,,Nuclear Trans New Guinea,Papunesia,-5.69357,140.624,true,
nuc-mandobo-bawah,mand1445,bwp,Mandobo Bawah,,Nuclear Trans New Guinea,Papunesia,-6.37255,140.451,true,
nuc-manep,mala1495,mkr,Manep,,Nuclear Trans New Guinea,Papunesia,-4.76685,145.621,true,
nuc-mape,mape1249,mlh,Mape,,Nuclear Trans New Guinea,Papunesia,-6.59318,147.682,true,
nuc-matepi,mate1260,mqe,Matepi,,Nuclear Trans New Guinea,Papunesia,-5.13857,145.617,true,
nuc-mauwake,mauw1238,mhl,Mauwake,,Nuclear Trans New Guinea,Papunesia,-4.52416,145.394,true,
nuc-mawae,mawa1265,,Mawae,,Nuclear Trans New Guinea,Papunesia,-7.95814,147.579,true,
nuc-mawak,mawa1266,mjj,Mawak,,Nuclear Trans New Guinea,Papunesia,-4.61817,145.283,true,
nuc-mawan,mawa1267,mcz,Mawan,,Nuclear Trans New Guinea,Papunesia,-5.2219,145.589,true,
nuc-melpa,melp1238,med,Melpa,,Nuclear Trans New Guinea,Papunesia,-5.62644,144.34,true,
nuc-mese,mese1244,mci,Mese,,Nuclear Trans New Guinea,Papunesia,-6.56072,147.137,true,
nuc-mian,mian1256,mpt,Mian,,Nuclear Trans New Guinea,Papunesia,-4.70881,141.523,true,
nuc-miani,mian1254,pla,Miani,,Nuclear Trans New Guinea,Papunesia,-4.42116,145.276,true,
nuc-mid-grand-valley-dani,midg1235,dnt,Mid Grand Valley Dani,,Nuclear Trans New Guinea,Papunesia,-4.06322,138.945,true,
nuc-migabac,miga1241,mpp,Migabac,,Nuclear Trans New Guinea,Papunesia,-6.33237,147.713,true,
nuc-misman,mism1239,,Misman,,Nuclear Trans New Guinea,Papunesia,-5.80391,138.471,true,
nuc-moere,moer1240,mvq,Moere,,Nuclear Trans New Guinea,Papunesia,-4.62246,145.458,true,
nuc-mokati,wana1269,wnb,Mokati,,Nuclear Trans New Guinea,Papunesia,-4.78822,145.419,true,
nuc-momare,moma1243,msz,Momare,,Nuclear Trans New Guinea,Papunesia,-6.3409,147.79,true,
nuc-momogo-pupis-irogo,nort2917,nks,Momogo-Pupis-Irogo,,Nuclear Trans New Guinea,Papunesia,-4.89854,138.405,true,
nuc-moni,moni1261,mnz,Moni,,Nuclear Trans New Guinea,Papunesia,-3.72962,136.886,true,
nuc-moresada,more1258,msx,Moresada,,Nuclear Trans New Guinea,Papunesia,-4.57497,144.988,true,
nuc-morop-dintere,iwur1240,iwo,Morop-Dintere,,Nuclear Trans New Guinea,Papunesia,-5.11036,140.823,true,
nuc-mosimo,mosi1248,mqv,Mosimo,,Nuclear Trans New Guinea,Papunesia,-4.95226,145.605,true,
nuc-mum,mumm1238,kqa,Mum,,Nuclear Trans New Guinea,Papunesia,-4.83462,145.059,true,
nuc-mungkip,mung1272,mpv,Mungkip,,Nuclear Trans New Guinea,Papunesia,-6.46208,146.747,true,
nuc-munit,muni1257,mtc,Munit,,Nuclear Trans New Guinea,Papunesia,-5.24329,145.548,true,
nuc-muratayak,mura1271,asx,Muratayak,,Nuclear Trans New Guinea,Papunesia,-5.74416,146.54,true,
nuc-murupi,muru1273,mqw,Murupi,,Nuclear Trans New Guinea,Papunesia,-5.0245,145.606,true,
nuc-nabak,naba1256,naf,Nabak,,Nuclear Trans New Guinea,Papunesia,-6.42709,146.966,true,
nuc-nagac,niga1243,,Nagac,,Nuclear Trans New Guinea,Papunesia,-6.59318,147.682,true,
nuc-nakai,naka1265,nkj,Nakai,,Nuclear Trans New Guinea,Papunesia,-5.19377,140.512,true,
nuc-nakama,naka1264,nib,Nakama,,Nuclear Trans New Guinea,Papunesia,-6.41424,146.782,true,
nuc-nake,nake1240,nbk,Nake,,Nuclear Trans New Guinea,Papunesia,-5.09087,145.655,true,
nuc-nalca,nalc1240,nlc,Nalca,,Nuclear Trans New Guinea,Papunesia,-4.26068,139.883,true,
nuc-nankina,nank1250,nnk,Nankina,,Nuclear Trans New Guinea,Papunesia,-5.80804,146.464,true,
nuc-narak,nara1264,nac,Narak,,Nuclear Trans New Guinea,Papunesia,-5.5591,144.754,true,
nuc-nduga,ndug1245,ndx,Nduga,,Nuclear Trans New Guinea,Papunesia,-4.34043,138.411,true,
nuc-nek,nekk1240,nif,Nek,,Nuclear Trans New Guinea,Papunesia,-6.37697,146.841,true,
nuc-nekgini,nekg1240,nkg,Nekgini,,Nuclear Trans New Guinea,Papunesia,-5.64364,146.253,true,
nuc-neko,neko1240,nej,Neko,,Nuclear Trans New Guinea,Papunesia,-5.60034,146.306,true,
nuc-nend,nend1239,anh,Nend,,Nuclear Trans New Guinea,Papunesia,-5.04271,144.886,true,
nuc-nete,nete1240,net,Nete,,Nuclear Trans New Guinea,Papunesia,-5.02368,143.029,true,
nuc-ngaing,ngai1241,nnf,Ngaing,,Nuclear Trans New Guinea,Papunesia,-5.6513,146.343,true,
nuc-ngalum,ngal1298,szb,Ngalum,,Nuclear Trans New Guinea,Papunesia,-4.67682,141.03,true,
nuc-nggem,ngge1241,nbq,Nggem,,Nuclear Trans New Guinea,Papunesia,-3.62735,139.011,true,
nuc-nii,niii1240,nii,Nii,,Nuclear Trans New Guinea,Papunesia,-5.763,144.518,true,
nuc-nimi,nimi1240,nis,Nimi,,Nuclear Trans New Guinea,Papunesia,-6.34065,146.679,true,
nuc-ninggerum,ning1274,nxr,Ninggerum,,Nuclear Trans New Guinea,Papunesia,-5.43194,141.158,true,
nuc-nobonob,nobo1238,gaw,Nobonob,,Nuclear Trans New Guinea,Papunesia,-5.06952,145.712,true,
nuc-nokopo,noko1240,,Nokopo,,Nuclear Trans New Guinea,Papunesia,-5.94085,146.661,true,
nuc-nomu,nomu1240,noh,Nomu,,Nuclear Trans New Guinea,Papunesia,-6.10429,147.5,true,
nuc-north-binanderean,nort2909,,North Binanderean,,Nuclear Trans New Guinea,,,,false,
nuc-north-kamrau,kamb1302,irx,North Kamrau,,Nuclear Trans New Guinea,Papunesia,-3.53189,133.518,true,
nuc-north-muyu,nort2916,kti,North Muyu,,Nuclear Trans New Guinea,Papunesia,-5.55319,140.84,true,
nuc-north-tairora,nort2920,tbg,North Tairora,,Nuclear Trans New Guinea,Papunesia,-6.51563,145.959,true,
nuc-north-wahgi,nort2921,whg,North Wahgi,,Nuclear Trans New Guinea,Papunesia,-5.75356,144.804,true,
nuc-nuclear-binanderean,nucl1603,,Nuclear Binanderean,,Nuclear Trans New Guinea,,,,false,
nuc-nuclear-trans-new-guinea,nucl1709,,Nuclear Trans New Guinea,,Nuclear Trans New Guinea,,,,false,
nuc-nuk,nukk1240,noc,Nuk,,Nuclear Trans New Guinea,Papunesia,-6.40741,146.875,true,
nuc-nukna,nukn1238,klt,Nukna,,Nuclear Trans New Guinea,Papunesia,-6.0177,146.969,true,
nuc-numanggang,numa1254,nop,Numanggang,,Nuclear Trans New Guinea,Papunesia,-6.39311,146.719,true,
nuc-numugenan,numu1240,,Numugenan,,Nuclear Trans New Guinea,,,,false,
nuc-ogea,ogea1238,eri,Ogea,,Nuclear Trans New Guinea,Papunesia,-5.37766,145.71,true,
nuc-ok-oksapmin,okok1235,,Ok-Oksapmin,,Nuclear Trans New Guinea,,,,false,
nuc-oksapmin,oksa1245,opm,Oksapmin,,Nuclear Trans New Guinea,Papunesia,-5.20797,142.177,true,
nuc-ono,onoo1246,ons,Ono,,Nuclear Trans New Guinea,Papunesia,-6.19223,147.579,true,
nuc-orokaiva,orok1269,okv,Orokaiva,,Nuclear Trans New Guinea,Papunesia,-8.79019,148.09,true,
nuc-pal,pall1244,abw,Pal,,Nuclear Trans New Guinea,Papunesia,-4.756,145.24,true,
nuc-pamosu,pamo1253,hih,Pamosu,,Nuclear Trans New Guinea,Papunesia,-4.69874,145.288,true,
nuc-panim,pani1258,pnr,Panim,,Nuclear Trans New Guinea,Papunesia,-5.21388,145.752,true,
nuc-parawen,para1307,prw,Parawen,,Nuclear Trans New Guinea,Papunesia,-5.0112,145.418,true,
nuc-pass-valley-yali,pass1247,yac,Pass Valley Yali,,Nuclear Trans New Guinea,Papunesia,-3.76869,139.26,true,
nuc-pikaru,pika1238,,Pikaru,,Nuclear Trans New Guinea,Papunesia,-4.77763,143.213,true,
nuc-pila,pila1246,,Pila,,Nuclear Trans New Guinea,Papunesia,-4.50212,145.096,true,
nuc-pulabu,pula1267,pup,Pulabu,,Nuclear Trans New Guinea,Papunesia,-5.59558,145.738,true,
nuc-rai-coast,raic1241,,Rai Coast,,Nuclear Trans New Guinea,,,,false,
nuc-rapting,rapt1240,rpt,Rapting,,Nuclear Trans New Guinea,Papunesia,-4.99351,145.671,true,
nuc-rawa,rawa1267,rwo,Rawa,,Nuclear Trans New Guinea,Papunesia,-5.83155,145.937,true,
nuc-rempi,remp1241,rmp,Rempi,,Nuclear Trans New Guinea,Papunesia,-5.02487,145.782,true,
nuc-rerau,rera1240,rea,Rerau,,Nuclear Trans New Guinea,Papunesia,-5.51361,145.716,true,
nuc-saep,saep1240,spd,Saep,,Nuclear Trans New Guinea,Papunesia,-5.64812,146.078,true,
nuc-sakam,saka1292,skm,Sakam,,Nuclear Trans New Guinea,Papunesia,-6.18726,146.702,true,
nuc-saki,saki1249,,Saki,,Nuclear Trans New Guinea,Papunesia,-4.50212,145.096,true,
nuc-sam,samm1244,snx,Sam,,Nuclear Trans New Guinea,Papunesia,-5.55572,145.813,true,
nuc-samberigi,samb1321,ssx,Samberigi,,Nuclear Trans New Guinea,Papunesia,-6.7028,143.951,true,
nuc-samosa,samo1306,swm,Samosa,,Nuclear Trans New Guinea,Papunesia,-5.01391,145.537,true,
nuc-sari,sari1248,,Sari,,Nuclear Trans New Guinea,Papunesia,-5.45619,143.685,true,
nuc-saruga,saru1243,sra,Saruga,,Nuclear Trans New Guinea,Papunesia,-5.08824,145.578,true,
nuc-sausi,saus1246,ssj,Sausi,,Nuclear Trans New Guinea,Papunesia,-5.6873,145.492,true,
nuc-sawi,sawi1257,saw,Sawi,,Nuclear Trans New Guinea,Papunesia,-5.99286,138.643,true,
nuc-selepet,sele1250,spl,Selepet,,Nuclear Trans New Guinea,Papunesia,-6.03532,147.234,true,
nuc-sempan,semp1241,xse,Sempan,,Nuclear Trans New Guinea,Papunesia,-5.17582,137.588,true,
nuc-sene,sene1263,sej,Sene,,Nuclear Trans New Guinea,Papunesia,-6.3859,147.807,true,
nuc-senggo,seng1282,,Senggo,,Nuclear Trans New Guinea,Papunesia,-5.58276,139.461,true,
nuc-setaman,seta1246,stm,Setaman,,Nuclear Trans New Guinea,Papunesia,-5.31134,141.833,true,
nuc-sgi-bara,jili1241,jil,Sgi Bara,,Nuclear Trans New Guinea,Papunesia,-5.56611,145.706,true,
nuc-sialum,sial1240,slw,Sialum,,Nuclear Trans New Guinea,Papunesia,-6.07688,147.574,true,
nuc-siane,sian1257,snp,Siane,,Nuclear Trans New Guinea,Papunesia,-6.13188,145.247,true,
nuc-sihan-gum,siha1245,snr,Sihan (Gum),,Nuclear Trans New Guinea,Papunesia,-5.28029,145.574,true,
nuc-silimo,sili1249,wul,Silimo,,Nuclear Trans New Guinea,Papunesia,-4.52544,139.003,true,
nuc-silopi,silo1240,xsp,Silopi,,Nuclear Trans New Guinea,Papunesia,-5.12302,145.586,true,
nuc-siroi,siro1249,ssd,Siroi,,Nuclear Trans New Guinea,Papunesia,-5.52893,145.994,true,
nuc-sirva,sile1255,sbq,Sirva,,Nuclear Trans New Guinea,Papunesia,-4.98243,145.225,true,
nuc-sogeram,soge1235,,Sogeram,,Nuclear Trans New Guinea,,,,false,
nuc-som,somm1240,smc,Som,,Nuclear Trans New Guinea,Papunesia,-6.07366,146.651,true,
nuc-sop,sopp1247,urw,Sop,,Nuclear Trans New Guinea,Papunesia,-5.49605,145.361,true,
nuc-south-adelbert,sout3148,,South Adelbert,,Nuclear Trans New Guinea,,,,false,
nuc-south-awyu,sout2941,aws,South Awyu,,Nuclear Trans New Guinea,Papunesia,-7.36301,139.538,true,
nuc-south-binanderean,sout2934,,South Binanderean,,Nuclear Trans New Guinea,,,,false,
nuc-south-muyu,sout2940,kts,South Muyu,,Nuclear Trans New Guinea,Papunesia,-6.01385,140.815,true,
nuc-south-tairora,sout2943,omw,South Tairora,,Nuclear Trans New Guinea,Papunesia,-6.35337,145.883,true,
nuc-suena,suen1241,sue,Suena,,Nuclear Trans New Guinea,Papunesia,-7.76339,147.534,true,
nuc-suganga,suga1249,sug,Suganga,,Nuclear Trans New Guinea,Papunesia,-4.5071,141.2,true,
nuc-sumau,suma1270,six,Sumau,,Nuclear Trans New Guinea,Papunesia,-5.48556,145.474,true,
nuc-tafota-baruga,tafo1238,,Tafota Baruga,,Nuclear Trans New Guinea,Papunesia,-9.40132,148.761,true,
nuc-tamnim-citak,tamn1235,tml,Tamnim Citak,,Nuclear Trans New Guinea,Papunesia,-5.57962,139.233,true,
nuc-tangko,tang1353,tkx,Tangko,,Nuclear Trans New Guinea,Papunesia,-5.13343,140.269,true,
nuc-tauya,tauy1241,tya,Tauya,,Nuclear Trans New Guinea,Papunesia,-5.74255,145.366,true,
nuc-telefol,tele1256,tlf,Telefol,,Nuclear Trans New Guinea,Papunesia,-5.07444,141.731,true,
nuc-tifal,tifa1245,tif,Tifal,,Nuclear Trans New Guinea,Papunesia,-5.03899,141.293,true,
nuc-timbe,timb1251,tim,Timbe,,Nuclear Trans New Guinea,Papunesia,-6.06875,147.057,true,
nuc-tobo,tobo1251,tbv,Tobo,,Nuclear Trans New Guinea,Papunesia,-6.36263,147.376,true,
nuc-tokano,toka1244,zuh,Tokano,,Nuclear Trans New Guinea,Papunesia,-6.05047,145.298,true,
nuc-tsaukambo,tsak1250,kvz,Tsaukambo,,Nuclear Trans New Guinea,Papunesia,-5.39076,140.186,true,
nuc-tuma-irumu,tuma1250,iou,Tuma-Irumu,,Nuclear Trans New Guinea,Papunesia,-6.29221,146.609,true,
nuc-ufim,ufim1240,ufi,Ufim,,Nuclear Trans New Guinea,Papunesia,-6.05128,146.245,true,
nuc-ukuriguma,ukur1240,ukg,Ukuriguma,,Nuclear Trans New Guinea,Papunesia,-4.94407,145.514,true,
nuc-umbu-ungu,umbu1258,ubu,Umbu-Ungu,,Nuclear Trans New Guinea,Papunesia,-5.9513,143.97,true,
nuc-una,unaa1239,mtg,Una,,Nuclear Trans New Guinea,Papunesia,-4.69676,140.1,true,
nuc-upper-grand-valley-dani,uppe1430,dna,Upper Grand Valley Dani,,Nuclear Trans New Guinea,Papunesia,-3.94368,138.901,true,
nuc-urapmin,urap1239,urm,Urapmin,,Nuclear Trans New Guinea,Papunesia,-5.08704,141.54,true,
nuc-uri,urii1240,uvh,Uri,,Nuclear Trans New Guinea,Papunesia,-6.41993,146.608,true,
nuc-urigina,urig1240,urg,Urigina,,Nuclear Trans New Guinea,Papunesia,-5.58982,145.507,true,
nuc-usan,usan1239,wnu,Usan,,Nuclear Trans New Guinea,Papunesia,-4.84265,145.362,true,
nuc-utarmbung,utar1238,omo,Utarmbung,,Nuclear Trans New Guinea,Papunesia,-4.82756,144.924,true,
nuc-utu,utuu1240,utu,Utu,,Nuclear Trans New Guinea,Papunesia,-5.16422,145.544,true,
nuc-uya,uyaa1238,usu,Uya,,Nuclear Trans New Guinea,Papunesia,-5.32246,145.47,true,
nuc-wadaginam,wada1263,wdg,Wadaginam,,Nuclear Trans New Guinea,Papunesia,-4.52754,144.972,true,
nuc-waffa,waff1241,waj,Waffa,,Nuclear Trans New Guinea,Papunesia,-6.55783,146.09,true,
nuc-wagi-papua-new-guinea,wagi1249,fad,Wagi (Papua New Guinea),,Nuclear Trans New Guinea,Papunesia,-5.17834,145.726,true,
nuc-wahgi,nucl1620,wgi,Wahgi,,Nuclear Trans New Guinea,Papunesia,-6.11629,144.665,true,
nuc-walak,wala1269,wlw,Walak,,Nuclear Trans New Guinea,Papunesia,-3.8238,138.84,true,
nuc-wamas,wama1247,wmc,Wamas,,Nuclear Trans New Guinea,Papunesia,-4.97757,145.541,true,
nuc-wambon,wamb1259,wms,Wambon,,Nuclear Trans New Guinea,Papunesia,-5.44334,140.48,true,
nuc-wamora,wamo1241,,Wamora,,Nuclear Trans New Guinea,Papunesia,-6.4795,147.757,true,
nuc-wanggom,wang1299,wng,Wanggom,,Nuclear Trans New Guinea,Papunesia,-5.60094,140.194,true,
nuc-wano,wano1243,wno,Wano,,Nuclear Trans New Guinea,Papunesia,-3.47858,137.678,true,
nuc-wantoat,want1252,wnc,Wantoat,,Nuclear Trans New Guinea,Papunesia,-6.15216,146.513,true,
nuc-wapu,wapu1240,,Wapu,,Nuclear Trans New Guinea,Papunesia,-6.15216,146.513,true,
nuc-wasembo,wase1252,gsp,Wasembo,,Nuclear Trans New Guinea,Papunesia,-6.01318,145.969,true,
nuc-waskia,wask1241,wsk,Waskia,,Nuclear Trans New Guinea,Papunesia,-4.57978,145.979,true,
nuc-wemo,wemo1239,,Wemo,,Nuclear Trans New Guinea,Papunesia,-6.4795,147.757,true,
nuc-west-kewa,west2599,kew,West Kewa,,Nuclear Trans New Guinea,Papunesia,-6.32097,143.73,true,
nuc-west-sogeram,atan1241,,West Sogeram,,Nuclear Trans New Guinea,,,,false,
nuc-western-dani,west2594,dnw,Western Dani,,Nuclear Trans New Guinea,Papunesia,-3.77127,138.217,true,
nuc-wolani,wola1243,wod,Wolani,,Nuclear Trans New Guinea,Papunesia,-3.41642,136.703,true,
nuc-yaben,yabe1255,ybm,Yaben,,Nuclear Trans New Guinea,Papunesia,-4.90868,145.361,true,
nuc-yabong,yabo1240,ybo,Yabong,,Nuclear Trans New Guinea,Papunesia,-5.61718,146.2065,true,
nuc-yagaria,yaga1260,ygr,Yagaria,,Nuclear Trans New Guinea,Papunesia,-6.32432,145.388,true,
nuc-yagawak,yaga1259,,Yagawak,,Nuclear Trans New Guinea,Papunesia,-6.15216,146.513,true,
nuc-yamben,yamb1257,,Yamben,,Nuclear Trans New Guinea,Papunesia,-4.77103,145.5701,true,
nuc-yangulam,yang1298,ynl,Yangulam,,Nuclear Trans New Guinea,Papunesia,-5.52697,145.858,true,
nuc-yaosakor-asmat,yaos1235,asy,Yaosakor Asmat,,Nuclear Trans New Guinea,Papunesia,-5.61024,138.582,true,
nuc-yarawata,yara1250,yrw,Yarawata,,Nuclear Trans New Guinea,Papunesia,-4.93943,145.454,true,
nuc-yau-nungon,yaum1237,yuw,Yau-Nungon,,Nuclear Trans New Guinea,Papunesia,-6.08274,146.841,true,
nuc-yaweyuha,yawe1241,yby,Yaweyuha,,Nuclear Trans New Guinea,Papunesia,-6.1868,145.359,true,
nuc-yekora,yeko1240,ykr,Yekora,,Nuclear Trans New Guinea,Papunesia,-7.86248,147.463,true,
nuc-yoidik,yoid1240,ydk,Yoidik,,Nuclear Trans New Guinea,Papunesia,-4.94044,145.758,true,
nuc-yonggom,yong1280,yon,Yonggom,,Nuclear Trans New Guinea,Papunesia,-6.42956,141.213,true,
nuc-yopno,yopn1238,yut,Yopno,,Nuclear Trans New Guinea,Papunesia,-5.94085,146.661,true,
nuc-zia,ziaa1250,zia,Zia,,Nuclear Trans New Guinea,Papunesia,-7.95814,147.579,true,
nud-birked,birk1242,brk,Birked,,Nubian,Africa,12.5,24.83,true,
nud-dilling,dill1242,dil,Dilling,,Nubian,Africa,12.0347,29.6056,true,
nud-dongola,dong1288,dgl,Dongola,,Nubian,Africa,18.25,30.75,true,
nud-kadaru,kada1282,kdu,Kadaru,,Nubian,Africa,12.1554,30.2709,true,
nud-karko,kark1256,kko,Karko,,Nubian,Africa,12.0542,29.2074,true,
nud-kenuzi-dongola,kenu1236,kzh,Kenuzi-Dongola,,Nubian,Africa,21.2837,31.8992,true,
nud-midob,mido1240,mei,Midob,,Nubian,Africa,14.789,27.2236,true,
nud-nobiin,nobi1240,fia,Nobiin,,Nubian,Africa,22.8142,31.8376,true,
nud-old-nubian,oldn1245,onw,Old Nubian,,Nubian,Africa,18.760713,31.748657,true,
nud-uncunwee,ghul1238,ghl,Uncunwee,,Nubian,Africa,11.6432,29.8122,true,
nud-wali-sudan,wali1262,wll,Wali (Sudan),,Nubian,Africa,11.8634,29.1228,true,
nyi-afitti,afit1238,aft,Afitti,,Nyimang,Africa,12.446,30.7611,true,
nyi-ama-sudan,amas1236,nyi,Ama (Sudan),,Nyimang,Africa,12.0993,29.4332,true,
nyu-bardi,bard1255,bcj,Bardi,,Nyulnyulan,Australia,-16.6274,122.906,true,
nyu-djawi,djaw1238,djw,Djawi,,Nyulnyulan,Australia,-16.4163,123.186,true,
nyu-dyaberdyaber,dyab1238,dyb,Dyaberdyaber,,Nyulnyulan,Australia,-17.18653,122.52306,true,
nyu-ngumbarl,ngum1253,xnm,Ngumbarl,,Nyulnyulan,Australia,-17.491239,122.230025,true,
nyu-nimanbur,nima1245,nmp,Nimanbur,,Nyulnyulan,Australia,-17.374,123.228,true,
nyu-nyigina,nyig1240,nyh,Nyigina,,Nyulnyulan,Australia,-17.9594,124.348,true,
nyu-nyulnyul,nyul1247,nyv,Nyulnyul,,Nyulnyulan,Australia,-16.9129,122.851,true,
nyu-warrwa,warr1258,wwr,Warrwa,,Nyulnyulan,Australia,-17.0965,123.971,true,
nyu-yawuru,yawu1244,ywr,Yawuru,,Nyulnyulan,Australia,-18.004,122.693,true,
odi-odiai,odia1239,bhf,Odiai,,Odiai,Papunesia,-3.82276,141.336,true,
omu-omurano,omur1241,omu,Omurano,,Omurano,South America,-4.09028,-76.01,true,
ong-ongota,bira1253,bxe,Ongota,,Ongota,Africa,5.29807,37.025,true,
oto-acatepec-me-phaa,acat1239,tpx,Acatepec Me'phaa,,Otomanguean,North America,17.1034,-99.0602,true,
oto-alacatlatzala-mixtec,alac1244,mim,Alacatlatzala Mixtec,,Otomanguean,North America,17.25,-98.58,true,
oto-alcozauca-mixtec,alco1235,xta,Alcozauca Mixtec,,Otomanguean,North America,17.3687,-98.3969,true,
oto-aloapam-zapotec,aloa1235,zaq,Aloápam Zapotec,,Otomanguean,North America,17.4137,-96.7438,true,
oto-amatlan-zapotec,amat1238,zpo,Amatlán Zapotec,,Otomanguean,North America,16.2707,-96.4003,true,
oto-apasco-apoala-mixtec,apas1235,mip,Apasco-Apoala Mixtec,,Otomanguean,North America,17.6143,-97.0657,true,
oto-asuncion-mixtepec-zapotec,asun1236,zoo,Asunción Mixtepec Zapotec,,Otomanguean,North America,16.8762,-96.8704,true,
oto-atatlahuca-mixtec,atat1238,mib,Atatláhuca Mixtec,,Otomanguean,North America,17.07133,-97.67753,true,
oto-atzingo-matlatzinca,atzi1235,ocu,Atzingo Matlatzinca,,Otomanguean,North America,19.3871,-99.9239,true,
oto-ayautla-mazatec,ayau1235,vmy,Ayautla Mazatec,,Otomanguean,North America,18.0993,-96.5952,true,
oto-ayoquesco-zapotec,ayoq1235,zaf,Ayoquesco Zapotec,,Otomanguean,North America,16.6633,-96.8575,true,
oto-ayutla-mixtec,ayut1236,miy,Ayutla Mixtec,,Otomanguean,North America,16.96667,-99.0967,true,
oto-azoyu-me-phaa,azoy1236,tpc,Azoyú Me'phaa,,Otomanguean,North America,16.7584,-98.5241,true,
oto-cacaloxtepec-mixtec,caca1250,miu,Cacaloxtepec Mixtec,,Otomanguean,North America,17.7248,-97.7637,true,
oto-cajonos-zapotec,cajo1238,zad,Cajonos Zapotec,,Otomanguean,North America,17.1427,-96.3352,true,
oto-central-mazahua,cent2144,maz,Central Mazahua,,Otomanguean,North America,19.7357,-100.018,true,
oto-chayuco-mixtec,chay1249,mih,Chayuco Mixtec,,Otomanguean,North America,16.42,-97.83,true,
oto-chazumba-mixtec,chaz1235,xtb,Chazumba Mixtec,,Otomanguean,North America,18.1541,-97.7873,true,
oto-chiapanec,chia1262,cip,Chiapanec,,Otomanguean,North America,16.6562,-91.9417,true,
oto-chicahuaxtla-triqui,chic1273,trs,Chicahuaxtla Triqui,,Otomanguean,North America,17.1628,-97.8547,true,
oto-chichicapan-zapotec,chic1274,zpv,Chichicapan Zapotec,,Otomanguean,North America,16.8459,-96.5486,true,
oto-chichimeca-jonaz,chic1272,pei,Chichimeca-Jonaz,,Otomanguean,North America,21.2943,-100.524,true,
oto-chigmecatitlan-mixtec,chig1239,mii,Chigmecatitlán Mixtec,,Otomanguean,North America,18.6303,-98.1046,true,
oto-chiquihuitlan-mazatec,chiq1250,maq,Chiquihuitlán Mazatec,,Otomanguean,North America,18.0541,-96.6659,true,
oto-choapan-zapotec,choa1237,zpc,Choapan Zapotec,,Otomanguean,North America,17.4371,-95.8656,true,
oto-chochotec,choc1279,coz,Chochotec,,Otomanguean,North America,17.666,-97.2388,true,
oto-coatecas-altas-zapotec,coat1244,zca,Coatecas Altas Zapotec,,Otomanguean,North America,16.5609,-96.7336,true,
oto-coatlan-zapotec,coat1243,zps,Coatlán Zapotec,,Otomanguean,North America,16.1463,-96.7683,true,
oto-coatzospan-mixtec,coat1241,miz,Coatzospan Mixtec,,Otomanguean,North America,18.048748,-96.763633,true,
oto-coicoyan,coic1238,,Coicoyán,,Otomanguean,North America,17.27301,-98.27588,true,
oto-copala-triqui,copa1237,trc,Copala Triqui,,Otomanguean,North America,17.1541,-97.9826,true,
oto-coyotepec-popoloca,coyo1236,pbf,Coyotepec Popoloca,,Otomanguean,North America,18.3814,-97.6258,true,
oto-cuatzoquitengo,cuat1239,,Cuatzoquitengo,,Otomanguean,North America,17.288353,-98.615523,true,
oto-cuyamecalco-mixtec,cuya1240,xtu,Cuyamecalco Mixtec,,Otomanguean,North America,18.0821,-96.7314,true,
oto-diuxi-tilantongo-mixtec,diux1235,xtd,Diuxi-Tilantongo Mixtec,,Otomanguean,North America,17.3596,-97.3861,true,
oto-eastern-highland-otomi,east2556,otm,Eastern Highland Otomi,,Otomanguean,North America,20.5991,-98.0978,true,
oto-estado-de-mexico-otomi,esta1236,ots,Estado de México Otomi,,Otomanguean,North America,19.8781,-99.61,true,
oto-guerrero-amuzgo,guer1243,amu,Guerrero Amuzgo,,Otomanguean,North America,16.77226,-98.18953,true,
oto-guevea-de-humboldt-zapotec,guev1238,zpg,Guevea De Humboldt Zapotec,,Otomanguean,North America,16.7312,-95.3641,true,
oto-huautla-mazatec,huau1238,mau,Huautla Mazatec,,Otomanguean,North America,18.2556,-96.724,true,
oto-huitepec-mixtec,huit1252,mxs,Huitepec Mixtec,,Otomanguean,North America,16.9476,-97.1236,true,
oto-isthmus-zapotec,isth1244,zai,Isthmus Zapotec,,Otomanguean,North America,16.4548,-94.8444,true,
oto-itundujia-mixtec,itun1239,mce,Itundujia Mixtec,,Otomanguean,North America,16.77876,-97.59753,true,
oto-ixcatec,ixca1245,ixc,Ixcatec,,Otomanguean,North America,17.7597,-97.1242,true,
oto-ixcatlan-mazatec,ixca1246,mzi,Ixcatlán Mazatec,,Otomanguean,North America,18.1531,-96.5719,true,
oto-ixtayutla-mixtec,ixta1235,vmj,Ixtayutla Mixtec,,Otomanguean,North America,16.5774,-97.5759,true,
oto-ixtenco-otomi,ixte1237,otz,Ixtenco Otomi,,Otomanguean,North America,19.2146,-98.0272,true,
oto-jalapa-de-diaz-mazatec,jala1237,maj,Jalapa De Díaz Mazatec,,Otomanguean,North America,18.0803,-96.4977,true,
oto-jamiltepec-mixtec,jami1235,mxt,Jamiltepec Mixtec,,Otomanguean,North America,16.2279,-97.8417,true,
oto-juxtlahuaca-mixtec,juxt1235,vmc,Juxtlahuaca Mixtec,,Otomanguean,North America,17.3518,-98.0146,true,
oto-lachixio-zapotec,lach1249,zpl,Lachixío Zapotec,,Otomanguean,North America,16.7215,-96.9318,true,
oto-lealao-chinantec,leal1235,cle,Lealao Chinantec,,Otomanguean,North America,17.3162,-95.9265,true,
oto-loxicha-zapotec,loxi1235,ztp,Loxicha Zapotec,,Otomanguean,North America,15.8442,-96.6997,true,
oto-magdalena-penasco-mixtec,magd1235,xtm,Magdalena Peñasco Mixtec,,Otomanguean,North America,17.2837,-97.5413,true,
oto-malinaltepec-me-phaa,mali1285,tcf,Malinaltepec Me'phaa,,Otomanguean,North America,17.2122,-98.6322,true,
oto-mangue,moni1237,mom,Mangue,,Otomanguean,North America,13.5343,-85.1746,true,
oto-mazatlan-mazatec,maza1296,vmz,Mazatlán Mazatec,,Otomanguean,North America,18.0829,-96.8889,true,
oto-mezontla-popoloca,mezo1235,pbe,Mezontla Popoloca,,Otomanguean,North America,18.1442,-97.5879,true,
oto-mezquital-otomi,mezq1235,ote,Mezquital Otomi,,Otomanguean,North America,20.2274,-99.5564,true,
oto-michoacan-mazahua,mich1246,mmc,Michoacán Mazahua,,Otomanguean,North America,19.7239,-100.293,true,
oto-mitla-zapotec,mitl1236,zaw,Mitla Zapotec,,Otomanguean,North America,16.86849,-96.29434,true,
oto-mixtepec-mixtec,mixt1425,mix,Mixtepec Mixtec,,Otomanguean,North America,17.3317,-97.8791,true,
oto-mixtepec-zapotec,mixt1426,zpm,Mixtepec Zapotec,,Otomanguean,North America,16.1724,-96.2372,true,
oto-nopala-chatino,nopa1235,cya,Nopala Chatino,,Otomanguean,North America,16.0954,-97.1339,true,
oto-northern-tlaxiaco-mixtec,nort2985,xtn,Northern Tlaxiaco Mixtec,,Otomanguean,North America,17.4806,-97.8349,true,
oto-nuyoo,nuyo1238,,Nuyoo,,Otomanguean,North America,17.0147,-97.76674,true,
oto-ocotepec-mixtec,ocot1243,mie,Ocotepec Mixtec,,Otomanguean,North America,17.144191,-97.763219,true,
oto-ocotlan-zapotec,ocot1244,zac,Ocotlán Zapotec,,Otomanguean,North America,16.8258,-96.7263,true,
oto-ojitlan-chinantec,ojit1237,chj,Ojitlán Chinantec,,Otomanguean,North America,18.075,-96.3369,true,
oto-ozolotepec-zapotec,ozol1235,zao,Ozolotepec Zapotec,,Otomanguean,North America,16.04,-96.3686,true,
oto-ozumacin-chinantec,ozum1235,chz,Ozumacín Chinantec,,Otomanguean,North America,17.6976,-96.2249,true,
oto-palantla-chinantec,pala1351,cpa,Palantla Chinantec,,Otomanguean,North America,17.884,-96.3407,true,
oto-penoles-mixtec,peno1244,mil,Peñoles Mixtec,,Otomanguean,North America,17.0671,-97.0101,true,
oto-pinotepa-nacional-mixtec,pino1237,mio,Pinotepa Nacional Mixtec,,Otomanguean,North America,16.3043,-97.9966,true,
oto-queretaro-otomi,quer1236,otq,Querétaro Otomi,,Otomanguean,North America,20.1396,-100.115,true,
oto-quioquitani-quieri-zapotec,quio1241,ztq,Quioquitani-Quieri Zapotec,,Otomanguean,North America,16.3416,-96.1555,true,
oto-rincon-zapotec,rinc1236,zar,Rincón Zapotec,,Otomanguean,North America,17.4451,-96.3144,true,
oto-san-agustin-tlacotepec,sana1284,,San Agustín Tlacotepec,,Otomanguean,North America,17.203646,-97.51853,true,
oto-san-baltazar-loxicha-zapotec,sanb1241,zpx,San Baltazar Loxicha Zapotec,,Otomanguean,North America,16.0409,-96.762,true,
oto-san-felipe-otlaltepec-popoloca,sanf1264,pow,San Felipe Otlaltepec Popoloca,,Otomanguean,North America,18.3594,-97.7432,true,
oto-san-francisco-matlatzinca,sanf1262,mat,San Francisco Matlatzinca,,Otomanguean,North America,19.3584,-100.058,true,
oto-san-jeronimo-tecoatl-mazatec,sanj1286,maa,San Jerónimo Tecóatl Mazatec,,Otomanguean,North America,18.1999,-96.8833,true,
oto-san-juan-atzingo-popoloca,sanj1285,poe,San Juan Atzingo Popoloca,,Otomanguean,North America,18.22245,-97.37923,true,
oto-san-juan-colorado-mixtec,sanj1281,mjc,San Juan Colorado Mixtec,,Otomanguean,North America,16.46073,-97.95446,true,
oto-san-martin-itunyoso-triqui,sanm1298,trq,San Martín Itunyoso Triqui,,Otomanguean,North America,17.2428,-97.9202,true,
oto-san-martin-peras,sanm1291,,San Martín Peras,,Otomanguean,North America,17.35912,-98.237249,true,
oto-san-miguel-achiutla-mixtec,sanm1292,,San Miguel Achiutla Mixtec,,Otomanguean,North America,17.3065,-97.48886,true,
oto-san-miguel-chalcatongo,sanm1296,,San Miguel Chalcatongo,,Otomanguean,North America,17.03226,-97.57074,true,
oto-san-miguel-el-grande-mixtec,sanm1295,mig,San Miguel El Grande Mixtec,,Otomanguean,North America,17.046881,-97.622482,true,
oto-san-miguel-piedras-mixtec,sanm1294,xtp,San Miguel Piedras Mixtec,,Otomanguean,North America,16.9944,-97.2056,true,
oto-san-pedro-amuzgos-amuzgo,sanp1260,azg,San Pedro Amuzgos Amuzgo,,Otomanguean,North America,16.5198,-98.0464,true,
oto-san-pedro-molinos,sanp1259,,San Pedro Molinos,,Otomanguean,North America,17.10495,-97.54152,true,
oto-san-pedro-quiatoni-zapotec,sanp1261,zpf,San Pedro Quiatoni Zapotec,,Otomanguean,North America,16.7608,-96.0899,true,
oto-san-vicente-coatlan-zapotec,sanv1242,zpt,San Vicente Coatlán Zapotec,,Otomanguean,North America,16.2817,-96.8667,true,
oto-santa-ines-yatzechi-zapotec,sant1447,zpn,Santa Inés Yatzechi Zapotec,,Otomanguean,North America,16.8842,-96.7527,true,
oto-santa-lucia-monteverde-mixtec,sant1439,mdv,Santa Lucía Monteverde Mixtec,,Otomanguean,North America,16.9969,-97.6277,true,
oto-santa-maria-acatepec,sant1441,,Santa María Acatepec,,Otomanguean,North America,16.76337,-97.98945,true,
oto-santa-maria-papalo,sant1437,,Santa María Pápalo,,Otomanguean,North America,17.756,-96.788,true,
oto-santa-maria-penoles,sant1445,,Santa María Peñoles,,Otomanguean,North America,17.07959,-97.00272,true,
oto-santa-maria-quiegolani-zapotec,sant1451,zpi,Santa María Quiegolani Zapotec,,Otomanguean,North America,16.033,-96.0486,true,
oto-santa-maria-zacatepec-mixtec,sant1436,mza,Santa María Zacatepec Mixtec,,Otomanguean,North America,16.7003,-97.9484,true,
oto-santiago-tlazoyaltepec,sant1446,,Santiago Tlazoyaltepec,,Otomanguean,North America,17.027396,-96.995835,true,
oto-santiago-xanica-zapotec,sant1452,zpr,Santiago Xanica Zapotec,,Otomanguean,North America,15.8836,-96.2186,true,
oto-santo-domingo-albarradas-zapotec,sant1450,zas,Santo Domingo Albarradas Zapotec,,Otomanguean,North America,17.0345,-96.281,true,
oto-santo-domingo-heundio-mixtec,sant1440,,Santo Domingo Heundío Mixtec,,Otomanguean,North America,17.252957,-97.505399,true,
oto-sierra-de-juarez-zapotec,sier1250,zaa,Sierra de Juárez Zapotec,,Otomanguean,North America,17.4219,-96.6191,true,
oto-silacayoapan-mixtec,sila1250,mks,Silacayoapan Mixtec,,Otomanguean,North America,17.5541,-98.1163,true,
oto-sindihui-mixtec,sind1277,xts,Sindihui Mixtec,,Otomanguean,North America,17.02,-97.3036,true,
oto-sinicahua-mixtec,sini1243,xti,Sinicahua Mixtec,,Otomanguean,North America,17.2218,-97.5904,true,
oto-sochiapam-chinantec,soch1239,cso,Sochiapam Chinantec,,Otomanguean,North America,17.7985,-96.6079,true,
oto-southeastern-nochixtlan-mixtec,sout3002,mxy,Southeastern Nochixtlán Mixtec,,Otomanguean,North America,17.21219,-97.01454,true,
oto-southern-pame,sout2999,pmz,Southern Pame,,Otomanguean,North America,20.966,-99.334,true,
oto-southern-puebla-mixtec,sout3001,mit,Southern Puebla Mixtec,,Otomanguean,North America,18.2123,-97.9572,true,
oto-southern-rincon-zapotec,sout3004,zsr,Southern Rincon Zapotec,,Otomanguean,North America,17.3031,-96.3775,true,
oto-soyaltepec-mazatec,soya1237,vmp,Soyaltepec Mazatec,,Otomanguean,North America,18.2868,-96.4946,true,
oto-soyaltepec-mixtec,soya1236,vmq,Soyaltepec Mixtec,,Otomanguean,North America,17.5892,-97.19211,true,
oto-subtiaba,subt1250,sut,Subtiaba,,Otomanguean,North America,12.4667,-86.9166,true,
oto-tabaa-zapotec,taba1268,zat,Tabaa Zapotec,,Otomanguean,North America,17.2822,-96.2777,true,
oto-tacahua-yolotepec-mixtec,taca1257,xtt,Tacahua-Yolotepec Mixtec,,Otomanguean,North America,16.9648,-97.4537,true,
oto-tamazola-mixtec,tama1339,vmx,Tamazola Mixtec,,Otomanguean,North America,17.1258,-97.0998,true,
oto-tataltepec-chatino,tata1258,cta,Tataltepec Chatino,,Otomanguean,North America,16.2963,-97.5311,true,
oto-teita-tataltepec-mixtec,sanj1282,xtj,Teita-Tataltepec Mixtec,,Otomanguean,North America,17.1542,-97.3899,true,
oto-temoaya-otomi,temo1245,ott,Temoaya Otomi,,Otomanguean,North America,19.6001,-99.6541,true,
oto-tenango-otomi,tena1241,otn,Tenango Otomi,,Otomanguean,North America,20.4262,-98.1751,true,
oto-tepeuxila-cuicatec,tepe1280,cux,Tepeuxila Cuicatec,,Otomanguean,North America,17.756,-96.788,true,
oto-teutila-cuicatec,teut1235,cut,Teutila Cuicatec,,Otomanguean,North America,17.9029,-96.6645,true,
oto-texmelucan-zapotec,texm1235,zpz,Texmelucan Zapotec,,Otomanguean,North America,16.49197,-97.08947,true,
oto-tezoatlan-mixtec,tezo1238,mxb,Tezoatlán Mixtec,,Otomanguean,North America,17.6155,-97.9002,true,
oto-tidaa-mixtec,tida1235,mtx,Tidaá Mixtec,,Otomanguean,North America,17.4142,-97.3333,true,
oto-tilapa-otomi,tila1239,otl,Tilapa Otomi,,Otomanguean,North America,19.4403,-99.5074,true,
oto-tilquiapan-zapotec,tilq1235,zts,Tilquiapan Zapotec,,Otomanguean,North America,16.8529,-96.6321,true,
oto-tlacoapa-me-phaa,tlac1237,tpl,Tlacoapa Me'phaa,,Otomanguean,North America,17.3262,-98.8013,true,
oto-tlacoatzintepec-chinantec,tlac1239,ctl,Tlacoatzintepec Chinantec,,Otomanguean,North America,17.8646,-96.5176,true,
oto-tlacolulita-zapotec,tlac1240,zpk,Tlacolulita Zapotec,,Otomanguean,North America,16.2971,-95.7414,true,
oto-tututepec-mixtec,tutu1243,mtu,Tututepec Mixtec,,Otomanguean,North America,16.11351,-97.55969,true,
oto-usila-chinantec,usil1237,cuc,Usila Chinantec,,Otomanguean,North America,17.9184,-96.4074,true,
oto-valle-nacional-chinantec,vall1253,cvn,Valle Nacional Chinantec,,Otomanguean,North America,17.7964,-96.3187,true,
oto-western-highland-chatino,west2644,ctp,Western Highland Chatino,,Otomanguean,North America,16.2495,-97.3244,true,
oto-western-juxtlahuaca-mixtec,west2643,jmx,Western Juxtlahuaca Mixtec,,Otomanguean,North America,17.3003,-98.2096,true,
oto-western-tlacolula-valley-zapotec,sanj1284,zab,Western Tlacolula Valley Zapotec,,Otomanguean,North America,17.0332,-96.5967,true,
oto-xanaguia-zapotec,xana1235,ztg,Xanaguía Zapotec,,Otomanguean,North America,15.9748,-96.1927,true,
oto-xochapa-mixtec,xoch1238,,Xochapa Mixtec,,Otomanguean,North America,17.38134,-98.44988,true,
oto-yalalag-zapotec,yala1267,zpu,Yalálag Zapotec,,Otomanguean,North America,17.2134,-96.2183,true,
oto-yareni-zapotec,yare1249,zae,Yareni Zapotec,,Otomanguean,North America,17.3406,-96.7052,true,
oto-yatee-zapotec,yate1242,zty,Yatee Zapotec,,Otomanguean,North America,17.2888,-96.198,true,
oto-yatzachi-zapotec,yatz1235,zav,Yatzachi Zapotec,,Otomanguean,North America,17.1869,-96.284,true,
oto-yoloxochitl-mixtec,yolo1241,xty,Yoloxochitl Mixtec,,Otomanguean,North America,16.8059,-98.6293,true,
oto-yosonama,yoso1238,,Yosoñama,,Otomanguean,North America,17.427198,-97.772669,true,
oto-yosondua-mixtec,yoso1239,mpm,Yosondúa Mixtec,,Otomanguean,North America,16.874,-97.579,true,
oto-yucu-nuti,yucu1251,,Yucu Ñuti,,Otomanguean,North America,17.63409,-97.89151,true,
oto-yucuane-mixtec,yucu1250,mvg,Yucuañe Mixtec,,Otomanguean,North America,17.2832,-97.4285,true,
oto-yucuhiti,yucu1249,,Yucuhiti,,Otomanguean,North America,17.03036,-97.782372,true,
oto-zacatepec-chatino,zaca1242,ctz,Zacatepec Chatino,,Otomanguean,North America,16.08,-97.3069,true,
oto-zaniza-zapotec,zani1235,zpw,Zaniza Zapotec,,Otomanguean,North America,16.6804,-97.2876,true,
oto-zenzontepec-chatino,zenz1235,czn,Zenzontepec Chatino,,Otomanguean,North America,16.52799,-97.45546,true,
oto-zoogocho-zapotec,zoog1238,zpq,Zoogocho Zapotec,,Otomanguean,North America,17.2016,-96.3433,true,
oys-oyster-bay-big-river-little-swanport,oyst1235,xpd,Oyster Bay-Big River-Little Swanport,,Oyster Bay-Big River-Little Swanport,Australia,-42.307378,147.50061,true,
pae-paez,paez1247,pbb,Páez,,Páez,South America,2.61516,-76.31254,true,
pah-agob,agob1245,,Agöb,,Pahoturi,Papunesia,-9.08521,142.532,true,
pah-agob-ende-kawam,agob1244,kit,Agob-Ende-Kawam,,Pahoturi,Papunesia,-9.08521,142.532,true,
pah-ende-papua-new-guinea,ende1235,,Ende (Papua New Guinea),,Pahoturi,Papunesia,-8.957786,142.240799,true,
pah-idi,nucl1597,,Idi,,Pahoturi,Papunesia,-8.75976,142.301,true,
pah-idi-taeme,idii1243,idi,Idi-Taeme,,Pahoturi,Papunesia,-8.75976,142.301,true,
pah-kawam,kawa1281,,Kawam,,Pahoturi,Papunesia,-9.08521,142.532,true,
pah-taeme,tame1238,,Taeme,,Pahoturi,Papunesia,-8.75976,142.301,true,
pal-achumawi,achu1247,acv,Achumawi,,Palaihnihan,North America,41.0979,-121.191,true,
pal-atsugewi,atsu1245,atw,Atsugewi,,Palaihnihan,North America,40.4271,-120.661,true,
pan-amahuaca,amah1246,amc,Amahuaca,,Pano-Tacanan,South America,-10.2012,-72.3208,true,
pan-araona,arao1248,aro,Araona,,Pano-Tacanan,South America,-12.4242,-67.7293,true,
pan-arara-shawanawa,arar1265,,Arara-Shawanawa,,Pano-Tacanan,South America,-7.97456,-71.56151,true,
pan-capanahua,capa1241,kaq,Capanahua,,Pano-Tacanan,South America,-6.63254,-74.3813,true,
pan-cashibo-cacataibo,cash1251,cbr,Cashibo-Cacataibo,,Pano-Tacanan,South America,-8.70232,-75.4206,true,
pan-cashinahua,cash1254,cbs,Cashinahua,,Pano-Tacanan,South America,-9.72027,-71.1733,true,
pan-cavinena,cavi1250,cav,Cavineña,,Pano-Tacanan,South America,-13.3544,-66.6277,true,
pan-chacobo,chac1251,cao,Chácobo,,Pano-Tacanan,South America,-12.133,-66.7164,true,
pan-ese-ejja,esee1248,ese,Ese Ejja,,Pano-Tacanan,South America,-11.7268,-67.515,true,
pan-isconahua,isco1239,isc,Isconahua,,Pano-Tacanan,South America,-7.75236,-74.5193,true,
pan-kaxarari,kaxa1239,ktx,Kaxararí,,Pano-Tacanan,South America,-9.47288,-66.3329,true,
pan-korubo,koru1247,xor,Korubo,,Pano-Tacanan,South America,-5.3655,-70.5094,true,
pan-kulina-pano,kuli1255,xpk,Kulina Pano,,Pano-Tacanan,South America,-6.17715,-72.0438,true,
pan-marinahua,mari1443,,Marinahua,,Pano-Tacanan,South America,-9.8626,-71.1232,true,
pan-marubo,maru1252,mzr,Marúbo,,Pano-Tacanan,South America,-6.60703,-72.4027,true,
pan-mastanahua,mast1238,,Mastanahua,,Pano-Tacanan,South America,-9.8626,-71.1232,true,
pan-matis,mati1255,mpq,Matís,,Pano-Tacanan,South America,-4.3553,-70.2079,true,
pan-matses,mats1244,mcf,Matsés,,Pano-Tacanan,South America,-5.73914,-72.6281,true,
pan-nawa,nawa1239,,Nawa,,Pano-Tacanan,South America,-7.68,-72.0,true,
pan-nukuini,nuku1263,nuc,Nukuini,,Pano-Tacanan,South America,-7.339,-73.5044,true,
pan-pacahuara,paca1246,pcp,Pacahuara,,Pano-Tacanan,South America,-11.9968,-65.5568,true,
pan-panoan-katukina,pano1254,knt,Panoan Katukína,,Pano-Tacanan,South America,-7.97456,-71.56151,true,
pan-panobo,pano1255,pno,Panobo,,Pano-Tacanan,South America,-7.16666,-75.0,true,
pan-poyanawa,poya1241,pyn,Poyanáwa,,Pano-Tacanan,South America,-7.46909,-73.0758,true,
pan-shanenawa,shan1283,swo,Shanenawa,,Pano-Tacanan,South America,-8.00919,-73.3264,true,
pan-sharanahua,shar1245,mcd,Sharanahua,,Pano-Tacanan,South America,-9.8626,-71.1232,true,
pan-shipibo-conibo,ship1254,shp,Shipibo-Conibo,,Pano-Tacanan,South America,-7.17105,-74.8219,true,
pan-tacana,taca1256,tna,Tacana,,Pano-Tacanan,South America,-13.39249,-68.04056,true,
pan-yaminahua,yami1256,yaa,Yaminahua,,Pano-Tacanan,South America,-9.8846,-71.5964,true,
pan-yawanawa,yawa1260,ywn,Yawanawa,,Pano-Tacanan,South America,-8.87563,-71.8199,true,
pap-papi,papi1255,ppe,Papi,,Papi,Papunesia,-4.4725,142.011,true,
pau-dubu,dubu1240,dmu,Dubu,,Pauwasi,Papunesia,-3.62591,140.768,true,
pau-emumu,emum1240,enr,Emumu,,Pauwasi,Papunesia,-3.74242,140.903,true,
pau-karkar-yuri,kark1258,yuj,Karkar-Yuri,,Pauwasi,Papunesia,-3.74954,141.098,true,
pau-towei,towe1240,ttn,Towei,,Pauwasi,Papunesia,-3.87428,140.803,true,
pau-yafi,yafi1240,wfg,Yafi,,Pauwasi,Papunesia,-3.39765,140.897,true,
paw-pawaia,pawa1255,pwa,Pawaia,,Pawaia,Papunesia,-6.88021,145.081,true,
peb-peba,peba1243,,Peba,,Peba-Yagua,South America,-3.5,-72.0,true,
peb-yagua,yagu1244,yad,Yagua,,Peba-Yagua,South America,-3.42913,-72.2186,true,
peb-yameo,yame1242,yme,Yameo,,Peba-Yagua,South America,-4.16666,-73.6667,true,
pel-pele-ata,pele1245,ata,Pele-Ata,,Pele-Ata,Papunesia,-5.58045,151.05,true,
pia-haruai,haru1245,tmd,Haruai,,Piawi,Papunesia,-5.09522,144.3375,true,
pia-pinai-hagahai,pina1252,pnn,Pinai-Hagahai,,Piawi,Papunesia,-5.12624,144.137,true,
pid-chinese-pidgin-english,chin1253,cpi,Chinese Pidgin English,,Pidgin,Eurasia,-0.53224,166.926,true,
pid-fanagalo,fana1235,fng,Fanagalo,,Pidgin,Africa,-25.384842,27.1400833333,true,
pid-hiri-motu,hiri1237,hmo,Hiri Motu,,Pidgin,Papunesia,-9.33333,147.083,true,
pid-mediterranean-lingua-franca,ling1242,pml,Mediterranean Lingua Franca,,Pidgin,Africa,33.8613,10.8531,true,
pid-mobilian,mobi1236,mod,Mobilian,,Pidgin,North America,30.47,-91.75,true,
pid-ndyuka-trio-pidgin,ndyu1241,njt,Ndyuka-Trio Pidgin,,Pidgin,South America,2.94789,-56.0182,true,
pir-piraha,pira1253,myp,Pirahã,,Pirahã,South America,-6.77713,-61.8167,true,
pny-adnyamathanha,adny1235,adt,Adnyamathanha,,Pama-Nyungan,Australia,-30.1451,138.671,true,
pny-aghu-tharnggalu,aghu1254,ggr,Aghu Tharnggalu,,Pama-Nyungan,Australia,-13.735,142.426,true,
pny-alyawarr,alya1239,aly,Alyawarr,,Pama-Nyungan,Australia,-21.0427,136.835,true,
pny-andegerebinha,ande1247,adg,Andegerebinha,,Pama-Nyungan,Australia,-22.51278,137.3515,true,
pny-anguthimri,angu1242,awg,Anguthimri,,Pama-Nyungan,Australia,-12.395,141.755,true,
pny-anmatyerre,anma1239,amx,Anmatyerre,,Pama-Nyungan,Australia,-22.2853,133.286,true,
pny-arabana,arab1267,ard,Arabana,,Pama-Nyungan,Australia,-28.705,135.449,true,
pny-awabakal,awab1243,awk,Awabakal,,Pama-Nyungan,Australia,-33.12847,151.43555,true,
pny-badimaya,badi1246,bia,Badimaya,,Pama-Nyungan,Australia,-29.0647,117.246,true,
pny-badjirri,badj1244,jbi,Badjirri,,Pama-Nyungan,Australia,-28.79,145.47,true,
pny-bandjalang,band1358,,Bandjalang,,Pama-Nyungan,Australia,-28.937029,153.48612,true,
pny-banggarla,bang1339,bjb,Banggarla,,Pama-Nyungan,Australia,-33.3036,136.079,true,
pny-bayungu,bayu1240,bxj,Bayungu,,Pama-Nyungan,Australia,-23.3809,114.108,true,
pny-bidyara,bidy1243,bym,Bidyara,,Pama-Nyungan,Australia,-25.192664,147.273359,true,
pny-bilinarra,bili1250,,Bilinarra,,Pama-Nyungan,Australia,-16.868771,130.533991,true,
pny-biri,biri1256,bzr,Biri,,Pama-Nyungan,Australia,-20.1494,146.67,true,
pny-birrpayi,birr1241,xbj,Birrpayi,,Pama-Nyungan,Australia,-32.4806,152.107,true,
pny-bularnu,bula1255,,Bularnu,,Pama-Nyungan,Australia,-21.02656922,138.1566659,true,
pny-bulloo-river,kala1380,gll,Bulloo River,,Pama-Nyungan,Australia,-28.136,143.929,true,
pny-bunganditj,bung1264,xbg,Bunganditj,,Pama-Nyungan,Australia,-36.5,140.5,true,
pny-butchulla,baty1234,xby,Butchulla,,Pama-Nyungan,Australia,-25.44486,153.15399,true,
pny-colac,cola1237,,Colac,,Pama-Nyungan,Australia,-38.471266,143.422444,true,
pny-condamine-upper-clarence-bandjalang,cond1242,gih,Condamine-Upper Clarence Bandjalang,,Pama-Nyungan,Australia,-28.289642,152.151281,true,
pny-dayi,dayi1244,dax,Dayi,,Pama-Nyungan,Australia,-13.1806,136.22,true,
pny-dhalandji,dhal1245,dhl,Dhalandji,,Pama-Nyungan,Australia,-22.196,114.937,true,
pny-dhangu,dhan1270,dhg,Dhangu,,Pama-Nyungan,Australia,-11.9493,135.752,true,
pny-dhargari,dhar1247,dhr,Dhargari,,Pama-Nyungan,Australia,-24.0601,114.847,true,
pny-dharumbal,dhar1248,xgm,Dharumbal,,Pama-Nyungan,Australia,-23.307,150.593,true,
pny-dhudhuroa,dhud1236,ddr,Dhudhuroa,,Pama-Nyungan,Australia,-36.95881441,147.0450379,true,
pny-dhurga,dhur1239,dhu,Dhurga,,Pama-Nyungan,Australia,-35.412,150.134,true,
pny-dhuwal,dhuw1249,duj,Dhuwal,,Pama-Nyungan,Australia,-12.7825,136.008,true,
pny-dhuwal-dhuwala,dhuw1248,,Dhuwal-Dhuwala,,Pama-Nyungan,,,,false,
pny-dieri,dier1241,dif,Dieri,,Pama-Nyungan,Australia,-28.1667,138.0,true,
pny-djambarrpuyngu,djam1256,djr,Djambarrpuyngu,,Pama-Nyungan,Australia,-12.021,135.59,true,
pny-djapu,djap1238,,Djapu,,Pama-Nyungan,Australia,-12.879764,136.417978,true,
pny-djinang,djin1253,dji,Djinang,,Pama-Nyungan,Australia,-12.462,134.82,true,
pny-djinba,djin1252,djb,Djinba,,Pama-Nyungan,Australia,-12.93,134.967,true,
pny-djiwarli,djiw1241,dze,Djiwarli,,Pama-Nyungan,Australia,-24.10724,116.98858,true,
pny-duungidjawu,duun1241,,Duungidjawu,,Pama-Nyungan,Australia,-25.3987,152.345,true,
pny-dyaabugay,dyaa1242,dyy,Dyaabugay,,Pama-Nyungan,Australia,-16.596,145.388,true,
pny-dyangadi,dyan1250,dyn,Dyangadi,,Pama-Nyungan,Australia,-30.8469,152.602,true,
pny-dyirbal,dyir1250,dbl,Dyirbal,,Pama-Nyungan,Australia,-17.4516,145.544,true,
pny-eastern-arrernte,east2379,aer,Eastern Arrernte,,Pama-Nyungan,Australia,-23.3583,135.046,true,
pny-flinders-island,flin1247,fln,Flinders Island,,Pama-Nyungan,Australia,-14.1812,144.259,true,
pny-ganai,gana1278,unn,Ganai,,Pama-Nyungan,Australia,-38.58,146.5,true,
pny-gangulu,gang1268,gnl,Gangulu,,Pama-Nyungan,Australia,-22.7637,149.416,true,
pny-gathang,gath1234,,Gathang,,Pama-Nyungan,Australia,-32.4806,152.107,true,
pny-gudjal,gudj1237,,Gudjal,,Pama-Nyungan,Australia,-19.44157406,144.6482584,true,
pny-gugadj,guga1239,ggd,Gugadj,,Pama-Nyungan,Australia,-17.8372,141.168,true,
pny-gugubera,gugu1254,kkp,Gugubera,,Pama-Nyungan,Australia,-15.4296,141.635,true,
pny-gumatj,guma1253,gnn,Gumatj,,Pama-Nyungan,Australia,-12.25254,136.83042,true,
pny-gunya,guny1241,gyy,Gunya,,Pama-Nyungan,Australia,-27.0642,145.862,true,
pny-gupapuyngu,gupa1247,guf,Gupapuyngu,,Pama-Nyungan,Australia,-12.2868,135.337,true,
pny-gurdjar,gurd1238,gdj,Gurdjar,,Pama-Nyungan,Australia,-17.1653,141.145,true,
pny-gureng-gureng,gure1255,gnr,Gureng Gureng,,Pama-Nyungan,Australia,-25.3893,151.175,true,
pny-gurindji,guri1247,gue,Gurindji,,Pama-Nyungan,Australia,-17.0329,130.379,true,
pny-guugu-yimidhirr,gugu1255,kky,Guugu Yimidhirr,,Pama-Nyungan,Australia,-14.9424,144.831,true,
pny-guwa,guwa1242,xgw,Guwa,,Pama-Nyungan,Australia,-21.35147706,142.5243782,true,
pny-guyani,guya1249,gvy,Guyani,,Pama-Nyungan,Australia,-29.7663,137.3943,true,
pny-hawkesbury,hawk1239,xda,Hawkesbury,,Pama-Nyungan,Australia,-33.11470744,150.4952383,true,
pny-jandai,jand1248,jan,Jandai,,Pama-Nyungan,Australia,-27.56865,153.46239,true,
pny-jaru,jaru1254,ddj,Jaru,,Pama-Nyungan,Australia,-18.3288,128.262,true,
pny-jir-jorond,jirj1239,yyr,Jir'jorond,,Pama-Nyungan,Australia,-14.83,141.83,true,
pny-juwaliny,djuw1238,,Juwaliny,,Pama-Nyungan,Australia,-20.34239,122.28179,true,
pny-kabikabi,kabi1260,gbw,Kabikabi,,Pama-Nyungan,Australia,-25.44486229,153.1539929,true,
pny-kala-lagaw-ya,kala1377,mwp,Kala Lagaw Ya,,Pama-Nyungan,Australia;Papunesia,-10.6748,142.196,true,
pny-kalarko-mirniny,kala1379,kba,Kalarko-Mirniny,,Pama-Nyungan,Australia,-31.7154,118.911,true,
pny-kalkatungu,kalk1246,ktg,Kalkatungu,,Pama-Nyungan,Australia,-21.0,139.5,true,
pny-kanju,kanj1260,kbe,Kanju,,Pama-Nyungan,Australia,-13.3243,142.893,true,
pny-karadjeri,kara1476,gbd,Karadjeri,,Pama-Nyungan,Australia,-18.6771,122.334,true,
pny-kariyarra,kari1304,vka,Kariyarra,,Pama-Nyungan,Australia,-20.445,118.613,true,
pny-karruwali,karr1236,rxw,Karruwali,,Pama-Nyungan,Australia,-25.833018,140.026291,true,
pny-kartujarra,kart1247,,Kartujarra,,Pama-Nyungan,Australia,-23.27912,121.73213,true,
pny-kaurna,kaur1267,zku,Kaurna,,Pama-Nyungan,Australia,-34.34966141,138.4800794,true,
pny-kaytetye,kayt1238,gbb,Kaytetye,,Pama-Nyungan,Australia,-21.5844,133.602,true,
pny-keramin,kera1256,,Keramin,,Pama-Nyungan,Australia,-34.190056,142.273631,true,
pny-kukatja,kuka1246,kux,Kukatja,,Pama-Nyungan,Australia,-20.3321,127.666,true,
pny-kuku-uwanh,kuku1280,uwa,Kuku-Uwanh,,Pama-Nyungan,Australia,-14.0756,141.724,true,
pny-kuku-yalanji,kuku1273,gvn,Kuku-Yalanji,,Pama-Nyungan,Australia,-16.0036,145.188,true,
pny-kula-australia,kula1275,,Kula (Australia),,Pama-Nyungan,Australia,-32.7021,142.695,true,
pny-kumbainggar,kumb1268,kgs,Kumbainggar,,Pama-Nyungan,Australia,-29.8189,152.913,true,
pny-kunggari,kung1258,kgl,Kunggari,,Pama-Nyungan,Australia,-24.2182,143.222,true,
pny-kunjen,kunj1245,kjn,Kunjen,,Pama-Nyungan,Australia,-16.6807,143.53,true,
pny-kurnkopanut,gund1249,wkr,Kurnkopanut,,Pama-Nyungan,Australia,-38.155612905976,141.53965852318,true,
pny-kurrama,kurr1243,vku,Kurrama,,Pama-Nyungan,Australia,-22.2134,117.51,true,
pny-kuuku-ya-u,kuuk1238,kuy,Kuuku-Ya'u,,Pama-Nyungan,Australia,-12.4947,143.165,true,
pny-kuungkari-of-barcoo-river,kuun1236,lku,Kuungkari of Barcoo River,,Pama-Nyungan,Australia,-24.75108713,143.5365228,true,
pny-lamalama,lamu1254,lby,Lamalama,,Pama-Nyungan,Australia,-14.559,143.977,true,
pny-linngithigh,leni1238,lnj,Linngithigh,,Pama-Nyungan,Australia,-12.771375,141.962,true,
pny-lower-riverland,lowe1402,,Lower Riverland,,Pama-Nyungan,Australia,-34.6,140.5,true,
pny-madhi-madhi,madh1244,dmd,Madhi Madhi,,Pama-Nyungan,Australia,-34.5,143.5,true,
pny-malgana,malg1242,vml,Malgana,,Pama-Nyungan,Australia,-26.211,114.245,true,
pny-malngin,maln1239,,Malngin,,Pama-Nyungan,Australia,-17.0329,130.379,true,
pny-malyangapa,maly1234,yga,Malyangapa,,Pama-Nyungan,Australia,-29.43,142.0,true,
pny-mangala,mang1383,mem,Mangala,,Pama-Nyungan,Australia,-18.6597,123.769,true,
pny-margany,marg1253,zmc,Margany,,Pama-Nyungan,Australia,-26.789,144.892,true,
pny-martu-wangka,mart1256,mpj,Martu Wangka,,Pama-Nyungan,Australia,-23.350911655789,123.66842240336,true,
pny-martuthunira,mart1255,vma,Martuthunira,,Pama-Nyungan,Australia,-20.9294,116.607,true,
pny-mayaguduna,maya1280,xmy,Mayaguduna,,Pama-Nyungan,Australia,-18.1147,140.337,true,
pny-mayi-kulan,mayi1236,xyk,Mayi-Kulan,,Pama-Nyungan,Australia,-18.56,141.46,true,
pny-mayi-thakurti,mayi1234,xyt,Mayi-Thakurti,,Pama-Nyungan,Australia,-20.0,140.63,true,
pny-mayi-yapi,mayi1235,xyj,Mayi-Yapi,,Pama-Nyungan,Australia,-19.25,140.61,true,
pny-maykulan,mayk1239,mnt,Maykulan,,Pama-Nyungan,Australia,-20.4352,140.481,true,
pny-mbabaram,mbab1239,vmb,Mbabaram,,Pama-Nyungan,Australia,-17.41547,145.37661,true,
pny-middle-clarence-bandjalang,midd1357,bdy,Middle Clarence Bandjalang,,Pama-Nyungan,Australia,-29.042737,152.780249,true,
pny-minjangbal,minj1242,,Minjangbal,,Pama-Nyungan,Australia,-28.028726,153.286993,true,
pny-mithaka,mith1236,,Mithaka,,Pama-Nyungan,Australia,-25.13606725,139.598447,true,
pny-mudburra,mudb1240,dmw,Mudburra,,Pama-Nyungan,Australia,-16.7694,132.329,true,
pny-muruwari,muru1266,zmu,Muruwari,,Pama-Nyungan,Australia,-28.9618,146.546,true,
pny-narrinyeri,narr1259,nay,Narrinyeri,,Pama-Nyungan,Australia,-36.2301,140.158,true,
pny-narungga,naru1238,nnr,Narungga,,Pama-Nyungan,Australia,-34.69,137.535,true,
pny-ngaanyatjarra,ngaa1240,ntj,Ngaanyatjarra,,Pama-Nyungan,Australia,-25.7514,127.602,true,
pny-ngadjunmaya,ngad1258,nju,Ngadjunmaya,,Pama-Nyungan,Australia,-32.02447,124.46601,true,
pny-ngadjuri,ngad1257,jui,Ngadjuri,,Pama-Nyungan,Australia,-32.930160660336,139.08123163651,true,
pny-ngamini,ngam1284,,Ngamini,,Pama-Nyungan,Australia,-27.1797,138.701,true,
pny-ngamini-yarluyandi-karangura,ngam1265,nmv,Ngamini-Yarluyandi-Karangura,,Pama-Nyungan,Australia,-27.1797,138.701,true,
pny-ngarigu,ngar1297,xni,Ngarigu,,Pama-Nyungan,Australia,-36.23,149.13,true,
pny-ngarinman,ngar1235,nbj,Ngarinman,,Pama-Nyungan,Australia,-15.4661,130.651,true,
pny-ngarla,ngar1296,nrk,Ngarla,,Pama-Nyungan,Australia,-20.20748,119.30579,true,
pny-ngarluma,ngar1287,nrl,Ngarluma,,Pama-Nyungan,Australia,-20.9235,117.203,true,
pny-ngawun,ngaw1240,nxn,Ngawun,,Pama-Nyungan,Australia,-19.4484,141.471,true,
pny-ngiyambaa,wang1291,wyb,Ngiyambaa,,Pama-Nyungan,Australia,-30.6481,146.18,true,
pny-ngunawal,ngun1277,xul,Ngunawal,,Pama-Nyungan,Australia,-36.25,148.77,true,
pny-nhanda,nhan1238,nha,Nhanda,,Pama-Nyungan,Australia,-27.42523643,114.2680442,true,
pny-nhangu,yann1237,jay,Nhangu,,Pama-Nyungan,Australia,-12.0853,134.877,true,
pny-nhirrpi,nhir1234,hrp,Nhirrpi,,Pama-Nyungan,Australia,-28.62911,141.27596,true,
pny-north-western-warlpiri,nort2753,,North-western Warlpiri,,Pama-Nyungan,Australia,-20.1008,131.05,true,
pny-northern-coastal-nyangumarta,nort2754,,Northern Coastal Nyangumarta,,Pama-Nyungan,Australia,-20.6271,121.391,true,
pny-northern-inland-yuin,nort2760,,Northern Inland Yuin,,Pama-Nyungan,Australia,-34.85,149.1,true,
pny-nuclear-dhuwal,nucl1333,dwu,Nuclear Dhuwal,,Pama-Nyungan,Australia,-12.67,136.75,true,
pny-nugunu-australia,nugu1241,nnv,Nugunu (Australia),,Pama-Nyungan,Australia,-32.6655,138.0567,true,
pny-nyamal,nyam1271,nly,Nyamal,,Pama-Nyungan,Australia,-21.6092,119.693,true,
pny-nyangumarta,nyan1301,nna,Nyangumarta,,Pama-Nyungan,Australia,-20.6271,121.391,true,
pny-nyawaygi,nyaw1247,nyt,Nyawaygi,,Pama-Nyungan,Australia,-18.8743,146.216,true,
pny-nyunga,nyun1247,nys,Nyunga,,Pama-Nyungan,Australia,-33.1199,118.151,true,
pny-paakantyi,darl1243,drl,Paakantyi,,Pama-Nyungan,Australia,-32.7021,142.695,true,
pny-pakanha,paka1251,pkn,Pakanha,,Pama-Nyungan,Australia,-15.0908,142.74,true,
pny-pallanganmiddang,pall1243,pmd,Pallanganmiddang,,Pama-Nyungan,Australia,-36.08,146.91,true,
pny-panytyima,pany1241,pnw,Panytyima,,Pama-Nyungan,Australia,-22.7816,118.723,true,
pny-pintiini,pint1251,pti,Pintiini,,Pama-Nyungan,Australia,-29.806,127.632,true,
pny-pintupi-luritja,pint1250,piu,Pintupi-Luritja,,Pama-Nyungan,Australia,-23.2963,130.643,true,
pny-pirriya,pirr1240,xpa,Pirriya,,Pama-Nyungan,Australia,-25.48006595,142.5485119,true,
pny-pitjantjatjara,pitj1243,pjt,Pitjantjatjara,,Pama-Nyungan,Australia,-26.9704,131.357,true,
pny-pitta-pitta,pitt1247,pit,Pitta Pitta,,Pama-Nyungan,Australia,-22.7952,139.983,true,
pny-punthamara,punt1240,xpt,Punthamara,,Pama-Nyungan,Australia,-27.33,143.0,true,
pny-rimanggudhinma,mbar1253,zmv,Rimanggudhinma,,Pama-Nyungan,Australia,-14.529,143.789,true,
pny-rirratjingu,rirr1238,,Rirratjingu,,Pama-Nyungan,Australia,-11.9493,135.752,true,
pny-ritharrngu,rita1239,rit,Ritharrngu,,Pama-Nyungan,Australia,-13.4559,135.259,true,
pny-southern-maric,sout2765,,Southern Maric,,Pama-Nyungan,,,,false,
pny-sydney,sydn1236,xdk,Sydney,,Pama-Nyungan,Australia,-33.52925837,150.3490464,true,
pny-thayore,thay1249,thd,Thayore,,Pama-Nyungan,Australia,-14.8159,142.034,true,
pny-thaypan,thay1248,typ,Thaypan,,Pama-Nyungan,Australia,-14.8292,143.324,true,
pny-thurawal,thur1254,tbh,Thurawal,,Pama-Nyungan,Australia,-34.634,150.721,true,
pny-tweed-albert,twee1234,xjb,Tweed-Albert,,Pama-Nyungan,Australia,-28.028726,153.286993,true,
pny-umbuygamu,umbu1256,umg,Umbuygamu,,Pama-Nyungan,Australia,-14.25876,143.6305,true,
pny-umpila,umpi1239,ump,Umpila,,Pama-Nyungan,Australia,-13.1528,143.467,true,
pny-wadi-wadi,wadi1260,xwd,Wadi Wadi,,Pama-Nyungan,Australia,-34.13829932,143.6694397,true,
pny-wadiwadi,wadi1249,,Wadiwadi,,Pama-Nyungan,Australia,-34.634,150.721,true,
pny-wagaya,waga1260,wga,Wagaya,,Pama-Nyungan,Australia,-20.329,137.623,true,
pny-wajarri,waja1257,wbv,Wajarri,,Pama-Nyungan,Australia,-28.1761,117.153,true,
pny-wajuk,waju1234,xwj,Wajuk,,Pama-Nyungan,Australia,-31.80756,116.2514,true,
pny-wakawaka,waka1274,wkw,Wakawaka,,Pama-Nyungan,Australia,-26.248,151.868,true,
pny-walmajarri-juwaliny,walm1241,wmt,Walmajarri-Juwaliny,,Pama-Nyungan,Australia,-19.7229,126.113,true,
pny-wanggamala,wang1289,wnm,Wanggamala,,Pama-Nyungan,Australia,-24.7022,137.433,true,
pny-wangganguru,wang1290,wgg,Wangganguru,,Pama-Nyungan,Australia,-25.8148,135.941,true,
pny-wangkumara,wong1246,xwk,Wangkumara,,Pama-Nyungan,Australia,-27.10149,143.19619,true,
pny-wanman,wanm1242,wbt,Wanman,,Pama-Nyungan,Australia,-22.7078,122.325,true,
pny-wardandi,ward1248,wxw,Wardandi,,Pama-Nyungan,Australia,-33.92109,115.26929,true,
pny-wariyangga,wari1262,wri,Wariyangga,,Pama-Nyungan,Australia,-24.353,116.927,true,
pny-warlmanpa,warl1255,wrl,Warlmanpa,,Pama-Nyungan,Australia,-18.949,133.862,true,
pny-warlpiri,warl1254,wbp,Warlpiri,,Pama-Nyungan,Australia,-20.1008,131.05,true,
pny-warluwara,warl1256,wrb,Warluwara,,Pama-Nyungan,Australia,-22.2909,138.738,true,
pny-warrgamay,warr1255,wgy,Warrgamay,,Pama-Nyungan,Australia,-18.5468,146.179,true,
pny-warrongo,waru1264,wrg,Warrongo,,Pama-Nyungan,Australia,-18.2496,144.37,true,
pny-warumungu,waru1265,wrm,Warumungu,,Pama-Nyungan,Australia,-20.6479,134.375,true,
pny-wathawurrung,wath1238,wth,Wathawurrung,,Pama-Nyungan,Australia,-37.68777565,144.1013148,true,
pny-wemba-wemba,wemb1241,xww,Wemba Wemba,,Pama-Nyungan,Australia,-35.445,144.09,true,
pny-western-arrarnta,west2441,are,Western Arrarnta,,Pama-Nyungan,Australia,-24.05052,133.24621,true,
pny-wik-mungkan,wikm1247,wim,Wik-Mungkan,,Pama-Nyungan,Australia,-13.98051,141.81611,true,
pny-wik-ngathana,wikn1245,wig,Wik-Ngathana,,Pama-Nyungan,Australia,-13.8691,141.532,true,
pny-wikalkan,wika1238,wik,Wikalkan,,Pama-Nyungan,Australia,-13.6835,141.557,true,
pny-wiradhuri,wira1262,wrh,Wiradhuri,,Pama-Nyungan,Australia,-34.0742,145.994,true,
pny-wirangu,wira1265,wgu,Wirangu,,Pama-Nyungan,Australia,-32.0,134.0,true,
pny-woiwurrung,woiw1238,,Woiwurrung,,Pama-Nyungan,Australia,-37.64264501,145.5879962,true,
pny-woiwurrung-thagungwurrung,woiw1237,wyi,Woiwurrung-Thagungwurrung,,Pama-Nyungan,Australia,-37.64264501,145.5879962,true,
pny-worimi,wori1245,kda,Worimi,,Pama-Nyungan,Australia,-32.4806,152.107,true,
pny-wulguru,wulg1239,qgu,Wulguru,,Pama-Nyungan,Australia,-19.85103121,146.3453957,true,
pny-wuliwuli,wuli1242,wlu,Wuliwuli,,Pama-Nyungan,Australia,-24.415,149.843,true,
pny-yabula-yabula,yabu1234,yxy,Yabula Yabula,,Pama-Nyungan,Australia,-35.76116,145.23209,true,
pny-yagara,yaga1262,yxg,Yagara,,Pama-Nyungan,Australia,-27.87648,152.46028,true,
pny-yagara-jandai,yaga1256,,Yagara-Jandai,,Pama-Nyungan,Australia,-27.87647555,152.4602773,true,
pny-yalarnnga,yala1262,ylr,Yalarnnga,,Pama-Nyungan,Australia,-21.731,139.511,true,
pny-yandruwandha,yand1253,ynd,Yandruwandha,,Pama-Nyungan,Australia,-28.4744,140.583,true,
pny-yankunytjatjara,yank1247,kdd,Yankunytjatjara,,Pama-Nyungan,Australia,-26.4064,133.577,true,
pny-yanyuwa,yany1243,jao,Yanyuwa,,Pama-Nyungan,Australia,-15.7621,136.055,true,
pny-yardliyawarra,yard1234,yxl,Yardliyawarra,,Pama-Nyungan,Australia,-29.79543,141.77353,true,
pny-yarli,yarl1236,,Yarli,,Pama-Nyungan,Australia,-29.49049805,140.9591946,true,
pny-yarluyandi,yarl1238,yry,Yarluyandi,,Pama-Nyungan,Australia,-25.83705,139.58436,true,
pny-yawarawarga,yawa1258,yww,Yawarawarga,,Pama-Nyungan,Australia,-26.7334,140.871,true,
pny-yaygir,yayg1236,xya,Yaygir,,Pama-Nyungan,Australia,-29.686722970453,153.18784362556,true,
pny-yidin,yidi1250,yii,Yidiñ,,Pama-Nyungan,Australia,-17.1332,145.876,true,
pny-yindjibarndi,yind1247,yij,Yindjibarndi,,Pama-Nyungan,Australia,-21.5379,117.001,true,
pny-yindjilandji,yind1248,yil,Yindjilandji,,Pama-Nyungan,Australia,-19.24252,137.5894,true,
pny-yinggarda,ying1247,yia,Yinggarda,,Pama-Nyungan,Australia,-25.4446,115.58,true,
pny-yintyinka-ayabadhu,ayab1239,ayd,Yintyinka-Ayabadhu,,Pama-Nyungan,Australia,-14.6652,142.893,true,
pny-yir-yoront,yiry1245,yiy,Yir-Yoront,,Pama-Nyungan,Australia,-15.1117,141.767,true,
pny-yirandhali,yira1239,ljw,Yirandhali,,Pama-Nyungan,Australia,-20.65810118,143.9625916,true,
pny-yorta-yorta,yort1237,xyy,Yorta Yorta,,Pama-Nyungan,Australia,-35.9,145.01,true,
pny-yugambal,yuga1244,yub,Yugambal,,Pama-Nyungan,Australia,-29.54832,151.08455,true,
pny-yulparija,yulp1239,,Yulparija,,Pama-Nyungan,Australia,-18.923519,122.370316,true,
pny-yulparitja,yulp1238,,Yulparitja,,Pama-Nyungan,Australia,-23.350911655789,123.66842240336,true,
pny-yuwaalaraay,yuwa1242,,Yuwaalaraay,,Pama-Nyungan,Australia,-29.758184,147.923684,true,
pny-yuwaalaraay-gamilaraay,gami1243,kld,Yuwaalaraay-Gamilaraay,,Pama-Nyungan,Australia,-29.9037,149.543,true,
pom-central-pomo,cent2138,poo,Central Pomo,,Pomoan,North America,38.90547,-123.66393,true,
pom-eastern-pomo,east2545,peb,Eastern Pomo,,Pomoan,North America,38.5647,-122.586,true,
pom-kashaya,kash1280,kju,Kashaya,,Pomoan,North America,38.5424,-123.08,true,
pom-northern-pomo,nort2966,pej,Northern Pomo,,Pomoan,North America,39.1084,-123.209,true,
pom-southern-pomo,sout2984,peq,Southern Pomo,,Pomoan,North America,38.7643,-122.545,true,
pua-puri,puri1262,prr,Puri,,Puri-Coroado,South America,-22.175627,-44.711336,true,
pue-puelche,puel1244,pue,Puelche,,Puelche,South America,-42.223,-68.666,true,
pui-puinave,puin1248,pui,Puinave,,Puinave,South America,3.92974,-67.6886,true,
pum-pume,pume1238,yae,Pumé,,Pumé,South America,7.10677,-67.5996,true,
pur-purari,pura1257,iar,Purari,,Purari,Papunesia,-7.59133,145.036,true,
pyu-pyu,pyuu1245,pby,Pyu,,Pyu,Papunesia,-4.45003,141.018,true,
que-yaru-quechua,yaru1256,,Yaru Quechua,,Quechua,,,,false,
qwe-apolo,apol1241,,Apolo,,Quechuan,South America,-14.4014,-68.7894,true,
qwe-apuri,apur1253,,Apurí,,Quechuan,South America,-12.62,-75.7,true,
qwe-ayacucho-quechua,ayac1239,quy,Ayacucho Quechua,,Quechuan,South America,-13.84714,-74.32246,true,
qwe-azangaro-huangascar-chocos,azan1238,,Azángaro-Huangáscar-Chocos,,Quechuan,South America,-12.62,-75.7,true,
qwe-azuay-highland-quichua,azua1234,,Azuay Highland Quichua,,Quechuan,South America,-2.48314,-78.9672,true,
qwe-bolivar-north-chimborazo-highland-quichua,chim1302,qug,Bolivar-North Chimborazo Highland Quichua,,Quechuan,South America,-1.36727,-78.8521,true,
qwe-cacra-hongos,cacr1238,,Cacra-Hongos,,Quechuan,South America,-12.62,-75.7,true,
qwe-cajamarca-quechua,caja1238,qvc,Cajamarca Quechua,,Quechuan,South America,-7.09314,-78.3214,true,
qwe-calderon-highland-quichua,cald1236,qud,Calderón Highland Quichua,,Quechuan,South America,-0.36205,-78.2587,true,
qwe-canar-azuay-south-chimborazo-highland-quichua,cana1262,qxr,Cañar-Azuay-South Chimborazo Highland Quichua,,Quechuan,South America,-2.48314,-78.9672,true,
qwe-chachapoyas-quechua,chac1250,quk,Chachapoyas Quechua,,Quechuan,South America,-6.27021,-77.6615,true,
qwe-chiquian-ancash-quechua,chiq1249,qxa,Chiquián Ancash Quechua,,Quechuan,South America,-10.1831,-77.4152,true,
qwe-classical-quechua,clas1251,qwc,Classical Quechua,,Quechuan,South America,-9.99999,-76.5,true,
qwe-cochabamba,coch1274,,Cochabamba,,Quechuan,South America,-20.9201,-66.3331,true,
qwe-colombian-inga,inga1252,inb,Colombian Inga,,Quechuan,South America,1.00313,-76.8606,true,
qwe-corongo-ancash-quechua,coro1247,qwa,Corongo Ancash Quechua,,Quechuan,South America,-8.57647,-77.9864,true,
qwe-cusco-quechua,cusc1236,quz,Cusco Quechua,,Quechuan,South America,-14.0853,-71.7663,true,
qwe-eastern-apurimac-quechua,east2551,qve,Eastern Apurímac Quechua,,Quechuan,South America,-14.1754,-72.6686,true,
qwe-huailas,huai1241,,Huailas,,Quechuan,South America,-9.38709,-77.7768,true,
qwe-huallaga-huanuco-quechua,hual1241,qub,Huallaga Huánuco Quechua,,Quechuan,South America,-9.57135,-75.594,true,
qwe-huancavelica,huan1249,,Huancavelica,,Quechuan,South America,-13.84714,-74.32246,true,
qwe-huaylas-ancash-quechua,huay1240,qwh,Huaylas Ancash Quechua,,Quechuan,South America,-9.38709,-77.7768,true,
qwe-huaylla-wanca-quechua,huay1241,qvw,Huaylla Wanca Quechua,,Quechuan,South America,-12.1809,-75.2055,true,
qwe-imbabura-highland-quichua,imba1240,qvi,Imbabura Highland Quichua,,Quechuan,South America,0.31776,-78.3729,true,
qwe-jauja-wanca-quechua,jauj1238,qxw,Jauja Wanca Quechua,,Quechuan,South America,-11.6747,-75.2786,true,
qwe-lambayeque-quechua,lamb1276,quf,Lambayeque Quechua,,Quechuan,South America,-6.1715,-79.468,true,
qwe-loja-highland-quichua,loja1235,qvj,Loja Highland Quichua,,Quechuan,South America,-3.69352,-79.29151,true,
qwe-napo-lowland-quechua,napo1242,qvo,Napo Lowland Quechua,,Quechuan,South America,-0.072525,-76.3889,true,
qwe-north-bolivian-quechua,nort2976,qul,North Bolivian Quechua,,Quechuan,South America,-14.4014,-68.7894,true,
qwe-north-chimborazo-highland-quichua,nort3351,,North Chimborazo Highland Quichua,,Quechuan,South America,-1.36727,-78.8521,true,
qwe-north-junin-quechua,nort2980,qvn,North Junín Quechua,,Quechuan,South America,-11.2132,-75.8128,true,
qwe-northern-pastaza-quichua,nort2973,qvz,Northern Pastaza Quichua,,Quechuan,South America,-1.88573,-76.0389,true,
qwe-pacaraos-quechua,paca1245,qvp,Pacaraos Quechua,,Quechuan,South America,-11.14278,-76.73046,true,
qwe-panao-huanuco-quechua,pana1306,qxh,Panao Huánuco Quechua,,Quechuan,South America,-9.85887,-75.4382,true,
qwe-puno-quechua,puno1238,qxp,Puno Quechua,,Quechuan,South America,-14.608,-70.2084,true,
qwe-san-andres-lowland-inga,jung1240,inj,San Andrés-Lowland Inga,,Quechuan,South America,0.88872,-76.6593,true,
qwe-san-martin-quechua,sanm1289,qvs,San Martín Quechua,,Quechuan,South America,-6.9582,-76.6608,true,
qwe-san-pedro-de-huacarpana,sanp1258,,San Pedro de Huacarpana,,Quechuan,South America,-12.62,-75.7,true,
qwe-santiago-del-estero-quichua,sant1432,qus,Santiago del Estero Quichua,,Quechuan,South America,-27.821,-63.2466,true,
qwe-south-bolivian-quechua,sout2991,quh,South Bolivian Quechua,,Quechuan,South America,-20.9201,-66.3331,true,
qwe-southern-conchucos-ancash-quechua,sout2992,qxo,Southern Conchucos Ancash Quechua,,Quechuan,South America,-9.30995,-76.9854,true,
qwe-southern-pastaza-quechua,sout2990,qup,Southern Pastaza Quechua,,Quechuan,South America,-3.32733,-76.527,true,
qwe-tana-lincha,tana1291,,Tana-Lincha,,Quechuan,South America,-12.62,-75.7,true,
qwe-tena-lowland-quichua,tena1240,quw,Tena Lowland Quichua,,Quechuan,South America,-0.76271,-77.5404,true,
qwe-tungurahua-highland-quichua,sala1272,qxl,Tungurahua Highland Quichua,,Quechuan,South America,-1.35447,-78.3953,true,
qwe-yauyos-quechua,yauy1235,qux,Yauyos Quechua,,Quechuan,South America,-12.62,-75.7,true,
ram-abu,abuu1241,ado,Abu,,Ramu,Papunesia,-4.24027,144.474,true,
ram-aiome,aiom1240,aki,Aiome,,Ramu,Papunesia,-5.13467,144.765,true,
ram-andarum,anda1284,aod,Andarum,,Ramu,Papunesia,-4.48734,144.767,true,
ram-anor,anor1241,anj,Anor,,Ramu,Papunesia,-4.98449,144.801,true,
ram-aruamu,arua1260,msy,Aruamu,,Ramu,Papunesia,-4.28957,144.842,true,
ram-awar,awar1249,aya,Awar,,Ramu,Papunesia,-4.13554,144.836,true,
ram-banaro,bana1292,byz,Banaro,,Ramu,Papunesia,-4.56615,144.329,true,
ram-borei,bore1247,gai,Borei,,Ramu,Papunesia,-4.08697,144.715,true,
ram-bosngun,bosn1248,bqs,Bosngun,,Ramu,Papunesia,-4.16201,144.647,true,
ram-breri,brer1240,brq,Breri,,Ramu,Papunesia,-4.73271,144.707,true,
ram-chini,akru1241,afi,Chini,,Ramu,Papunesia,-4.88687,144.821,true,
ram-gorovu,goro1261,grq,Gorovu,,Ramu,Papunesia,-4.52947,144.59,true,
ram-itutang-inapang,inap1241,mzu,Itutang-Inapang,,Ramu,Papunesia,-4.67614,144.9,true,
ram-kaian,kaia1245,kct,Kaian,,Ramu,Papunesia,-4.06543,144.756,true,
ram-kanggape,kang1291,igm,Kanggape,,Ramu,Papunesia,-4.4153,144.816,true,
ram-kire,kire1240,geb,Kire,,Ramu,Papunesia,-4.25927,144.711,true,
ram-ottilien,wagg1235,,Ottilien,,Ramu,,,,false,
ram-rao,raoo1244,rao,Rao,,Ramu,Papunesia,-4.85243,144.511,true,
ram-romkun,romk1240,rmk,Romkun,,Ramu,Papunesia,-4.58919,144.689,true,
ram-sepen,sepe1240,spm,Sepen,,Ramu,Papunesia,-4.22789,144.809,true,
ram-tanggu,tang1355,tgu,Tanggu,,Ramu,Papunesia,-4.4621,144.916,true,
ram-tanguat,tang1356,tbs,Tanguat,,Ramu,Papunesia,-4.57282,144.927,true,
ram-watam,wata1253,wax,Watam,,Ramu,Papunesia,-4.02591,144.583,true,
ras-tagoi,tago1246,tag,Tagoi,,Rashad,Africa,12.0346,30.9306,true,
ras-tegali,tega1236,ras,Tegali,,Rashad,Africa,11.9523,31.1112,true,
saa-klikitat,klik1240,,Klikitat,,Sahaptian,North America,46.2655,-120.756,true,
saa-nez-perce,nezp1238,nez,Nez Perce,,Sahaptian,North America,46.3073,-116.408,true,
saa-northwest-sahaptin,yaki1237,yak,Northwest Sahaptin,,Sahaptian,North America,46.2655,-120.756,true,
saa-umatilla,umat1237,uma,Umatilla,,Sahaptian,North America,45.6391,-118.552,true,
sab-maco,maco1239,wpc,Maco,,Saliban,South America,4.5621,-66.5813,true,
sab-piaroa,piar1243,pid,Piaroa,,Saliban,South America,4.41805,-67.7574,true,
sab-saliba,sali1298,slc,Sáliba,,Saliban,South America,5.30115,-69.3843,true,
sac-salinan,sali1253,sln,Salinan,,Salinan,North America,36.18753,-121.05221,true,
sah-beria,zagh1240,zag,Beria,,Saharan,Africa,17.4842,23.4626,true,
sah-berti,bert1249,byt,Berti,,Saharan,Africa,14.67,25.83,true,
sah-central-kanuri,cent2050,knc,Central Kanuri,,Saharan,Africa,11.8,13.13,true,
sah-dazaga,daza1242,dzg,Dazaga,,Saharan,Africa,15.7358,15.8517,true,
sah-kanembu,kane1243,kbl,Kanembu,,Saharan,Africa,13.8749,14.8437,true,
sah-kanuric,kanu1281,,Kanuric,,Saharan,,,,false,
sah-manga-dagera-kanuri,mang1399,kby,Manga-Dagera Kanuri,,Saharan,Africa,13.557,10.701,true,
sah-tedaga,teda1241,tuq,Tedaga,,Saharan,Africa,18.0426,14.7717,true,
sal-bella-coola,bell1243,blc,Bella Coola,,Salishan,North America,52.3448,-126.689,true,
sal-clallam,clal1241,clm,Clallam,,Salishan,North America,48.0707,-123.511,true,
sal-coeur-d-alene,coeu1236,crd,Coeur d'Alene,,Salishan,North America,47.2958,-116.715,true,
sal-columbia-wenatchi,colu1241,col,Columbia-Wenatchi,,Salishan,North America,48.217,-118.454,true,
sal-comox,como1259,coo,Comox,,Salishan,North America,49.7233,-124.967,true,
sal-cowichan,cowi1241,,Cowichan,,Salishan,North America,49.250402,-122.443668,true,
sal-cowlitz,cowl1242,cow,Cowlitz,,Salishan,North America,46.4167,-122.917,true,
sal-halkomelem,halk1245,hur,Halkomelem,,Salishan,North America,49.250402,-122.443668,true,
sal-kalispel-pend-d-oreille,kali1308,fla,Kalispel-Pend d'Oreille,,Salishan,North America,47.5825,-114.19,true,
sal-lillooet,lill1248,lil,Lillooet,,Salishan,North America,50.7272,-122.04,true,
sal-lower-chehalis,lowe1427,cea,Lower Chehalis,,Salishan,North America,46.7736,-124.004,true,
sal-nooksack,nook1247,nok,Nooksack,,Salishan,North America,48.2201,-121.973,true,
sal-northern-lushootseed,lush1252,lut,Northern Lushootseed,,Salishan,North America,48.42,-122.529,true,
sal-northern-straits-salish,stra1244,str,Northern Straits Salish,,Salishan,North America,48.51614,-123.757114,true,
sal-okanagan,okan1243,oka,Okanagan,,Salishan,North America,49.2745,-119.294,true,
sal-quinault,quin1251,qun,Quinault,,Salishan,North America,47.4214,-124.16,true,
sal-sechelt,sech1246,sec,Sechelt,,Salishan,North America,49.4757,-123.765,true,
sal-shuswap,shus1248,shs,Shuswap,,Salishan,North America,50.8734,-119.667,true,
sal-southern-puget-sound-salish,sout2965,slh,Southern Puget Sound Salish,,Salishan,North America,47.263,-122.141,true,
sal-spokane,spok1245,spo,Spokane,,Salishan,North America,47.9087,-118.062,true,
sal-squamish,squa1248,squ,Squamish,,Salishan,North America,49.3231,-123.014,true,
sal-thompson,thom1243,thp,Thompson,,Salishan,North America,50.1668,-120.193,true,
sal-tillamook,till1254,til,Tillamook,,Salishan,North America,45.5,-123.83,true,
sal-twana,twan1247,twa,Twana,,Salishan,North America,47.48952,-123.21227,true,
sal-upper-chehalis,uppe1439,cjh,Upper Chehalis,,Salishan,North America,46.7981,-123.169,true,
san-sandawe,sand1273,sad,Sandawe,,Sandawe,Africa,-5.26918,35.4808,true,
sap-sape,sape1238,spc,Sapé,,Sapé,South America,4.0735661,-62.9666521,true,
sau-sause,saus1247,sao,Sause,,Sause,Papunesia,-3.16632,139.627,true,
sav-savosavo,savo1255,svs,Savosavo,,Savosavo,Papunesia,-9.12853,159.814,true,
sea-angor,ango1254,agg,Angor,,Senagi,Papunesia,-3.7167,141.199,true,
sea-dera-indonesia,dera1245,kbv,Dera (Indonesia),,Senagi,Papunesia,-3.52309,140.947,true,
sen-demta,demt1241,dmy,Demta,,Sentanic,Papunesia,-2.38475,140.166,true,
sen-nafri,nafr1241,nxx,Nafri,,Sentanic,Papunesia,-2.65036,140.727,true,
sen-sentani,nucl1632,set,Sentani,,Sentanic,Papunesia,-2.6013,140.512,true,
sen-tabla,tabl1243,tnm,Tabla,,Sentanic,Papunesia,-2.45368,140.396,true,
sep-abau,abau1245,aau,Abau,,Sepik,Papunesia,-3.97222,141.324,true,
sep-ak,akkk1240,akq,Ak,,Sepik,Papunesia,-3.57026,141.784,true,
sep-alamblak,alam1246,amp,Alamblak,,Sepik,Papunesia,-4.66307,143.316,true,
sep-amal,amal1242,aad,Amal,,Sepik,Papunesia,-4.04517,141.995,true,
sep-auwon,awun1245,aww,Auwon,,Sepik,Papunesia,-3.79671,141.999,true,
sep-awtuw,awtu1239,kmn,Awtuw,,Sepik,Papunesia,-3.53129,141.928,true,
sep-bahinemo,bahi1254,bjh,Bahinemo,,Sepik,Papunesia,-4.55527,142.832,true,
sep-berinomo,beri1253,bit,Berinomo,,Sepik,Papunesia,-4.41689,142.463,true,
sep-bisis,bisi1244,bnw,Bisis,,Sepik,Papunesia,-4.46238,143.058,true,
sep-chenapian,chen1259,cjn,Chenapian,,Sepik,Papunesia,-4.25154,142.317,true,
sep-iwam,iwam1256,iwm,Iwam,,Sepik,Papunesia,-4.27346,141.817,true,
sep-kalou,kalo1262,ywa,Kalou,,Sepik,Papunesia,-3.93985,142.217,true,
sep-kapriman,kapr1245,dju,Kapriman,,Sepik,Papunesia,-4.51011,143.241,true,
sep-karawa,kara1495,xrw,Karawa,,Sepik,Papunesia,-3.69933,142.018,true,
sep-kwanga,kwan1278,kwj,Kwanga,,Sepik,Papunesia,-3.74263,142.711,true,
sep-kwoma,kwom1262,kmo,Kwoma,,Sepik,Papunesia,-4.08721,142.664,true,
sep-mehek,mehe1243,nux,Mehek,,Sepik,Papunesia,-3.70927,142.498,true,
sep-mende-papua-new-guinea,mend1268,sim,Mende (Papua New Guinea),,Sepik,Papunesia,-3.67233,142.683,true,
sep-namia,nami1256,nnm,Namia,,Sepik,Papunesia,-3.85538,141.788,true,
sep-niksek,niks1238,gbe,Niksek,,Sepik,Papunesia,-4.82581,142.45,true,
sep-pahi,pahi1246,lgt,Pahi,,Sepik,Papunesia,-3.79935,142.299,true,
sep-piame,piam1243,pin,Piame,,Sepik,Papunesia,-4.85835,142.784,true,
sep-pouye,pouy1238,bye,Pouye,,Sepik,Papunesia,-3.72704,141.864,true,
sep-saniyo-hiyewe,sani1270,sny,Saniyo-Hiyewe,,Sepik,Papunesia,-4.4376,142.369,true,
sep-sepik-iwam,sepi1255,iws,Sepik Iwam,,Sepik,Papunesia,-4.30928,142.117,true,
sep-wogamusin,woga1249,wog,Wogamusin,,Sepik,Papunesia,-4.22936,142.401,true,
sep-yessan-mayo,yess1239,yss,Yessan-Mayo,,Sepik,Papunesia,-4.15721,142.574,true,
ser-seri,seri1257,sei,Seri,,Seri,North America,28.9877,-112.384,true,
sha-shabo,shab1252,sbf,Shabo,,Shabo,Africa,7.64407,35.223,true,
shb-shasta,shas1239,sht,Shasta,,Shastan,North America,41.7587,-122.738,true,
sho-shom-peng,shom1245,sii,Shom Peng,,Shom Peng,Eurasia,7.02099,93.8064,true,
sia-siamou,siam1242,sif,Siamou,,Siamou,Africa,10.998,-4.92143,true,
sig-american-sign-language,amer1248,ase,American Sign Language,,Sign Language,Africa;North America,33.8117,-81.6121,true,
sig-auslan,aust1271,asf,Auslan,,Sign Language,Australia,-30.0,145.0,true,
sig-brazilian-sign-language,braz1236,bzs,Brazilian Sign Language,,Sign Language,South America,-15.5,-48.0,true,
sig-british-sign-language,brit1235,bfi,British Sign Language,,Sign Language,Eurasia,51.6688,-0.4431,true,
sig-chinese-sign-language,chin1283,csl,Chinese Sign Language,,Sign Language,Eurasia,30.9063,121.569,true,
sig-ethiopian-sign-language,ethi1238,eth,Ethiopian Sign Language,,Sign Language,Africa,8.9761,38.8534,true,
sig-hawai-i-sign-language,hawa1235,hps,Hawai'i Sign Language,,Sign Language,Papunesia,21.6311,-158.002,true,
sig-hong-kong-macau-sign-language,hong1241,hks,Hong Kong-Macau Sign Language,,Sign Language,Eurasia,22.160631,113.555225,true,
sig-icelandic-sign-language,icel1236,icl,Icelandic Sign Language,,Sign Language,Eurasia,64.1731,-20.2731,true,
sig-japanese-sign-language,japa1238,jsl,Japanese Sign Language,,Sign Language,Eurasia,36.0221,139.079,true,
sig-malaysian-sign-language,mala1412,xml,Malaysian Sign Language,,Sign Language,Eurasia,2.946,101.366,true,
sig-plains-indian-sign-language,plai1235,psd,Plains Indian Sign Language,,Sign Language,North America,38.3941,-99.2499,true,
sig-turkish-sign-language,turk1288,tsm,Turkish Sign Language,,Sign Language,Eurasia,41.02675,28.85551,true,
sig-ugandan-sign-language,ugan1238,ugn,Ugandan Sign Language,,Sign Language,Africa,0.2475,32.4829,true,
sig-valencian-sign-language,vale1251,vsv,Valencian Sign Language,,Sign Language,Eurasia,39.5,-0.75,true,
sio-assiniboine,assi1247,asb,Assiniboine,,Siouan,North America,49.2923,-106.068,true,
sio-biloxi,bilo1248,bll,Biloxi,,Siouan,North America,31.32,-89.1951,true,
sio-catawba,cata1286,chc,Catawba,,Siouan,North America,34.9685,-80.8857,true,
sio-crow,crow1244,cro,Crow,,Siouan,North America,45.368,-107.874,true,
sio-dakota,dako1258,dak,Dakota,,Siouan,North America,45.86,-96.58,true,
sio-hidatsa,hida1246,hid,Hidatsa,,Siouan,North America,47.33,-102.0,true,
sio-ho-chunk,hoch1243,win,Ho-Chunk,,Siouan,North America,43.5,-88.5,true,
sio-iowa-oto,iowa1245,iow,Iowa-Oto,,Siouan,North America,40.0511,-95.5213,true,
sio-kansa,kans1243,ksk,Kansa,,Siouan,North America,39.0,-94.4,true,
sio-lakota,lako1247,lkt,Lakota,,Siouan,North America,46.3699,-103.95,true,
sio-mandan,mand1446,mhq,Mandan,,Siouan,North America,46.83,-101.0,true,
sio-ofo,ofoo1242,ofo,Ofo,,Siouan,North America,33.45871,-90.76513,true,
sio-omaha-ponca,omah1247,oma,Omaha-Ponca,,Siouan,North America,42.0944,-96.5295,true,
sio-osage,osag1243,osa,Osage,,Siouan,North America,36.7828,-96.2949,true,
sio-quapaw,quap1242,qua,Quapaw,,Siouan,North America,34.15,-92.0,true,
sio-stoney,ston1242,sto,Stoney,,Siouan,North America,51.1939,-114.984,true,
sio-tutelo,tute1247,tta,Tutelo,,Siouan,North America,37.67,-78.75,true,
sio-woccon,wocc1242,xwc,Woccon,,Siouan,North America,35.379075,-77.985987,true,
sit-aimol,aimo1244,aim,Aimol,,Sino-Tibetan,Eurasia,24.6437,94.3556,true,
sit-akha,akha1245,ahk,Akha,,Sino-Tibetan,Eurasia,21.2309,100.964,true,
sit-ako,akoo1247,,Ako,,Sino-Tibetan,Eurasia,21.2309,100.964,true,
sit-aluo,aluo1235,yna,Aluo,,Sino-Tibetan,Eurasia,26.0,102.0,true,
sit-amdo-tibetan,amdo1237,adx,Amdo Tibetan,,Sino-Tibetan,Eurasia,34.5177,100.485,true,
sit-amri-karbi,amri1238,ajz,Amri Karbi,,Sino-Tibetan,Eurasia,26.024,91.482,true,
sit-anal,anal1239,anm,Anal,,Sino-Tibetan,Eurasia,24.0506,94.2806,true,
sit-angami-naga,anga1288,njm,Angami Naga,,Sino-Tibetan,Eurasia,25.6841,93.8668,true,
sit-anu-hkongso,anuu1241,anl,Anu-Hkongso,,Sino-Tibetan,Eurasia,21.5,93.05,true,
sit-ao-naga,aona1235,njo,Ao Naga,,Sino-Tibetan,Eurasia,26.3241,94.3824,true,
sit-apatani,apat1240,apt,Apatani,,Sino-Tibetan,Eurasia,27.1933,93.7284,true,
sit-asho-chin,asho1236,csh,Asho Chin,,Sino-Tibetan,Eurasia,21.393,93.5069,true,
sit-athpariya,athp1241,aph,Athpariya,,Sino-Tibetan,Eurasia,26.8794,87.3296,true,
sit-atong-india,aton1241,aot,Atong (India),,Sino-Tibetan,Eurasia,25.346508,90.658722,true,
sit-axi-yi,axiy1235,yix,Axi Yi,,Sino-Tibetan,Eurasia,24.6009,103.713,true,
sit-azha,azha1235,aza,Azha,,Sino-Tibetan,Eurasia,23.9,104.15,true,
sit-azhe,azhe1235,yiz,Azhe,,Sino-Tibetan,Eurasia,24.405,103.441,true,
sit-bahing,bahi1252,bhj,Bahing,,Sino-Tibetan,Eurasia,27.3323,86.3949,true,
sit-baihong,baih1238,,Baihong,,Sino-Tibetan,Eurasia,23.2074,101.886,true,
sit-baima,baim1244,bqh,Baima,,Sino-Tibetan,Eurasia,33.1001,103.952,true,
sit-balti,balt1258,bft,Balti,,Sino-Tibetan,Eurasia,34.4491,77.2859,true,
sit-bangni,bang1338,,Bangni,,Sino-Tibetan,Eurasia,28.431524,93.248908,true,
sit-bantawa,bant1281,bap,Bantawa,,Sino-Tibetan,Eurasia,27.12147,87.04738,true,
sit-bawm-chin,bawm1236,bgr,Bawm Chin,,Sino-Tibetan,Eurasia,22.4405233333,92.92553,true,
sit-beijing-mandarin,beij1234,,Beijing Mandarin,,Sino-Tibetan,Eurasia,39.9385466,116.1172766,true,
sit-beijingic,beij1235,,Beijingic,,Sino-Tibetan,Eurasia,40.0209,116.228,true,
sit-bichom,bich1234,,Bichom,,Sino-Tibetan,Eurasia,27.1929556,92.4713002,true,
sit-biete,biet1238,biu,Biete,,Sino-Tibetan,Eurasia,24.273507,92.94342,true,
sit-bijiang-bai,biji1251,,Bijiang Bai,,Sino-Tibetan,Eurasia,26.925,99.656,true,
sit-bilichi,bili1249,,Bilichi,,Sino-Tibetan,Eurasia,18.8137,97.1203,true,
sit-bisu,bisu1244,bzi,Bisu,,Sino-Tibetan,Eurasia,20.8542,99.9862,true,
sit-biyo,biyo1243,byo,Biyo,,Sino-Tibetan,Eurasia,22.511,101.652,true,
sit-bodo-mech,bodo1269,brx,Bodo-Mech,,Sino-Tibetan,Eurasia,26.1,92.0,true,
sit-bokar-ramo,boka1249,,Bokar-Ramo,,Sino-Tibetan,Eurasia,28.61433,94.066429,true,
sit-bori-karko,bori1243,adi,Bori-Karko,,Sino-Tibetan,Eurasia,27.62812,94.3538,true,
sit-brek-karen,brek1238,kvl,Brek Karen,,Sino-Tibetan,Eurasia,19.0561,96.8365,true,
sit-brokpake,brok1248,sgt,Brokpake,,Sino-Tibetan,Eurasia,27.3438,91.9972,true,
sit-bugun,bugu1246,bgg,Bugun,,Sino-Tibetan,Eurasia,27.1929556,92.4713002,true,
sit-bujhyal,bujh1238,byh,Bujhyal,,Sino-Tibetan,Eurasia,28.0084,84.5068,true,
sit-bulu,bulu1255,,Bulu,,Sino-Tibetan,Eurasia,27.4488607,92.4299111,true,
sit-bunan,gahr1239,bfu,Bunan,,Sino-Tibetan,Eurasia,32.2168,77.9596,true,
sit-burmese,nucl1310,mya,Burmese,,Sino-Tibetan,Eurasia,20.7926,93.9665,true,
sit-bwe-karen,bwek1238,bwe,Bwe Karen,,Sino-Tibetan,Eurasia,18.9796,96.9936,true,
sit-byangsi,byan1241,bee,Byangsi,,Sino-Tibetan,Eurasia,29.92002,80.63653,true,
sit-caijia,caij1234,,Caijia,,Sino-Tibetan,Eurasia,27.284,105.292,true,
sit-camling,caml1239,rab,Camling,,Sino-Tibetan,Eurasia,27.3371,86.7612,true,
sit-cantonese,cant1236,,Cantonese,,Sino-Tibetan,Eurasia,23.0118,113.2021,true,
sit-central-bai,cent2004,bca,Central Bai,,Sino-Tibetan,Eurasia,26.1666,99.7052,true,
sit-central-lisu,hual1240,,Central Lisu,,Sino-Tibetan,Eurasia,26.91,98.94,true,
sit-chairel,chai1254,,Chairel,,Sino-Tibetan,Eurasia,24.30438,93.866431,true,
sit-chamba-lahuli,cham1308,,Chamba-Lahuli,,Sino-Tibetan,Eurasia,32.6963,76.5966,true,
sit-chang-naga,chan1313,nbc,Chang Naga,,Sino-Tibetan,Eurasia,26.4336,94.9536,true,
sit-changsha,chan1326,,Changsha,,Sino-Tibetan,Eurasia,28.85032,112.943344,true,
sit-chantyal,chan1310,chx,Chantyal,,Sino-Tibetan,Eurasia,28.684,83.4488,true,
sit-chaoshan,chao1239,,Chaoshan,,Sino-Tibetan,Eurasia,24.5,118.17,true,
sit-chaozhou,chao1238,,Chaozhou,,Sino-Tibetan,Eurasia,23.666667,116.633333,true,
sit-chaudangsi,chau1259,cdn,Chaudangsi,,Sino-Tibetan,Eurasia,29.7033,80.4832,true,
sit-chayangtajo,bugu1245,,Chayangtajo,,Sino-Tibetan,Eurasia,27.6802977,93.1302774,true,
sit-chengdu-mandarin,chen1267,,Chengdu Mandarin,,Sino-Tibetan,Eurasia,30.605768,103.970947,true,
sit-chepang,chep1245,cdm,Chepang,,Sino-Tibetan,Eurasia,27.7206,84.9017,true,
sit-chinbon-chin,chin1478,cnb,Chinbon Chin,,Sino-Tibetan,Eurasia,20.0776,94.0506,true,
sit-chintang,chhi1245,ctn,Chintang,,Sino-Tibetan,Eurasia,26.961,87.1899,true,
sit-chiru,chir1283,cdf,Chiru,,Sino-Tibetan,Eurasia,25.4643,94.4072,true,
sit-chokri-naga,chok1243,nri,Chokri Naga,,Sino-Tibetan,Eurasia,25.5636,94.2887,true,
sit-chothe,chot1239,nct,Chothe,,Sino-Tibetan,Eurasia,24.3722,94.2408,true,
sit-chungli,chon1286,,Chungli,,Sino-Tibetan,Eurasia,26.321,94.515,true,
sit-classical-chinese,lite1248,lzh,Classical Chinese,,Sino-Tibetan,Eurasia,34.09,109.05,true,
sit-classical-tibetan,clas1254,xct,Classical Tibetan,,Sino-Tibetan,Eurasia,29.24,92.01,true,
sit-daai-chin,daai1236,dao,Daai Chin,,Sino-Tibetan,Eurasia,20.7347,93.7853,true,
sit-dafang,dafa1241,,Dafang,,Sino-Tibetan,Eurasia,25.7707,102.367,true,
sit-dakpakha,dakp1242,dka,Dakpakha,,Sino-Tibetan,Eurasia,27.3762,91.8245,true,
sit-dali,dali1242,,Dali,,Sino-Tibetan,Eurasia,25.519,100.289,true,
sit-danu,danu1251,dnv,Danu,,Sino-Tibetan,Eurasia,20.392,96.9388,true,
sit-darma,darm1243,drd,Darma,,Sino-Tibetan,Eurasia,29.8629,80.5439,true,
sit-dayang-pumi,daya1246,,Dayang Pumi,,Sino-Tibetan,Eurasia,27.8408,100.622,true,
sit-dazhai,dazh1234,,Dazhai,,Sino-Tibetan,Eurasia,22.67753,102.851673333,true,
sit-deori,deor1238,der,Deori,,Sino-Tibetan,Eurasia,26.86152,93.70572,true,
sit-dermuha,derm1238,,Dermuha,,Sino-Tibetan,Eurasia,18.8137,97.1203,true,
sit-dgonpa,dgon1234,,dGonpa,,Sino-Tibetan,Eurasia,33.71994,104.40109,true,
sit-dhimal,dhim1246,dhi,Dhimal,,Sino-Tibetan,Eurasia,26.6283,88.3798,true,
sit-dikhyang,dikh1234,,Dikhyang,,Sino-Tibetan,Eurasia,27.1929556,92.4713002,true,
sit-dimasa,dima1251,dis,Dimasa,,Sino-Tibetan,Eurasia,25.4198,93.1806,true,
sit-dongshanba-lalo,dong1286,yik,Dongshanba Lalo,,Sino-Tibetan,Eurasia,25.435,100.178,true,
sit-drung,drun1238,duu,Drung,,Sino-Tibetan,Eurasia,28.00792,98.49449,true,
sit-duhumbi,chug1252,cvg,Duhumbi,,Sino-Tibetan,Eurasia,27.4177713,92.2255891,true,
sit-dumi,dumi1241,dus,Dumi,,Sino-Tibetan,Eurasia,27.45849,86.75699,true,
sit-dungan,dung1253,dng,Dungan,,Sino-Tibetan,Eurasia,42.7292,76.8382,true,
sit-dungmali,dung1252,raa,Dungmali,,Sino-Tibetan,Eurasia,26.9813,87.3328,true,
sit-dzalakha,dzal1238,dzl,Dzalakha,,Sino-Tibetan,Eurasia,27.7855,91.374,true,
sit-dzongkha,dzon1239,dzo,Dzongkha,,Sino-Tibetan,Eurasia,27.410786,89.581604,true,
sit-east-central-tangkhul-naga,tang1336,nmf,East-Central Tangkhul Naga,,Sino-Tibetan,Eurasia,25.0489,94.3567,true,
sit-eastern-gorkha-tamang,east2346,tge,Eastern Gorkha Tamang,,Sino-Tibetan,Eurasia,28.2213,84.9451,true,
sit-eastern-gurung,east2345,ggn,Eastern Gurung,,Sino-Tibetan,Eurasia,28.4368,84.58145,true,
sit-eastern-kayah,east2342,eky,Eastern Kayah,,Sino-Tibetan,Eurasia,19.8939,98.3359,true,
sit-eastern-magar,east2352,mgp,Eastern Magar,,Sino-Tibetan,Eurasia,27.4135166667,87.06171,true,
sit-eastern-puroik,sulu1241,suv,Eastern Puroik,,Sino-Tibetan,Eurasia,27.3153778,92.3840919,true,
sit-eastern-tamang,east2347,taj,Eastern Tamang,,Sino-Tibetan,Eurasia,27.3239,87.0832,true,
sit-ega-bai,egab1234,,Ega Bai,,Sino-Tibetan,Eurasia,26.925,99.656,true,
sit-eka,ekaa1234,,Eka,,Sino-Tibetan,Eurasia,23.475,99.865,true,
sit-enqi-bai,enqi1234,,Enqi Bai,,Sino-Tibetan,Eurasia,26.925,99.656,true,
sit-enu,enuu1235,enu,Enu,,Sino-Tibetan,Eurasia,22.95,101.85,true,
sit-ere-china,eree1240,,Ere (China),,Sino-Tibetan,Eurasia,31.5655,101.928,true,
sit-ersu,ersu1241,ers,Ersu,,Sino-Tibetan,Eurasia,29.2867,102.213,true,
sit-eryuan,eryu1239,,Eryuan,,Sino-Tibetan,Eurasia,26.0991374,99.9416161,true,
sit-eshan-nasu,esha1238,,Eshan Nasu,,Sino-Tibetan,Eurasia,24.408,102.456,true,
sit-falam-chin,fala1243,cfm,Falam Chin,,Sino-Tibetan,Eurasia,23.7892833333,92.3254633333,true,
sit-far-northwestern-nisu,farn1234,nsf,Far Northwestern Nisu,,Sino-Tibetan,Eurasia,25.646902,99.684187,true,
sit-fucheng,hain1237,,Fucheng,,Sino-Tibetan,Eurasia,20.043869,110.329399,true,
sit-galo,galo1242,adl,Galo,,Sino-Tibetan,Eurasia,27.9805586,94.6884956,true,
sit-gamale-kham,gama1251,kgj,Gamale Kham,,Sino-Tibetan,Eurasia,28.411,82.6749,true,
sit-gan-chinese,ganc1239,gan,Gan Chinese,,Sino-Tibetan,Eurasia,27.9896,115.166,true,
sit-gangte,gang1266,gnb,Gangte,,Sino-Tibetan,Eurasia,24.5113,94.1681,true,
sit-garo,garo1247,grt,Garo,,Sino-Tibetan,Eurasia,25.2954,90.462,true,
sit-gdongbrgyad-kamnyu,gdon1234,,Gdongbrgyad-Kamnyu,,Sino-Tibetan,Eurasia,32.1,102.36,true,
sit-geba-karen,geba1237,kvq,Geba Karen,,Sino-Tibetan,Eurasia,19.4991,96.9492,true,
sit-geko-karen,geko1235,ghk,Geko Karen,,Sino-Tibetan,Eurasia,19.6741,96.5308,true,
sit-gepo,gepo1234,ygp,Gepo,,Sino-Tibetan,Eurasia,25.7,102.5,true,
sit-guangzhou,guan1279,,Guangzhou,,Sino-Tibetan,Eurasia,23.1253503,112.9476548,true,
sit-guanyingqiao,guan1252,,Guanyingqiao,,Sino-Tibetan,Eurasia,31.5655,101.928,true,
sit-guilin-pinghua,guil1241,,Guilin Pinghua,,Sino-Tibetan,Eurasia,25.266667,110.283333,true,
sit-guiqiong,guiq1238,gqi,Guiqiong,,Sino-Tibetan,Eurasia,30.4803,102.128,true,
sit-gurung,guru1261,gvr,Gurung,,Sino-Tibetan,Eurasia,27.41687,86.28988,true,
sit-gyalsumdo,gyal1236,gyo,Gyalsumdo,,Sino-Tibetan,Eurasia,28.53256,84.33953,true,
sit-ha-erbin-mandarin,haer1234,,Ha'erbin Mandarin,,Sino-Tibetan,Eurasia,45.846595,126.551056,true,
sit-hainanese,hain1238,hnm,Hainanese,,Sino-Tibetan,Eurasia,19.78383,110.68759,true,
sit-haka-chin,haka1240,cnh,Haka Chin,,Sino-Tibetan,Eurasia,22.8735,92.8208,true,
sit-hakka-chinese,hakk1236,hak,Hakka Chinese,,Sino-Tibetan,Eurasia,25.0,116.0,true,
sit-hangzhou,hang1257,,Hangzhou,,Sino-Tibetan,Eurasia,30.261316,120.0318057,true,
sit-hani,hani1248,hni,Hani,,Sino-Tibetan,Eurasia,22.67753,102.851673333,true,
sit-hankou,hank1234,,Hankou,,Sino-Tibetan,,,,false,
sit-hefei-mandarin,hefe1234,,Hefei Mandarin,,Sino-Tibetan,Eurasia,31.873593,117.223663,true,
sit-heqing,heqi1238,,Heqing,,Sino-Tibetan,Eurasia,26.5536208,100.1396921,true,
sit-hills-karbi,karb1241,mjw,Hills Karbi,,Sino-Tibetan,Eurasia,25.7317,93.0462,true,
sit-hlepho-phowa,hlep1236,yhl,Hlepho Phowa,,Sino-Tibetan,Eurasia,23.591,103.733,true,
sit-hmar,hmar1241,hmr,Hmar,,Sino-Tibetan,Eurasia,24.7534,93.5497,true,
sit-hong-kong,xian1255,,Hong Kong,,Sino-Tibetan,Eurasia,22.422645,114.098396,true,
sit-honi,honi1244,how,Honi,,Sino-Tibetan,Eurasia,23.2074,101.886,true,
sit-horpa,horp1240,,Horpa,,Sino-Tibetan,,,,false,
sit-houguan,fuzh1239,,Houguan,,Sino-Tibetan,Eurasia,26.08904,119.294243,true,
sit-hpon,hpon1238,hpo,Hpon,,Sino-Tibetan,Eurasia,24.4606,97.1142,true,
sit-hrangkhol,hran1239,hra,Hrangkhol,,Sino-Tibetan,Eurasia,24.4559,93.351,true,
sit-huhehaote,huhe1234,,Huhehaote,,Sino-Tibetan,Eurasia,40.855526,111.743889,true,
sit-hui-chinese,huiz1242,czh,Hui Chinese,,Sino-Tibetan,Eurasia,29.7646,118.232,true,
sit-huili-yi,huil1243,,Huili Yi,,Sino-Tibetan,Eurasia,28.1947,102.121,true,
sit-idu,idum1241,clk,Idu,,Sino-Tibetan,Eurasia,29.4473,95.6472,true,
sit-intha,inth1239,,Intha,,Sino-Tibetan,Eurasia,20.392,96.9388,true,
sit-japhug,japh1234,,Japhug,,Sino-Tibetan,Eurasia,32.1,102.36,true,
sit-jerigaon,jeri1243,,Jerigaon,,Sino-Tibetan,Eurasia,27.3376444,92.4685696,true,
sit-jerung,jeru1240,jee,Jerung,,Sino-Tibetan,Eurasia,27.1741,86.2547,true,
sit-jian-ou,jian1240,,Jian'ou,,Sino-Tibetan,Eurasia,27.04237,118.307419,true,
sit-jianchuan,jian1239,,Jianchuan,,Sino-Tibetan,Eurasia,26.538056,99.91,true,
sit-jinan-mandarin,jina1245,,Jinan Mandarin,,Sino-Tibetan,Eurasia,36.690777,116.997299,true,
sit-jingpho,jing1260,,Jingpho,,Sino-Tibetan,,,,false,
sit-jinman-bai,nuji1238,,Jinman Bai,,Sino-Tibetan,Eurasia,26.4240223,98.8862088,true,
sit-jino,jino1236,,Jino,,Sino-Tibetan,,,,false,
sit-jinyu-chinese,jiny1235,cjy,Jinyu Chinese,,Sino-Tibetan,Eurasia,38.8284,111.278,true,
sit-jirel,jire1238,jul,Jirel,,Sino-Tibetan,Eurasia,27.6931,86.3201,true,
sit-jixi,jixi1238,,Jixi,,Sino-Tibetan,Eurasia,30.071111,118.592222,true,
sit-kaang-chin,kaan1248,ckn,Kaang Chin,,Sino-Tibetan,Eurasia,21.5091,93.6262,true,
sit-kachari,kach1279,xac,Kachari,,Sino-Tibetan,Eurasia,26.6882,92.317,true,
sit-kadu,kadu1254,zkd,Kadu,,Sino-Tibetan,Eurasia,24.2042,95.6332,true,
sit-kagate,kaga1252,syw,Kagate,,Sino-Tibetan,Eurasia,27.4492,86.1675,true,
sit-kaike,kaik1246,kzq,Kaike,,Sino-Tibetan,Eurasia,28.853,83.1384,true,
sit-kalaktang-monpa,kala1376,kkf,Kalaktang Monpa,,Sino-Tibetan,Eurasia,27.073067,92.142965,true,
sit-kanashi,kana1283,xns,Kanashi,,Sino-Tibetan,Eurasia,32.2843,77.1553,true,
sit-karenic,kare1337,,Karenic,,Sino-Tibetan,,,,false,
sit-kaspi,kasp1234,,Kaspi,,Sino-Tibetan,Eurasia,27.1929556,92.4713002,true,
sit-kathmandu-valley-newari,newa1246,new,Kathmandu Valley Newari,,Sino-Tibetan,Eurasia,27.67,85.326,true,
sit-katso,kats1235,kaf,Katso,,Sino-Tibetan,Eurasia,24.6,102.4,true,
sit-kayah,kaya1317,,Kayah,,Sino-Tibetan,,,,false,
sit-kayan-lahwi,kaya1315,pdu,Kayan Lahwi,,Sino-Tibetan,Eurasia,19.5183,97.4138,true,
sit-khaling,khal1275,klr,Khaling,,Sino-Tibetan,Eurasia,27.3912,87.5053,true,
sit-khambu-kulung,kham1288,,Khambu (Kulung),,Sino-Tibetan,Eurasia,27.1606,87.5717,true,
sit-khami,kham1284,,Khami,,Sino-Tibetan,Eurasia,22.87125,92.9894633333,true,
sit-khams-tibetan,kham1282,khg,Khams Tibetan,,Sino-Tibetan,Eurasia,31.9313,91.7062,true,
sit-khengkha,khen1241,xkf,Khengkha,,Sino-Tibetan,Eurasia,27.0879,90.8633,true,
sit-khezha-naga,khez1235,nkh,Khezha Naga,,Sino-Tibetan,Eurasia,25.7078,94.3114,true,
sit-khiamniungan-naga,khia1236,kix,Khiamniungan Naga,,Sino-Tibetan,Eurasia,26.20076,95.016799,true,
sit-khispi,lish1235,lsh,Khispi,,Sino-Tibetan,Eurasia,27.3688993,92.2394672,true,
sit-khoina,khoi1253,,Khoina,,Sino-Tibetan,Eurasia,27.3429306,92.5104585,true,
sit-khoitam,khoi1252,,Khoitam,,Sino-Tibetan,Eurasia,27.3293889,92.4360113,true,
sit-khonoma,khon1248,,Khonoma,,Sino-Tibetan,Eurasia,25.6841,93.8668,true,
sit-khumi-chin,khum1248,cnk,Khumi Chin,,Sino-Tibetan,Eurasia,22.87125,92.9894633333,true,
sit-khurai,khur1238,,Khurai,,Sino-Tibetan,Eurasia,24.6437,94.3556,true,
sit-kinnauri,kinn1249,kfk,Kinnauri,,Sino-Tibetan,Eurasia,31.3688,78.3148,true,
sit-kman,miju1243,mxj,Kman,,Sino-Tibetan,Eurasia,28.4732,97.0444,true,
sit-koch,koch1250,kdq,Koch,,Sino-Tibetan,Eurasia,25.7962,90.2566,true,
sit-koireng,koir1240,nkd,Koireng,,Sino-Tibetan,Eurasia,25.2857,94.2141,true,
sit-kojo-rojo,kojo1234,,Kojo Rojo,,Sino-Tibetan,Eurasia,27.505162,92.7984331,true,
sit-kok-borok,kokb1239,trp,Kok Borok,,Sino-Tibetan,Eurasia,23.1916,91.4673,true,
sit-kolhreng,kolh1240,,Kolhreng,,Sino-Tibetan,Eurasia,24.8688,94.534,true,
sit-kom-india,komi1270,kmm,Kom (India),,Sino-Tibetan,Eurasia,24.8688,94.534,true,
sit-konyak-naga,kony1248,nbe,Konyak Naga,,Sino-Tibetan,Eurasia,26.6823,95.0598,true,
sit-koro,koro1316,jkr,Koro,,Sino-Tibetan,Eurasia,27.214804,92.633011,true,
sit-kua-nsi,kuan1249,ykn,Kua-nsi,,Sino-Tibetan,Eurasia,26.45,103.33,true,
sit-kuamasi,kuam1234,yku,Kuamasi,,Sino-Tibetan,Eurasia,26.35,103.33,true,
sit-kucong,kuco1235,lkc,Kucong,,Sino-Tibetan,Eurasia,22.26,101.25,true,
sit-kulung-nepal,kulu1253,kle,Kulung (Nepal),,Sino-Tibetan,Eurasia,27.1606,87.5717,true,
sit-kunming-chinese,kunm1234,,Kunming Chinese,,Sino-Tibetan,Eurasia,25.049711,102.72274,true,
sit-kuno-charang,tukp1239,tpq,Kuno-Charang,,Sino-Tibetan,Eurasia,31.46703,78.56049,true,
sit-kurtokha,kurt1248,xkz,Kurtokha,,Sino-Tibetan,Eurasia,27.5365,90.9822,true,
sit-kyerung,kyer1238,kgy,Kyerung,,Sino-Tibetan,Eurasia,28.2922,85.4257,true,
sit-laghuu,lagh1245,lgh,Laghuu,,Sino-Tibetan,Eurasia,22.2674,103.929,true,
sit-lahta-zayein-karen,zaye1235,kxk,Lahta-Zayein Karen,,Sino-Tibetan,Eurasia,20.16,96.908,true,
sit-lahu,lahu1253,lhu,Lahu,,Sino-Tibetan,Eurasia,21.2701,100.214,true,
sit-lahu-shi,lahu1252,lhi,Lahu Shi,,Sino-Tibetan,Eurasia,21.2078,100.97,true,
sit-lainong-naga,lein1237,lzn,Lainong Naga,,Sino-Tibetan,Eurasia,26.4481,95.4,true,
sit-lalo,lalo1240,,Lalo,,Sino-Tibetan,,,,false,
sit-lamjung-melamchi-yolmo,hela1238,scp,Lamjung-Melamchi Yolmo,,Sino-Tibetan,Eurasia,27.9212,85.6289,true,
sit-lamkang,lamk1238,lmk,Lamkang,,Sino-Tibetan,Eurasia,24.1523,94.2706,true,
sit-lanping,lanp1241,,Lanping,,Sino-Tibetan,Eurasia,26.5158555,99.2581092,true,
sit-lanzhou-mandarin,lanz1234,,Lanzhou Mandarin,,Sino-Tibetan,Eurasia,36.080515,103.838425,true,
sit-lashi,lash1243,lsi,Lashi,,Sino-Tibetan,Eurasia,26.0992,98.5481,true,
sit-lasumpatte,lasu1234,,Lasumpatte,,Sino-Tibetan,Eurasia,26.9527787,92.965784,true,
sit-lautu,laut1236,clt,Lautu,,Sino-Tibetan,Eurasia,22.2009,93.4448,true,
sit-lavu-yongsheng-talu,talu1238,yta,Lavu-Yongsheng-Talu,,Sino-Tibetan,Eurasia,26.4,101.0,true,
sit-lawng-hsu,lawn1238,,Lawng Hsu,,Sino-Tibetan,Eurasia,24.942535,99.8338,true,
sit-lawu,lawu1238,lwu,Lawu,,Sino-Tibetan,Eurasia,24.133878,101.498795,true,
sit-leh-ladakhi,lada1244,lbj,Leh Ladakhi,,Sino-Tibetan,Eurasia,34.14649,77.56261,true,
sit-lepcha,lepc1244,lep,Lepcha,,Sino-Tibetan,Eurasia,27.0869,88.5726,true,
sit-lhasa-tibetan,utsa1239,,Lhasa Tibetan,,Sino-Tibetan,Eurasia,28.3681,90.1872,true,
sit-lhomi,lhom1239,lhm,Lhomi,,Sino-Tibetan,Eurasia,27.5948,87.7161,true,
sit-liangmai-naga,lian1251,njn,Liangmai Naga,,Sino-Tibetan,Eurasia,25.16,93.542,true,
sit-lichiang,lich1241,,Lichiang,,Sino-Tibetan,Eurasia,27.5,100.0,true,
sit-limbu,limb1266,lif,Limbu,,Sino-Tibetan,Eurasia,27.2703,87.8859,true,
sit-limi,limi1243,ylm,Limi,,Sino-Tibetan,Eurasia,24.469,100.073,true,
sit-lipo,lipo1242,lpo,Lipo,,Sino-Tibetan,Eurasia,25.226,101.302,true,
sit-lisu,lisu1250,lis,Lisu,,Sino-Tibetan,Eurasia,26.91,98.94,true,
sit-lixian,lixi1238,,Lixian,,Sino-Tibetan,Eurasia,31.590536,102.660664,true,
sit-lohorung,nort2727,lbr,Lohorung,,Sino-Tibetan,Eurasia,27.5102,87.2157,true,
sit-lolo-burmese,lolo1265,,Lolo-Burmese,,Sino-Tibetan,,,,false,
sit-loloish,lolo1267,,Loloish,,Sino-Tibetan,,,,false,
sit-lolopo,lolo1259,ycl,Lolopo,,Sino-Tibetan,Eurasia,25.50051,101.30185,true,
sit-longchuan-achang,acha1249,acn,Longchuan Achang,,Sino-Tibetan,Eurasia,24.3479,97.7438,true,
sit-longxi-qiang,long1374,,Longxi Qiang,,Sino-Tibetan,Eurasia,31.5392,103.384,true,
sit-lotha-naga,loth1237,njh,Lotha Naga,,Sino-Tibetan,Eurasia,26.01396,94.04355,true,
sit-loudi,loud1234,,Loudi,,Sino-Tibetan,Eurasia,27.733333,111.9281883,true,
sit-lowa,lowa1242,loy,Lowa,,Sino-Tibetan,Eurasia,29.0324,83.8959,true,
sit-luquan-naso,luqu1238,,Luquan Naso,,Sino-Tibetan,Eurasia,25.48,102.48,true,
sit-maang,maan1239,,Maang,,Sino-Tibetan,Eurasia,23.555104,105.70091,true,
sit-maerkang,maer1238,,Maerkang,,Sino-Tibetan,Eurasia,31.590536,102.660664,true,
sit-magar,maga1261,,Magar,,Sino-Tibetan,,,,false,
sit-manange,mana1288,nmm,Manange,,Sino-Tibetan,Eurasia,28.6416,84.0515,true,
sit-mandalay-yangon,mand1476,,Mandalay-Yangon,,Sino-Tibetan,Eurasia,20.7926,93.9665,true,
sit-mandarin-chinese,mand1415,cmn,Mandarin Chinese,,Sino-Tibetan,Eurasia,40.0209,116.228,true,
sit-manipuri,mani1292,mni,Manipuri,,Sino-Tibetan,Eurasia,24.4409,93.3426,true,
sit-mantsi,mant1265,nty,Mantsi,,Sino-Tibetan,Eurasia,23.1829,105.405,true,
sit-manumanaw-karen,manu1255,kxf,Manumanaw Karen,,Sino-Tibetan,Eurasia,19.165,96.9531,true,
sit-mao-naga,maon1238,nbi,Mao Naga,,Sino-Tibetan,Eurasia,25.3836,94.0035,true,
sit-mara,mara1382,mrh,Mara,,Sino-Tibetan,Eurasia,22.1138,93.0387,true,
sit-maram-naga,mara1379,nma,Maram Naga,,Sino-Tibetan,Eurasia,25.4378,94.2205,true,
sit-maring-naga,mari1416,nng,Maring Naga,,Sino-Tibetan,Eurasia,24.2854,94.0723,true,
sit-marma,marm1234,rmz,Marma,,Sino-Tibetan,Eurasia,22.759948,92.210748,true,
sit-maru,maru1249,mhx,Maru,,Sino-Tibetan,Eurasia,24.942535,99.8338,true,
sit-meixian,yuet1238,,Meixian,,Sino-Tibetan,Eurasia,24.3522958,115.8903375,true,
sit-mianchi-qiang,mian1253,,Mianchi Qiang,,Sino-Tibetan,Eurasia,31.5392,103.384,true,
sit-middle-chinese,midd1344,ltc,Middle Chinese,,Sino-Tibetan,Eurasia,34.27,108.9,true,
sit-miji,miji1239,,Miji,,Sino-Tibetan,Eurasia,,,false,
sit-min-bei-chinese,minb1236,mnp,Min Bei Chinese,,Sino-Tibetan,Eurasia,27.05,118.32,true,
sit-min-bei-chinese-2,minb1244,,Min Bei Chinese,,Sino-Tibetan,,,,false,
sit-min-dong-chinese,mind1253,cdo,Min Dong Chinese,,Sino-Tibetan,Eurasia,26.0,119.5,true,
sit-min-nan-chinese,minn1241,nan,Min Nan Chinese,,Sino-Tibetan,Eurasia,24.5,118.17,true,
sit-min-zhong-chinese,minz1235,czo,Min Zhong Chinese,,Sino-Tibetan,Eurasia,26.0686,117.376,true,
sit-mising-padam-miri-minyong,misi1242,mrg,Mising-Padam-Miri-Minyong,,Sino-Tibetan,Eurasia,27.418,94.69,true,
sit-mizo,lush1249,lus,Mizo,,Sino-Tibetan,Eurasia,22.6138,92.6247,true,
sit-mon-india,monn1253,,Mon (India),,Sino-Tibetan,Eurasia,26.6823,95.0598,true,
sit-mondzi,mond1267,,Mondzi,,Sino-Tibetan,Eurasia,23.446095,105.416304,true,
sit-mongsen,mong1332,,Mongsen,,Sino-Tibetan,Eurasia,26.3241,94.3824,true,
sit-monsang-naga,mons1234,nmh,Monsang Naga,,Sino-Tibetan,Eurasia,24.5322,94.2164,true,
sit-mpi,mpii1239,mpz,Mpi,,Sino-Tibetan,Eurasia,18.1717,100.21,true,
sit-mro-chin,mroc1235,cmr,Mro Chin,,Sino-Tibetan,Eurasia,19.71,93.995,true,
sit-mru,mruu1242,mro,Mru,,Sino-Tibetan,Eurasia,21.472,92.318,true,
sit-muishaung,mosa1240,,Muishaung,,Sino-Tibetan,Eurasia,27.0964,95.9001,true,
sit-mun-chin,munc1235,mwq,Mün Chin,,Sino-Tibetan,Eurasia,20.289,94.3929,true,
sit-muya,muya1239,,Muya,,Sino-Tibetan,Eurasia,,,false,
sit-mzieme-naga,mzie1235,nme,Mzieme Naga,,Sino-Tibetan,Eurasia,25.4779,93.71,true,
sit-na-lahu,naaa1244,,Na (Lahu),,Sino-Tibetan,Eurasia,21.2701,100.214,true,
sit-nachering,nach1240,ncd,Nachering,,Sino-Tibetan,Eurasia,27.4202,86.7001,true,
sit-naish,nais1236,,Naish,,Sino-Tibetan,,,,false,
sit-namphri,namp1239,,Namphri,,Sino-Tibetan,Eurasia,27.1929556,92.4713002,true,
sit-namuyi,namu1246,nmy,Namuyi,,Sino-Tibetan,Eurasia,28.5909,101.898,true,
sit-nanchang,nanc1254,,Nanchang,,Sino-Tibetan,Eurasia,28.706609,115.857468,true,
sit-nanhua-lolopho,nanh1240,,Nanhua Lolopho,,Sino-Tibetan,Eurasia,25.50051,101.30185,true,
sit-nanjing-mandarin,nanj1234,,Nanjing Mandarin,,Sino-Tibetan,Eurasia,32.0989607,118.4575646,true,
sit-nanning-pinghua,nann1239,,Nanning Pinghua,,Sino-Tibetan,Eurasia,22.848716,108.366165,true,
sit-nar-phu,narp1239,npa,Nar Phu,,Sino-Tibetan,Eurasia,28.76714,84.22852,true,
sit-narua,yong1270,nru,Narua,,Sino-Tibetan,Eurasia,27.8,100.9,true,
sit-naxi,naxi1245,nxq,Naxi,,Sino-Tibetan,Eurasia,27.5,100.0,true,
sit-nesu,nesu1235,,Nesu,,Sino-Tibetan,,,,false,
sit-nga-la,ngal1291,hlt,Nga La,,Sino-Tibetan,Eurasia,23.312,92.83,true,
sit-nisi-china,nisi1238,yso,Nisi (China),,Sino-Tibetan,Eurasia,23.418,104.85,true,
sit-nisoid,niso1234,,Nisoid,,Sino-Tibetan,,,,false,
sit-nisu,nisu1238,,Nisu,,Sino-Tibetan,,,,false,
sit-nisu-nyisu,nisu1237,,Nisu-Nyisu,,Sino-Tibetan,,,,false,
sit-nocte-naga,noct1238,njb,Nocte Naga,,Sino-Tibetan,Eurasia,27.152,95.3903,true,
sit-northern-bai,nort2724,bfc,Northern Bai,,Sino-Tibetan,Eurasia,26.925,99.656,true,
sit-northern-gyalrong,jiar1240,,Northern Gyalrong,,Sino-Tibetan,Eurasia,,,false,
sit-northern-jinghpaw,sing1264,sgp,Northern Jinghpaw,,Sino-Tibetan,Eurasia,27.296,95.606,true,
sit-northern-lisu,nort3298,,Northern Lisu,,Sino-Tibetan,Eurasia,26.91,98.94,true,
sit-northern-pa-o,nort2705,,Northern Pa'o,,Sino-Tibetan,Eurasia,20.211,97.5969,true,
sit-northern-pumi,nort2723,pmi,Northern Pumi,,Sino-Tibetan,Eurasia,28.6626,101.305,true,
sit-northern-qiang,nort2722,cng,Northern Qiang,,Sino-Tibetan,Eurasia,32.2766,103.192,true,
sit-northern-rengma-naga,nort2725,nnl,Northern Rengma Naga,,Sino-Tibetan,Eurasia,26.4492,94.5683,true,
sit-northern-tujia,nort2732,tji,Northern Tujia,,Sino-Tibetan,Eurasia,29.3016,109.759,true,
sit-nubri,nubr1243,,Nubri,,Sino-Tibetan,Eurasia,28.5092,84.7772,true,
sit-nuclear-nisu,nucl1833,,Nuclear Nisu,,Sino-Tibetan,,,,false,
sit-nuclear-tamang,nucl1729,,Nuclear Tamang,,Sino-Tibetan,,,,false,
sit-nung-myanmar,nung1282,nun,Nung (Myanmar),,Sino-Tibetan,Eurasia,27.2887,98.7333,true,
sit-nusu,nusu1239,nuf,Nusu,,Sino-Tibetan,Eurasia,26.7292,98.8801,true,
sit-nyishi-hill-miri,nyis1236,njz,Nyishi-Hill Miri,,Sino-Tibetan,Eurasia,27.278263,93.675529,true,
sit-old-burmese,oldb1235,obr,Old Burmese,,Sino-Tibetan,Eurasia,21.161961,94.897306,true,
sit-old-chinese,oldc1244,och,Old Chinese,,Sino-Tibetan,Eurasia,36.12,114.32,true,
sit-pa-o-karen,paok1235,blk,Pa'o Karen,,Sino-Tibetan,Eurasia,20.211,97.5969,true,
sit-padam,pada1257,,Padam,,Sino-Tibetan,Eurasia,28.2463,95.3668,true,
sit-paku-karen,paku1238,jkp,Paku Karen,,Sino-Tibetan,Eurasia,18.8137,97.1203,true,
sit-pangkhua,pank1249,pkh,Pangkhua,,Sino-Tibetan,Eurasia,22.4124,92.4581,true,
sit-pangwa-naga,tase1235,nst,Pangwa Naga,,Sino-Tibetan,Eurasia,27.2572,96.3855,true,
sit-parbate-kham,parb1234,,Parbate Kham,,Sino-Tibetan,,,,false,
sit-patkaian,kony1246,,Patkaian,,Sino-Tibetan,Eurasia,,,false,
sit-pattani,patt1248,lae,Pattani,,Sino-Tibetan,Eurasia,32.6963,76.5966,true,
sit-pela,pela1242,bxd,Pela,,Sino-Tibetan,Eurasia,24.2142,97.9183,true,
sit-phadang,phad1238,,Phadang,,Sino-Tibetan,Eurasia,25.0489,94.3567,true,
sit-phola,phol1237,ypg,Phola,,Sino-Tibetan,Eurasia,23.4674,102.228,true,
sit-pholo,phol1235,yip,Pholo,,Sino-Tibetan,Eurasia,23.667,104.238,true,
sit-phom-naga,phom1236,nph,Phom Naga,,Sino-Tibetan,Eurasia,26.4715,94.7476,true,
sit-phrae-pwo-karen,phra1235,kjt,Phrae Pwo Karen,,Sino-Tibetan,Eurasia,18.0048,99.6382,true,
sit-phunoi,phun1245,pho,Phunoi,,Sino-Tibetan,Eurasia,20.7996,100.957,true,
sit-phuza,phuz1235,ypz,Phuza,,Sino-Tibetan,Eurasia,23.05,103.4,true,
sit-pingyao,ping1247,,Pingyao,,Sino-Tibetan,Eurasia,37.1390706,111.9656111,true,
sit-pochuri-naga,poch1243,npo,Pochuri Naga,,Sino-Tibetan,Eurasia,25.4478,94.1119,true,
sit-pu-xian-chinese,puxi1243,cpx,Pu-Xian Chinese,,Sino-Tibetan,Eurasia,25.37,118.68,true,
sit-puma,puma1239,pum,Puma,,Sino-Tibetan,Eurasia,27.0774,86.838,true,
sit-pumi,pumi1242,,Pumi,,Sino-Tibetan,,,,false,
sit-purik-sham-nubra,puri1258,prx,Purik-Sham-Nubra,,Sino-Tibetan,Eurasia,34.3386,76.0127,true,
sit-puroikic,puro1234,,Puroikic,,Sino-Tibetan,,,,false,
sit-purum,puru1266,pub,Purum,,Sino-Tibetan,Eurasia,25.3887,95.0935,true,
sit-pwo-eastern-karen,pwoe1235,kjp,Pwo Eastern Karen,,Sino-Tibetan,Eurasia,15.1915,98.7355,true,
sit-pwo-northern-karen,pwon1235,pww,Pwo Northern Karen,,Sino-Tibetan,Eurasia,18.016,98.2709,true,
sit-pwo-western-karen,pwow1235,pwo,Pwo Western Karen,,Sino-Tibetan,Eurasia,17.3622,97.7044,true,
sit-pyen,pyen1239,pyy,Pyen,,Sino-Tibetan,Eurasia,20.759,100.029,true,
sit-qiliqiao,qili1234,,Qiliqiao,,Sino-Tibetan,Eurasia,25.6553283,100.1709288,true,
sit-qingdao-mandarin,qing1240,,Qingdao Mandarin,,Sino-Tibetan,Eurasia,36.089393,120.379715,true,
sit-qinghua-pumi,qing1238,,Qinghua Pumi,,Sino-Tibetan,Eurasia,27.8408,100.622,true,
sit-queyu,quey1238,qvy,Queyu,,Sino-Tibetan,Eurasia,30.3113,100.813,true,
sit-rabha,rabh1238,rah,Rabha,,Sino-Tibetan,Eurasia,25.8248,91.1689,true,
sit-rahung,rahu1234,,Rahung,,Sino-Tibetan,Eurasia,27.375914,92.409383,true,
sit-raji,raji1240,rji,Raji,,Sino-Tibetan,Eurasia,28.6151,81.577,true,
sit-rakhine,rakh1245,rki,Rakhine,,Sino-Tibetan,Eurasia,20.527429,93.145906,true,
sit-ralte,ralt1242,ral,Ralte,,Sino-Tibetan,Eurasia,25.0201,94.7381,true,
sit-rangkas,rang1266,rgk,Rangkas,,Sino-Tibetan,Eurasia,29.2278,80.0845,true,
sit-raute,raut1239,rau,Raute,,Sino-Tibetan,Eurasia,28.9518,81.1617,true,
sit-rawa-puroik,rawa1269,,Rawa (Puroik),,Sino-Tibetan,Eurasia,27.5984412,92.9236222,true,
sit-rawang,rawa1265,raw,Rawang,,Sino-Tibetan,Eurasia,27.1027,97.0738,true,
sit-rengmitca,reng1255,,Rengmitca,,Sino-Tibetan,Eurasia,21.710864,92.367939,true,
sit-riang-india,rian1262,ria,Riang (India),,Sino-Tibetan,Eurasia,23.6803,92.0321,true,
sit-rongcheng-mandarin,rong1271,,Rongcheng Mandarin,,Sino-Tibetan,Eurasia,37.130642,122.434269,true,
sit-rongmei-naga,rong1266,nbu,Rongmei Naga,,Sino-Tibetan,Eurasia,25.098,93.7869,true,
sit-rongpo,rong1264,rnp,Rongpo,,Sino-Tibetan,Eurasia,30.528,79.567,true,
sit-rtau,daof1238,,Rtau,,Sino-Tibetan,Eurasia,31.1026,101.72,true,
sit-rupa,rupa1234,,Rupa,,Sino-Tibetan,Eurasia,27.2029222,92.3970446,true,
sit-s-gaw-karen,sgaw1245,ksw,S'gaw Karen,,Sino-Tibetan,Eurasia,17.9872,97.7126,true,
sit-sajolang,saja1240,sjl,Sajolang,,Sino-Tibetan,Eurasia,27.57952,92.77,true,
sit-sakachep-chorei,saka1283,sch,Sakachep-Chorei,,Sino-Tibetan,Eurasia,25.994,93.949,true,
sit-samatao,sama1295,ysd,Samatao,,Sino-Tibetan,Eurasia,25.012,102.2,true,
sit-samei,same1240,smh,Samei,,Sino-Tibetan,Eurasia,25.0756,103.0133,true,
sit-sampang,samp1249,rav,Sampang,,Sino-Tibetan,Eurasia,27.2999,87.0019,true,
sit-sangkong,sang1320,sgk,Sangkong,,Sino-Tibetan,Eurasia,21.64,100.77,true,
sit-sangtam-naga,sang1321,nsa,Sangtam Naga,,Sino-Tibetan,Eurasia,25.8581,94.6279,true,
sit-sani,sani1269,ysn,Sani,,Sino-Tibetan,Eurasia,24.278,103.759,true,
sit-sanie,sani1265,ysy,Sanie,,Sino-Tibetan,Eurasia,25.2,102.12,true,
sit-sario-saria,sari1249,,Sario Saria,,Sino-Tibetan,Eurasia,27.7729778,92.8960868,true,
sit-sartang,sart1249,onp,Sartang,,Sino-Tibetan,Eurasia,27.375914,92.409383,true,
sit-sartang-sherdukpen,sher1256,,Sartang-Sherdukpen,,Sino-Tibetan,Eurasia,,,false,
sit-seke-nepal,seke1240,skj,Seke (Nepal),,Sino-Tibetan,Eurasia,28.9251,83.8064,true,
sit-shanghainese,shan1293,,Shanghainese,,Sino-Tibetan,Eurasia,31.222902,121.475372,true,
sit-shantou,shan1244,,Shantou,,Sino-Tibetan,Eurasia,23.3372419,116.6068173,true,
sit-shenyang-mandarin,shen1252,,Shenyang Mandarin,,Sino-Tibetan,Eurasia,41.8049906,123.1563167,true,
sit-sherdukpen,sher1257,sdp,Sherdukpen,,Sino-Tibetan,Eurasia,27.0035,92.5799,true,
sit-shergaon,sher1261,,Shergaon,,Sino-Tibetan,Eurasia,27.1285861,92.2578307,true,
sit-sheshi-kham,shes1236,kip,Sheshi Kham,,Sino-Tibetan,Eurasia,27.9437,82.6467,true,
sit-shexian,shex1234,,Shexian,,Sino-Tibetan,Eurasia,30.589829,118.428268,true,
sit-shixing,shix1238,sxg,Shixing,,Sino-Tibetan,Eurasia,28.3895,100.4,true,
sit-shuangbo-lolopho,shua1253,,Shuangbo Lolopho,,Sino-Tibetan,Eurasia,25.50051,101.30185,true,
sit-shuangfeng,shua1258,,Shuangfeng,,Sino-Tibetan,Eurasia,27.4569781,111.916486,true,
sit-sichuan-yi,sich1238,iii,Sichuan Yi,,Sino-Tibetan,Eurasia,28.1947,102.121,true,
sit-sikkimese,sikk1242,sip,Sikkimese,,Sino-Tibetan,Eurasia,27.85795,88.59153,true,
sit-singchung,sing1271,,Singchung,,Sino-Tibetan,Eurasia,27.1929556,92.4713002,true,
sit-sinitic,sini1245,,Sinitic,,Sino-Tibetan,,,,false,
sit-sino-tibetan,sino1245,,Sino-Tibetan,,Sino-Tibetan,,,,false,
sit-situ,situ1238,,Situ,,Sino-Tibetan,Eurasia,31.590536,102.660664,true,
sit-siyaowu,siya1242,,Siyaowu,,Sino-Tibetan,Eurasia,31.5655,101.928,true,
sit-sizang-chin,siyi1240,csy,Sizang Chin,,Sino-Tibetan,Eurasia,23.8192,93.6884,true,
sit-solu-khumbu-sherpa,sher1255,xsr,Solu-Khumbu Sherpa,,Sino-Tibetan,Eurasia,27.674,86.9994,true,
sit-sonaga,sona1244,ysg,Sonaga,,Sino-Tibetan,Eurasia,26.55,103.33,true,
sit-southern-awu-lope,awuu1235,yiu,Southern Awu (Lope),,Sino-Tibetan,Eurasia,25.395,103.306,true,
sit-southern-bai,sout2730,bfs,Southern Bai,,Sino-Tibetan,Eurasia,25.519,100.289,true,
sit-southern-jinghpaw,kach1280,kac,Southern Jinghpaw,,Sino-Tibetan,Eurasia,25.4634,97.3278,true,
sit-southern-lalo,sout3210,,Southern Lalo,,Sino-Tibetan,Eurasia,23.5,99.33,true,
sit-southern-muji,sout2722,ymc,Southern Muji,,Sino-Tibetan,Eurasia,22.87312,103.306087,true,
sit-southern-nisu,sout2723,nsd,Southern Nisu,,Sino-Tibetan,Eurasia,23.058,101.412,true,
sit-southern-pa-o,sout2712,,Southern Pa'o,,Sino-Tibetan,Eurasia,20.211,97.5969,true,
sit-southern-pumi,sout2729,pmj,Southern Pumi,,Sino-Tibetan,Eurasia,27.8408,100.622,true,
sit-southern-qiang,sout2728,qxs,Southern Qiang,,Sino-Tibetan,Eurasia,31.5392,103.384,true,
sit-southern-rengma-naga,sout2732,nre,Southern Rengma Naga,,Sino-Tibetan,Eurasia,26.1178,94.6853,true,
sit-southern-tangkhul-naga,khan1277,,Southern Tangkhul Naga,,Sino-Tibetan,Eurasia,25.15667,94.20472,true,
sit-southern-tujia,sout2739,tjs,Southern Tujia,,Sino-Tibetan,Eurasia,28.2368,110.022,true,
sit-southern-yamphu,sout2734,lrr,Southern Yamphu,,Sino-Tibetan,Eurasia,26.932,87.3959,true,
sit-spiti-bhoti,spit1240,spt,Spiti Bhoti,,Sino-Tibetan,Eurasia,32.526,77.833,true,
sit-stau-dgebshes,horp1239,ero,Stau-Dgebshes,,Sino-Tibetan,Eurasia,31.1026,101.72,true,
sit-stodsde,shan1274,jih,Stodsde,,Sino-Tibetan,Eurasia,31.79891,101.30739,true,
sit-suansu,suan1234,,Suansu,,Sino-Tibetan,Eurasia,25.4333,94.5803,true,
sit-sumi-naga,sumi1235,nsm,Sumi Naga,,Sino-Tibetan,Eurasia,25.9996,94.4235,true,
sit-sumtu-chin,sumt1234,csv,Sumtu Chin,,Sino-Tibetan,Eurasia,20.1238,93.8367,true,
sit-sunwar,sunw1242,suz,Sunwar,,Sino-Tibetan,Eurasia,27.5201,86.2476,true,
sit-suzhou,suzh1234,,Suzhou,,Sino-Tibetan,Eurasia,31.3280439,120.364116,true,
sit-tagin,tagi1241,tgj,Tagin,,Sino-Tibetan,Eurasia,27.986064,94.221711,true,
sit-taibei-hokkien,taib1242,,Taibei Hokkien,,Sino-Tibetan,Eurasia,25.0853403,121.4231642,true,
sit-taiyuan,taiy1243,,Taiyuan,,Sino-Tibetan,Eurasia,37.8632119,112.4024883,true,
sit-tangkhulic,sino1246,,Tangkhulic,,Sino-Tibetan,Eurasia,,,false,
sit-tanglang-toloza,tang1372,ytl,Tanglang-Toloza,,Sino-Tibetan,Eurasia,26.9,99.9,true,
sit-tangut,tang1334,txg,Tangut,,Sino-Tibetan,Eurasia,38.894904,102.246464,true,
sit-taoba,taob1238,,Taoba,,Sino-Tibetan,Eurasia,28.6626,101.305,true,
sit-taoba-2,taob1239,,Táobā,,Sino-Tibetan,Eurasia,28.6626,101.305,true,
sit-taoping-qiang,taop1238,,Taoping Qiang,,Sino-Tibetan,Eurasia,31.5392,103.384,true,
sit-taoyuan-miaoli,taoy1234,,Taoyuan-Miaoli,,Sino-Tibetan,Eurasia,24.854549,120.9520006,true,
sit-tarao,tara1313,tro,Tarao,,Sino-Tibetan,Eurasia,24.4003,94.1703,true,
sit-taungyo,taun1248,tco,Taungyo,,Sino-Tibetan,Eurasia,20.4104,96.7401,true,
sit-tavoyan,tavo1242,tvn,Tavoyan,,Sino-Tibetan,Eurasia,14.1078,98.194,true,
sit-tawra,diga1241,mhu,Tawra,,Sino-Tibetan,Eurasia,28.4993,96.8803,true,
sit-tedim-chin,tedi1235,ctd,Tedim Chin,,Sino-Tibetan,Eurasia,23.6079,93.519,true,
sit-tengsa,teng1273,,Tengsa,,Sino-Tibetan,Eurasia,26.3241,94.3824,true,
sit-thado-chin,thad1238,tcz,Thado Chin,,Sino-Tibetan,Eurasia,24.096,93.722,true,
sit-thakali,thak1245,ths,Thakali,,Sino-Tibetan,Eurasia,28.7014,83.6466,true,
sit-thangal-naga,than1255,nki,Thangal Naga,,Sino-Tibetan,Eurasia,25.3472,93.8396,true,
sit-thangmi,than1259,thf,Thangmi,,Sino-Tibetan,Eurasia,28.7554,85.7657,true,
sit-thayetmyo,thay1247,,Thayetmyo,,Sino-Tibetan,Eurasia,21.393,93.5069,true,
sit-thou-kathu,kath1251,ykt,Thou-Kathu,,Sino-Tibetan,Eurasia,24.2,105.1,true,
sit-thulung,thul1246,tdh,Thulung,,Sino-Tibetan,Eurasia,27.5389,87.6063,true,
sit-tianjin-mandarin,tian1238,,Tianjin Mandarin,,Sino-Tibetan,Eurasia,39.186072,117.215424,true,
sit-tibetan,tibe1272,bod,Tibetan,,Sino-Tibetan,Eurasia,28.3681,90.1872,true,
sit-tilung,tilu1238,tij,Tilung,,Sino-Tibetan,Eurasia,27.2203,86.4694,true,
sit-tinani,tina1246,lbf,Tinani,,Sino-Tibetan,Eurasia,32.2852,77.9912,true,
sit-tippera,tipp1239,tpe,Tippera,,Sino-Tibetan,Eurasia,23.5864,92.0747,true,
sit-tiwa-india,tiwa1253,lax,Tiwa (India),,Sino-Tibetan,Eurasia,26.0667,92.2583,true,
sit-toto,toto1302,txo,Toto,,Sino-Tibetan,Eurasia,26.67,88.975,true,
sit-tshangla,tsha1245,tsj,Tshangla,,Sino-Tibetan,Eurasia,27.3694,91.7741,true,
sit-tshobdun,tsho1240,,Tshobdun,,Sino-Tibetan,Eurasia,32.18,101.84,true,
sit-tsum,tsum1240,ttz,Tsum,,Sino-Tibetan,Eurasia,28.4719,85.0817,true,
sit-tujia,tuji1244,,Tujia,,Sino-Tibetan,,,,false,
sit-tunxi,tunx1234,,Tunxi,,Sino-Tibetan,Eurasia,29.7201616,118.2294365,true,
sit-tuoluo-bai,tuol1234,,Tuoluo Bai,,Sino-Tibetan,Eurasia,26.925,99.656,true,
sit-tutsa-naga,tuts1235,tvt,Tutsa Naga,,Sino-Tibetan,Eurasia,27.161,95.8,true,
sit-ugong,ugon1239,ugo,Ugong,,Sino-Tibetan,Eurasia,14.93951,99.32287,true,
sit-ukhrul,ukhr1238,,Ukhrul,,Sino-Tibetan,Eurasia,25.0489,94.3567,true,
sit-upper-mangdep,nyen1254,neh,Upper Mangdep,,Sino-Tibetan,Eurasia,27.3732,90.3947,true,
sit-usui,usui1238,usi,Usui,,Sino-Tibetan,Eurasia,23.0131,91.7879,true,
sit-waling,wali1261,wly,Waling,,Sino-Tibetan,Eurasia,26.6369,86.4837,true,
sit-wambule,wamb1257,wme,Wambule,,Sino-Tibetan,Eurasia,27.14808,86.47646,true,
sit-wancho-naga,wanc1238,nnp,Wancho Naga,,Sino-Tibetan,Eurasia,26.8873,95.3203,true,
sit-wangho,wang1301,,Wangho,,Sino-Tibetan,Eurasia,27.1929556,92.4713002,true,
sit-waxianghua,waxi1236,wxa,Waxianghua,,Sino-Tibetan,Eurasia,28.644,110.362,true,
sit-wayu,wayu1241,vay,Wayu,,Sino-Tibetan,Eurasia,27.3047,86.1227,true,
sit-weining-yi,wein1239,,Weining Yi,,Sino-Tibetan,Eurasia,27.574,103.646,true,
sit-wenzhou,ouji1238,,Wenzhou,,Sino-Tibetan,Eurasia,27.94043,120.63338,true,
sit-western-kayah,west2409,kyu,Western Kayah,,Sino-Tibetan,Eurasia,18.687,97.4877,true,
sit-western-lalu,west1506,ywl,Western Lalu,,Sino-Tibetan,Eurasia,24.73,98.9,true,
sit-western-magar,west2418,mrd,Western Magar,,Sino-Tibetan,Eurasia,28.2462,83.511,true,
sit-western-muya,west2417,wmg,Western Muya,,Sino-Tibetan,Eurasia,29.444,101.418,true,
sit-western-parbate-kham,west2420,kjl,Western Parbate Kham,,Sino-Tibetan,Eurasia,28.6521,82.7348,true,
sit-western-tamang,west2415,tdg,Western Tamang,,Sino-Tibetan,Eurasia,28.0239,85.0563,true,
sit-wewaw,wewa1238,wea,Wewaw,,Sino-Tibetan,Eurasia,19.020577,96.540526,true,
sit-wu-chinese,wuch1236,wuu,Wu Chinese,,Sino-Tibetan,Eurasia,29.8621,119.682,true,
sit-wuding-luquan-yi,wudi1238,ywq,Wuding-Luquan Yi,,Sino-Tibetan,Eurasia,25.48,102.48,true,
sit-wuhan-mandarin,wuha1234,,Wuhan Mandarin,,Sino-Tibetan,Eurasia,30.624086,114.305649,true,
sit-wulumuqi-mandarin,wulu1243,,Wulumuqi Mandarin,,Sino-Tibetan,Eurasia,43.8216271,87.4226688,true,
sit-wumeng-nasu,wume1235,ywu,Wumeng Nasu,,Sino-Tibetan,Eurasia,27.574,103.646,true,
sit-wusa-nasu,wusa1235,yig,Wusa Nasu,,Sino-Tibetan,Eurasia,25.7707,102.367,true,
sit-wutunhua,wutu1241,wuh,Wutunhua,,Sino-Tibetan,Eurasia,35.269,101.957,true,
sit-xi-an-mandarin,xian1253,,Xi'an Mandarin,,Sino-Tibetan,Eurasia,34.228154,108.960571,true,
sit-xiamen,xiam1236,,Xiamen,,Sino-Tibetan,Eurasia,24.49421,118.08918,true,
sit-xiandao,xian1249,xia,Xiandao,,Sino-Tibetan,Eurasia,24.5458,97.9052,true,
sit-xiang-chinese,xian1251,hsn,Xiang Chinese,,Sino-Tibetan,Eurasia,27.66847,111.47112,true,
sit-xiangtan,xian1254,,Xiangtan,,Sino-Tibetan,Eurasia,27.8482649,112.7688127,true,
sit-xiangyun,xian1250,,Xiangyun,,Sino-Tibetan,Eurasia,25.5313657,100.4478932,true,
sit-xining-mandarin,xini1234,,Xining Mandarin,,Sino-Tibetan,Eurasia,36.671283,101.776886,true,
sit-xinping-nisu,xinp1238,,Xinping Nisu,,Sino-Tibetan,Eurasia,24.408,102.456,true,
sit-xishanba-lalo,xish1235,ywt,Xishanba Lalo,,Sino-Tibetan,Eurasia,24.8709,100.711,true,
sit-xuzhang-lalo,xuzh1234,,Xuzhang Lalo,,Sino-Tibetan,Eurasia,25.344026,99.112244,true,
sit-yacham,yach1235,,Yacham,,Sino-Tibetan,Eurasia,26.3241,94.3824,true,
sit-yacham-tengsa,yach1234,,Yacham-Tengsa,,Sino-Tibetan,Eurasia,26.3241,94.3824,true,
sit-yakkha,yakk1236,ybh,Yakkha,,Sino-Tibetan,Eurasia,27.3714,87.9306,true,
sit-yamphu,yamp1242,ybi,Yamphu,,Sino-Tibetan,Eurasia,27.6322,87.0441,true,
sit-yangjiang,yang1307,,Yangjiang,,Sino-Tibetan,Eurasia,21.7895612,111.966667,true,
sit-yangliu,yang1304,,Yangliu,,Sino-Tibetan,Eurasia,25.22482,99.046326,true,
sit-yangzhou-mandarin,yang1306,,Yangzhou Mandarin,,Sino-Tibetan,Eurasia,32.4171449,119.209227,true,
sit-yelong,yelo1242,,Yelong,,Sino-Tibetan,Eurasia,31.5655,101.928,true,
sit-yimchungru,yimc1241,,Yimchungru,,Sino-Tibetan,Eurasia,25.7675,94.8087,true,
sit-yimchungru-naga,yimc1240,yim,Yimchungru Naga,,Sino-Tibetan,Eurasia,25.7675,94.8087,true,
sit-yinbaw-karen,yinb1236,kvu,Yinbaw Karen,,Sino-Tibetan,Eurasia,19.0383,97.2134,true,
sit-yinchuan-mandarin,yinc1239,,Yinchuan Mandarin,,Sino-Tibetan,Eurasia,38.546662,106.240082,true,
sit-yintale-karen,yint1235,kvy,Yintale Karen,,Sino-Tibetan,Eurasia,18.9378,97.3368,true,
sit-yinuo-yi,yinu1238,,Yinuo Yi,,Sino-Tibetan,Eurasia,28.1947,102.121,true,
sit-yishengzha-yi,yish1238,,Yishengzha Yi,,Sino-Tibetan,Eurasia,28.1947,102.121,true,
sit-yoglei,yogl1238,,Yoglei,,Sino-Tibetan,Eurasia,27.2572,96.3855,true,
sit-yonghe-qiang,yong1287,,Yonghe Qiang,,Sino-Tibetan,Eurasia,31.852418,103.828678,true,
sit-youle-jinuo,youl1235,jiu,Youle Jinuo,,Sino-Tibetan,Eurasia,22.0473,101.057,true,
sit-yue-chinese,yuec1235,yue,Yue Chinese,,Sino-Tibetan,Eurasia,23.0,113.0,true,
sit-yunlong,yunl1238,,Yunlong,,Sino-Tibetan,Eurasia,25.9223745,99.0352884,true,
sit-zaiwa,zaiw1241,atb,Zaiwa,,Sino-Tibetan,Eurasia,24.1726,98.3643,true,
sit-zakhring,zakh1243,zkr,Zakhring,,Sino-Tibetan,Eurasia,28.129,97.022,true,
sit-zangskari,zang1248,zau,Zangskari,,Sino-Tibetan,Eurasia,33.2397,77.4013,true,
sit-zauzou,zauz1238,zal,Zauzou,,Sino-Tibetan,Eurasia,26.4572,98.8634,true,
sit-zbu,zbua1234,,Zbu,,Sino-Tibetan,Eurasia,32.1506,101.7048,true,
sit-zeme-naga,zeme1240,nzm,Zeme Naga,,Sino-Tibetan,Eurasia,25.3499,93.6463,true,
sit-zhaba,zhab1238,zhb,Zhaba,,Sino-Tibetan,Eurasia,30.7416,100.983,true,
sit-zhangzhung,zhan1239,xzh,Zhangzhung,,Sino-Tibetan,Eurasia,31.066667,81.3125,true,
sit-zhengzhou-mandarin,zhen1241,,Zhengzhou Mandarin,,Sino-Tibetan,Eurasia,34.807715,113.639374,true,
sit-zhoucheng,zhou1234,,Zhoucheng,,Sino-Tibetan,Eurasia,25.8958633,100.0987848,true,
sit-zlarong,zlar1234,,Zlarong,,Sino-Tibetan,Eurasia,29.783701,98.135713,true,
sit-zokhuo,zokh1238,yzk,Zokhuo,,Sino-Tibetan,Eurasia,23.8,104.8,true,
sit-zotung-chin,zotu1235,czt,Zotung Chin,,Sino-Tibetan,Eurasia,22.5298,93.29,true,
sit-zou,zouu1235,zom,Zou,,Sino-Tibetan,Eurasia,24.0649,93.9253,true,
sit-zyphe,zyph1238,zyp,Zyphe,,Sino-Tibetan,Eurasia,22.524,93.264,true,
siu-siuslaw,sius1254,sis,Siuslaw,,Siuslaw,North America,42.5111,-124.379,true,
sko-bauni,wara1302,bpe,Bauni,,Sko,Papunesia,-3.07263,142.012,true,
sko-i-saka,kris1246,ksi,I'saka,,Sko,Papunesia,-2.80084,141.303,true,
sko-puare,puar1240,pux,Puare,,Sko,Papunesia,-2.90121,141.715,true,
sko-rawo,rawo1244,rwa,Rawo,,Sko,Papunesia,-2.84201,141.603,true,
sko-skou,nucl1634,skv,Skou,,Sko,Papunesia,-2.64378,140.902,true,
sko-vanimo,vani1248,vam,Vanimo,,Sko,Papunesia,-2.68501,141.258,true,
sko-womo-sumararu,womo1238,wmx,Womo-Sumararu,,Sko,Papunesia,-2.92,141.83,true,
sko-wutung,wutu1244,wut,Wutung,,Sko,Papunesia,-2.64636,141.104,true,
soa-aari,aari1239,aiw,Aari,,South Omotic,Africa,5.95034,36.5721,true,
soa-dime,dime1235,dim,Dime,,South Omotic,Africa,6.20951,36.3329,true,
soa-gayil,gayi1237,gyl,Gayil,,South Omotic,Africa,6.15034,36.67211,true,
soa-hamer-banna,hame1242,amf,Hamer-Banna,,South Omotic,Africa,5.06515,36.5176,true,
soa-karo-ethiopia,karo1297,kxh,Karo (Ethiopia),,South Omotic,Africa,5.2101,36.1709,true,
sob-naasioi,naas1242,nas,Naasioi,,South Bougainville,Papunesia,-6.46022,155.632,true,
sob-siwai,siwa1245,siw,Siwai,,South Bougainville,Papunesia,-6.6429,155.452,true,
sob-terei,tere1278,buo,Terei,,South Bougainville,Papunesia,-6.70051,155.745,true,
soc-bruny-island,brun1235,xpz,Bruny Island,,South-Eastern Tasmanian,Australia,-43.373112,147.247925,true,
soc-south-eastern-tasmanian-hinterland,sout1439,xpf,South-Eastern-Tasmanian-Hinterland,,South-Eastern Tasmanian,Australia,-42.988576,146.885376,true,
sod-murriny-patha,murr1258,mwf,Murriny Patha,,Southern Daly,Australia,-14.74852,129.70152,true,
sod-nangikurrunggurr,nang1259,nam,Nangikurrunggurr,,Southern Daly,Australia,-14.268,131.237,true,
soe-south-bird-s-head-family,sout1516,,South Bird's Head Family,,South Bird's Head Family,,,,false,
son-dendi-benin,dend1243,ddn,Dendi (Benin),,Songhay,Africa,11.6682,3.49109,true,
son-humburi-senni-songhay,humb1243,hmb,Humburi Senni Songhay,,Songhay,Africa,15.2948,-1.69301,true,
son-korandje,kora1291,kcy,Korandje,,Songhay,Africa,29.4957,-2.48113,true,
son-koyra-chiini-songhay,koyr1240,khq,Koyra Chiini Songhay,,Songhay,Africa,16.192,-3.73962,true,
son-koyraboro-senni-songhai,koyr1242,ses,Koyraboro Senni Songhai,,Songhay,Africa,16.9634,-0.55187,true,
son-tadaksahak,tada1238,dsq,Tadaksahak,,Songhay,Africa,16.685,2.32653,true,
son-tasawaq,tasa1240,twq,Tasawaq,,Songhay,Africa,16.7814,6.92037,true,
son-zarma-kaado,zarm1239,dje,Zarma-Kaado,,Songhay,Africa,12.8554,2.41173,true,
sou-arandai,domb1240,,Arandai,,South Bird's Head,Papunesia,-2.08016,132.983,true,
sou-barau,bara1347,,Barau,,South Bird's Head,Papunesia,-2.24495,132.988,true,
sou-dombano,aran1237,jbj,Dombano,,South Bird's Head,Papunesia,-2.08016,132.983,true,
sou-duriankere,duri1243,dbn,Duriankere,,South Bird's Head,Papunesia,-1.348,130.958,true,
sou-kaburi,kabu1249,uka,Kaburi,,South Bird's Head,Papunesia,-1.92547,132.528,true,
sou-kais,kais1235,kzm,Kais,,South Bird's Head,Papunesia,-1.78077,132.312,true,
sou-kasuweri,kasu1243,,Kasuweri,,South Bird's Head,Papunesia,-2.12872,132.449,true,
sou-kemberano,kemb1235,bzp,Kemberano,,South Bird's Head,Papunesia,-2.24495,132.988,true,
sou-kokoda,koko1265,xod,Kokoda,,South Bird's Head,Papunesia,-2.12872,132.449,true,
sou-negri-besar,negr1235,,Negri Besar,,South Bird's Head,Papunesia,-2.12872,132.449,true,
sou-puragi,pura1253,pru,Puragi,,South Bird's Head,Papunesia,-2.05779,132.304,true,
sou-suabo,suab1238,szp,Suabo,,South Bird's Head,Papunesia,-2.07971,132.157,true,
sou-tarof,taro1259,,Tarof,,South Bird's Head,Papunesia,-2.12872,132.449,true,
spe-erromintxela,erro1240,emx,Erromintxela,,Speech Register,Eurasia,43.17251,-1.46112,true,
spe-shelta,shel1236,sth,Shelta,,Speech Register,Eurasia,53.7907,-7.73983,true,
spe-tavringer-romani,tavr1235,rmu,Tavringer Romani,,Speech Register,Eurasia,62.2313,14.4036,true,
spe-traveller-norwegian,trav1236,rmg,Traveller Norwegian,,Speech Register,Eurasia,62.6217,9.48913,true,
suk-ari,arii1243,aac,Ari,,Suki-Gogodala,Papunesia,-7.95526,142.4,true,
suk-gogodala,gogo1265,ggw,Gogodala,,Suki-Gogodala,Papunesia,-8.08527,142.874,true,
suk-suki,suki1245,sui,Suki,,Suki-Gogodala,Papunesia,-8.04783,141.842,true,
suk-waruna,waru1267,wrv,Waruna,,Suki-Gogodala,Papunesia,-8.23565,142.47,true,
sul-sulka,sulk1246,sua,Sulka,,Sulka,Papunesia,-5.03471,151.891,true,
sum-sumerian,sume1241,sux,Sumerian,,Sumerian,Eurasia,31.3,45.6667,true,
sur-didinga,didi1258,did,Didinga,,Surmic,Africa,4.21489,33.6869,true,
sur-kacipo-balesi,kaci1244,koe,Kacipo-Balesi,,Surmic,Africa,6.16512,34.9436,true,
sur-kwegu,kweg1241,xwg,Kwegu,,Surmic,Africa,5.40416,36.1702,true,
sur-majang,maja1242,mpe,Majang,,Surmic,Africa,7.71,34.97,true,
sur-me-en,meen1242,mym,Me'en,,Surmic,Africa,6.63207,35.6255,true,
sur-murle,murl1244,mur,Murle,,Surmic,Africa,6.69756,33.988,true,
sur-mursi,murs1242,muz,Mursi,,Surmic,Africa,5.69801,36.0971,true,
sur-narim,nari1240,loh,Narim,,Surmic,Africa,4.80331,33.3312,true,
sur-tennet,tenn1246,tex,Tennet,,Surmic,Africa,4.91107,32.6307,true,
sur-tirma-chai,suri1267,suq,Tirma-Chai,,Surmic,Africa,6.03205,35.0823,true,
taa-ganggalida,gang1267,gcd,Ganggalida,,Tangkic,Australia,-17.5446,139.426,true,
taa-kayardild,kaya1319,gyd,Kayardild,,Tangkic,Australia,-17.0695,139.489,true,
taa-lardil,lard1243,lbz,Lardil,,Tangkic,Australia,-16.56152,139.4343,true,
tab-tabo,tabo1241,knv,Tabo,,Tabo,Papunesia,-8.09387,143.305,true,
tac-taiap,taia1239,gpn,Taiap,,Taiap,Papunesia,-4.05047,144.506,true,
tad-tambora,tamb1257,xxt,Tambora,,Tambora,Papunesia,-8.25,118.0,true,
tae-tanahmerah,tana1288,tcm,Tanahmerah,,Tanahmerah,Papunesia,-2.5523,133.18,true,
taf-taruma,taru1236,tdm,Taruma,,Taruma,South America,1.666,-58.653,true,
tag-taulil,taul1251,tuh,Taulil,,Taulil-Butam,Papunesia,-4.44425,152.095,true,
tah-taushiro,taus1253,trr,Taushiro,,Taushiro,South America,-3.22497,-75.5603,true,
tai-a-ou,aoua1234,aou,A'ou,,Tai-Kadai,Eurasia,26.8,105.85,true,
tai-ahom,ahom1240,aho,Ahom,,Tai-Kadai,Eurasia,27.04023,94.32671,true,
tai-ai-cham,aich1238,aih,Ai-Cham,,Tai-Kadai,Eurasia,25.4908,107.844,true,
tai-aiton,aito1238,aio,Aiton,,Tai-Kadai,Eurasia,26.5145,92.3169,true,
tai-anyang,anya1244,,Anyang,,Tai-Kadai,Eurasia,24.0488,106.563,true,
tai-baha-buyang,baha1256,yha,Baha Buyang,,Tai-Kadai,Eurasia,23.0105,104.449,true,
tai-bouyei,bouy1240,pcc,Bouyei,,Tai-Kadai,Eurasia,24.8484,106.187,true,
tai-cao-miao,caom1238,cov,Cao Miao,,Tai-Kadai,Eurasia,26.2236,109.547,true,
tai-central-gelao-qau,qaua1234,gqu,Central Gelao-Qau,,Tai-Kadai,Eurasia,26.155438,106.16455,true,
tai-central-hongshuihe-zhuang,cent2009,zch,Central Hongshuihe Zhuang,,Tai-Kadai,Eurasia,23.95,108.0,true,
tai-chadong,chad1240,cdy,Chadong,,Tai-Kadai,Eurasia,25.23532,109.96041,true,
tai-cun-nadou,cunn1236,cuq,Cun-Nadou,,Tai-Kadai,Eurasia,19.2182,108.743,true,
tai-duoluo-gelao,whit1267,giw,Duoluo Gelao,,Tai-Kadai,Eurasia,23.0196,105.07,true,
tai-e,eeee1240,eee,E,,Tai-Kadai,Eurasia,24.7262,109.063,true,
tai-e-ma-buyang,emab1235,yzg,E'ma Buyang,,Tai-Kadai,Eurasia,23.604572,106.030277,true,
tai-eastern-hongshuihe-zhuang,east2363,zeh,Eastern Hongshuihe Zhuang,,Tai-Kadai,Eurasia,23.7,109.0,true,
tai-en,ennn1243,enc,En,,Tai-Kadai,Eurasia,22.8386,106.167,true,
tai-gelao-mulao,gela1264,giu,Gelao Mulao,,Tai-Kadai,Eurasia,26.574605,107.239537,true,
tai-guibian-zhuang,guib1244,zgn,Guibian Zhuang,,Tai-Kadai,Eurasia,24.3,106.2,true,
tai-hagei-gelao,gree1278,giq,Hagei Gelao,,Tai-Kadai,Eurasia,22.5632,104.698,true,
tai-hlai,hlai1239,lic,Hlai,,Tai-Kadai,Eurasia,18.8062,109.459,true,
tai-hlaic,hlai1238,,Hlaic,,Tai-Kadai,,,,false,
tai-jiamao,jiam1236,jio,Jiamao,,Tai-Kadai,Eurasia,18.5548,109.854,true,
tai-jizhao,jizh1234,,Jizhao,,Tai-Kadai,Eurasia,21.388,110.868,true,
tai-kadaic,kada1291,,Kadaic,,Tai-Kadai,,,,false,
tai-kam-sui,kams1241,,Kam-Sui,,Tai-Kadai,,,,false,
tai-kam-tai,kamt1241,,Kam-Tai,,Tai-Kadai,,,,false,
tai-khamti,kham1290,kht,Khamti,,Tai-Kadai,Eurasia,27.6653,97.0359,true,
tai-khun,khun1259,kkh,Khün,,Tai-Kadai,Eurasia,19.6062,99.3363,true,
tai-lachi,lach1248,lbt,Lachi,,Tai-Kadai,Eurasia,22.8549,104.776,true,
tai-laha-viet-nam,laha1250,lha,Laha (Viet Nam),,Tai-Kadai,Eurasia,21.55149,103.86379,true,
tai-lakkia,lakk1238,lbc,Lakkia,,Tai-Kadai,Eurasia,24.1169,110.106,true,
tai-langnian-buyang,lang1316,yln,Langnian Buyang,,Tai-Kadai,Eurasia,23.550258,106.016896,true,
tai-lao,laoo1244,lao,Lao,,Tai-Kadai,Eurasia,19.0,102.46,true,
tai-lianmin-yao,lian1256,,Lianmin Yao,,Tai-Kadai,Eurasia,26.937902,110.157802,true,
tai-liuqian-zhuang,liuq1235,zlq,Liuqian Zhuang,,Tai-Kadai,Eurasia,24.1,109.75,true,
tai-lu,luuu1242,khb,Lü,,Tai-Kadai,Eurasia,21.0321,101.282,true,
tai-mak-china,makc1235,mkg,Mak (China),,Tai-Kadai,Eurasia,25.5946,107.726,true,
tai-maonan,maon1241,mmd,Maonan,,Tai-Kadai,Eurasia,25.0169,108.024,true,
tai-mulam,mula1253,mlm,Mulam,,Tai-Kadai,Eurasia,24.8151,108.928,true,
tai-nong-zhuang,nong1247,zhn,Nong Zhuang,,Tai-Kadai,Eurasia,23.6,104.75,true,
tai-northeastern-thai,nort2741,tts,Northeastern Thai,,Tai-Kadai,Eurasia,16.03,103.67,true,
tai-northern-dong,nort2735,doc,Northern Dong,,Tai-Kadai,Eurasia,26.9944,109.204,true,
tai-northern-shanic,nort2739,,Northern Shanic,,Tai-Kadai,,,,false,
tai-northern-thai,nort2740,nod,Northern Thai,,Tai-Kadai,Eurasia,18.857495,100.20739,true,
tai-nung-viet-nam,nung1283,nut,Nung (Viet Nam),,Tai-Kadai,Eurasia,20.8965,104.286,true,
tai-pandong,pand1262,,Pandong,,Tai-Kadai,Eurasia,24.0488,106.563,true,
tai-phake,phak1238,phk,Phake,,Tai-Kadai,Eurasia,27.8197,95.8131,true,
tai-pubiao-qabiao,qabi1235,laq,Pubiao-Qabiao,,Tai-Kadai,Eurasia,23.2384,104.812,true,
tai-red-gelao,redg1235,gir,Red Gelao,,Tai-Kadai,Eurasia,23.1868,104.993,true,
tai-saek,saek1240,skb,Saek,,Tai-Kadai,Eurasia,17.4558,104.787,true,
tai-sandong,sand1270,,Sandong,,Tai-Kadai,Eurasia,24.0488,106.563,true,
tai-shan,shan1277,shn,Shan,,Tai-Kadai,Eurasia,21.5995,98.0342,true,
tai-shidong-biao,biao1253,byk,Shidong Biao,,Tai-Kadai,Eurasia,23.656,113.391,true,
tai-southern-dong,sout2741,kmc,Southern Dong,,Tai-Kadai,Eurasia,25.8874,109.222,true,
tai-southern-thai,sout2746,sou,Southern Thai,,Tai-Kadai,Eurasia,6.85668,99.7031,true,
tai-sui,suii1243,swi,Sui,,Tai-Kadai,Eurasia,24.0488,106.563,true,
tai-t-en,tenn1245,tct,T'en,,Tai-Kadai,Eurasia,25.6717,107.309,true,
tai-tai-daeng-meuay,taid1249,tyr,Tai Daeng-Meuay,,Tai-Kadai,Eurasia,20.4559,104.625,true,
tai-tai-dam,taid1247,blt,Tai Dam,,Tai-Kadai,Eurasia,18.9572,102.928,true,
tai-tai-do-mene-yo,taid1248,tyj,Tai Do-Mene-Yo,,Tai-Kadai,Eurasia,19.1801,104.938,true,
tai-tai-don,taid1250,twh,Tai Dón,,Tai-Kadai,Eurasia,21.84898,103.570496667,true,
tai-tai-hongjin,taih1246,tiz,Tai Hongjin,,Tai-Kadai,Eurasia,23.3088,102.586,true,
tai-tai-laing,tail1248,tjl,Tai Laing,,Tai-Kadai,Eurasia,24.9041,95.0772,true,
tai-tai-mene,taim1250,tmp,Tai Mène,,Tai-Kadai,Eurasia,18.34,104.729,true,
tai-tai-nua,tain1252,tdd,Tai Nüa,,Tai-Kadai,Eurasia,21.7837,99.722,true,
tai-tai-ya,taiy1242,cuu,Tai Ya,,Tai-Kadai,Eurasia,23.569,101.899,true,
tai-tay,tayy1238,tyz,Tày,,Tai-Kadai,Eurasia,21.6448,106.167,true,
tai-thai,thai1261,tha,Thai,,Tai-Kadai,Eurasia,14.192,100.671,true,
tai-wenma-southwestern-tai,wenm1239,,Wenma-Southwestern Tai,,Tai-Kadai,,,,false,
tai-western-ong-be,ling1262,onb,Western Ong-Be,,Tai-Kadai,Eurasia,19.885536,109.691664,true,
tai-white-lachi,whit1266,lwh,White Lachi,,Tai-Kadai,Eurasia,22.726,104.66,true,
tai-yerong-southern-buyang,yero1238,yrn,Yerong-Southern Buyang,,Tai-Kadai,Eurasia,23.342,105.754,true,
tai-yong,yong1277,yno,Yong,,Tai-Kadai,Eurasia,18.38726,98.97646,true,
tai-yongbei-zhuang,yong1276,zyb,Yongbei Zhuang,,Tai-Kadai,Eurasia,23.1,108.15,true,
tai-yongnan-zhuang,yong1275,zyn,Yongnan Zhuang,,Tai-Kadai,Eurasia,22.8,108.0,true,
tai-yoy,yoyy1238,yoy,Yoy,,Tai-Kadai,Eurasia,17.6215,104.785,true,
tai-zuojiang-zhuang,zuoj1238,zzj,Zuojiang Zhuang,,Tai-Kadai,Eurasia,22.4,106.9,true,
tak-takelma,take1257,tkm,Takelma,,Takelma,North America,42.423,-123.452,true,
tam-assangori,assa1269,sjg,Assangori,,Tamaic,Africa,13.9592,22.6393,true,
tam-tama-chad,tama1331,tma,Tama (Chad),,Tamaic,Africa,14.332,21.9951,true,
tan-anfillo,anfi1235,myo,Anfillo,,Ta-Ne-Omotic,Africa,8.568,34.647,true,
tan-basketo,bask1236,bst,Basketo,,Ta-Ne-Omotic,Africa,6.45774,36.5763,true,
tan-bench,benc1235,bcq,Bench,,Ta-Ne-Omotic,Africa,7.04682,35.7673,true,
tan-boro-ethiopia,boro1277,bwo,Boro (Ethiopia),,Ta-Ne-Omotic,Africa,10.6596,35.345,true,
tan-chara,char1269,cra,Chara,,Ta-Ne-Omotic,Africa,6.63946,36.4192,true,
tan-dawro,dawr1236,dwr,Dawro,,Ta-Ne-Omotic,Africa,6.95,37.0,true,
tan-dorze,dorz1235,doz,Dorze,,Ta-Ne-Omotic,Africa,6.25237,37.5554,true,
tan-gamo,gamo1243,gmv,Gamo,,Ta-Ne-Omotic,Africa,6.27645,37.23808,true,
tan-gofa,gofa1235,gof,Gofa,,Ta-Ne-Omotic,Africa,6.57645,37.05,true,
tan-kachama-ganjule-haro,kach1284,kcx,Kachama-Ganjule-Haro,,Ta-Ne-Omotic,Africa,6.3971,37.9291,true,
tan-kafa,kafa1242,kbr,Kafa,,Ta-Ne-Omotic,Africa,7.34022,36.1718,true,
tan-koorete,koor1239,kqy,Koorete,,Ta-Ne-Omotic,Africa,5.80545,37.8679,true,
tan-male-ethiopia,male1284,mdy,Male (Ethiopia),,Ta-Ne-Omotic,Africa,5.91975,36.9892,true,
tan-melo,melo1242,mfx,Melo,,Ta-Ne-Omotic,Africa,6.53916,36.811,true,
tan-oyda,oyda1235,oyd,Oyda,,Ta-Ne-Omotic,Africa,6.13322,36.8541,true,
tan-shekkacho,shek1244,moy,Shekkacho,,Ta-Ne-Omotic,Africa,7.27424,35.3922,true,
tan-wolaytta,wola1242,wal,Wolaytta,,Ta-Ne-Omotic,Africa,6.32668,37.7537,true,
tan-yemsa,yems1235,jnj,Yemsa,,Ta-Ne-Omotic,Africa,7.79821,37.4412,true,
tan-zayse-zergulla,zays1235,zay,Zayse-Zergulla,,Ta-Ne-Omotic,Africa,5.83747,37.3409,true,
tar-purepecha,pure1242,tsz,Purepecha,,Tarascan,North America,19.2467,-101.631,true,
tar-western-highland-purepecha,west2631,pua,Western Highland Purepecha,,Tarascan,North America,19.5392,-102.154,true,
tau-tauade,taua1242,ttd,Tauade,,Tauade,Papunesia,-8.3486,147.094,true,
teb-boro-papua-new-guinea,boro1278,,Boro (Papua New Guinea),,Teberan,Papunesia,-6.86321,144.458,true,
teb-dadibi,dadi1250,mps,Dadibi,,Teberan,Papunesia,-6.65765,144.511,true,
teb-folopa,folo1238,ppo,Folopa,,Teberan,Papunesia,-6.86321,144.458,true,
teb-sopese,sope1239,,Sopese,,Teberan,Papunesia,-6.86321,144.458,true,
teb-suri-papua-new-guinea,suri1271,,Suri (Papua New Guinea),,Teberan,Papunesia,-6.86321,144.458,true,
teb-tebera,tebe1252,,Tebera,,Teberan,Papunesia,-6.86321,144.458,true,
teg-lafofa,lafo1243,laf,Lafofa,,Tegem,Africa,10.3357,30.7331,true,
tem-temein,nucl1339,teq,Temein,,Temeinic,Africa,11.8275,29.3898,true,
tem-tese,tese1238,keg,Tese,,Temeinic,Africa,11.3885,29.5803,true,
teq-highland-oaxaca-chontal,high1242,chd,Highland Oaxaca Chontal,,Tequistlatecan,North America,16.1849,-95.7301,true,
teq-lowland-oaxaca-chontal,lowl1260,clo,Lowland Oaxaca Chontal,,Tequistlatecan,North America,15.9497,-95.6876,true,
tia-timucua,timu1245,tjm,Timucua,,Timucua,North America,30.3027,-82.3132,true,
tic-juri,juri1235,,Juri,,Ticuna-Yuri,South America,-1.358881,-69.984741,true,
tic-ticuna,ticu1245,tca,Ticuna,,Ticuna-Yuri,South America,-3.66289,-69.8723,true,
tim-abui,abui1241,abz,Abui,,Timor-Alor-Pantar,Papunesia,-8.31058,124.588,true,
tim-adang,adan1251,adn,Adang,,Timor-Alor-Pantar,Papunesia,-8.18958,124.448,true,
tim-alor-pantar,alor1249,,Alor-Pantar,,Timor-Alor-Pantar,,,,false,
tim-atimelang,atim1239,,Atimelang,,Timor-Alor-Pantar,Papunesia,-8.31058,124.588,true,
tim-biangwala,bian1250,,Biangwala,,Timor-Alor-Pantar,Papunesia,-8.52787,124.057,true,
tim-blagar,blag1240,beu,Blagar,,Timor-Alor-Pantar,Papunesia,-8.31787,124.251,true,
tim-bunak,buna1278,bfn,Bunak,,Timor-Alor-Pantar,Papunesia,-9.13618,125.216,true,
tim-deing,dein1238,,Deing,,Timor-Alor-Pantar,Papunesia,-8.37662,124.174,true,
tim-east-northeast-pura,lima1248,,East-Northeast Pura,,Timor-Alor-Pantar,Papunesia,-8.31787,124.251,true,
tim-fataluku,fata1247,ddg,Fataluku,,Timor-Alor-Pantar,Papunesia,-8.49464,127.08,true,
tim-halerman,hale1239,,Halerman,,Timor-Alor-Pantar,Papunesia,-8.40688,124.429,true,
tim-hamap,hama1240,hmu,Hamap,,Timor-Alor-Pantar,Papunesia,-8.26749,124.522,true,
tim-kabola,kabo1247,klz,Kabola,,Timor-Alor-Pantar,Papunesia,-8.17316,124.539,true,
tim-kaera,kaer1234,jka,Kaera,,Timor-Alor-Pantar,Papunesia,-8.3287,124.0177,true,
tim-kafoa,kafo1240,kpu,Kafoa,,Timor-Alor-Pantar,Papunesia,-8.36572,124.446,true,
tim-kalondama,kalo1261,,Kalondama,,Timor-Alor-Pantar,Papunesia,-8.52787,124.057,true,
tim-kamang,kama1365,woi,Kamang,,Timor-Alor-Pantar,Papunesia,-8.26897,124.792,true,
tim-kiramang,kira1248,,Kiramang,,Timor-Alor-Pantar,Papunesia,-8.38204,124.791,true,
tim-klon,kelo1247,kyo,Klon,,Timor-Alor-Pantar,Papunesia,-8.40688,124.429,true,
tim-kui,kuii1254,,Kui,,Timor-Alor-Pantar,Papunesia,-8.38204,124.791,true,
tim-kui-indonesia,kuii1253,kvd,Kui (Indonesia),,Timor-Alor-Pantar,Papunesia,-8.38204,124.791,true,
tim-kula-indonesia,kula1280,tpg,Kula (Indonesia),,Timor-Alor-Pantar,Papunesia,-8.2384,125.004,true,
tim-lebang,leba1239,,Lebang,,Timor-Alor-Pantar,Papunesia,-8.37662,124.174,true,
tim-madar,mada1286,,Madar,,Timor-Alor-Pantar,Papunesia,-8.37662,124.174,true,
tim-makasae-makalero,maka1316,mkz,Makasae-Makalero,,Timor-Alor-Pantar,Papunesia,-8.65843,126.507,true,
tim-maklere,makl1245,mjb,Maklere,,Timor-Alor-Pantar,Papunesia,-8.65843,126.507,true,
tim-melangvala-bakalang,baka1276,,Melangvala-Bakalang,,Timor-Alor-Pantar,Papunesia,-8.31787,124.251,true,
tim-nedebang,nede1245,nec,Nedebang,,Timor-Alor-Pantar,Papunesia,-8.28776,124.192,true,
tim-oirata,oira1263,oia,Oirata,,Timor-Alor-Pantar,Papunesia,-8.09044,127.201,true,
tim-pintumbang,pint1252,,Pintumbang,,Timor-Alor-Pantar,Papunesia,-8.17316,124.539,true,
tim-probur,prob1239,,Probur,,Timor-Alor-Pantar,Papunesia,-8.40688,124.429,true,
tim-reta,rett1240,ret,Reta,,Timor-Alor-Pantar,Papunesia,-8.22481,124.36,true,
tim-sawila,sawi1256,swt,Sawila,,Timor-Alor-Pantar,Papunesia,-8.29105,125.078,true,
tim-southern-pura,apur1252,,Southern Pura,,Timor-Alor-Pantar,Papunesia,-8.31787,124.251,true,
tim-teiwa,teiw1235,twe,Teiwa,,Timor-Alor-Pantar,Papunesia,-8.37662,124.174,true,
tim-tubal,tuba1277,,Tubal,,Timor-Alor-Pantar,Papunesia,-8.52787,124.057,true,
tim-wersing,wers1238,kvw,Wersing,,Timor-Alor-Pantar,Papunesia,-8.33936,124.932,true,
tim-western-pantar,lamm1241,lev,Western Pantar,,Timor-Alor-Pantar,Papunesia,-8.52787,124.057,true,
tin-tinigua,tini1245,tit,Tinigua,,Tinigua,South America,2.716,-73.768,true,
tiw-tiwi,tiwi1244,tiw,Tiwi,,Tiwi,Australia,-11.6308,130.949,true,
ton-tonkawa,tonk1249,tqw,Tonkawa,,Tonkawa,North America,30.25,-96.75,true,
tor-berik,beri1254,bkl,Berik,,Tor-Orya,Papunesia,-2.26904,138.866,true,
tor-betaf,beta1253,bfe,Betaf,,Tor-Orya,Papunesia,-2.12422,139.255,true,
tor-bonerif,bone1255,bnv,Bonerif,,Tor-Orya,Papunesia,-2.09529,139.208,true,
tor-dabe,dabe1239,dbe,Dabe,,Tor-Orya,Papunesia,-2.05082,139.116,true,
tor-itik,itik1240,itx,Itik,,Tor-Orya,Papunesia,-2.18342,139.341,true,
tor-jofotek-bromnya,jofo1235,jbr,Jofotek-Bromnya,,Tor-Orya,Papunesia,-2.2478,139.2969,true,
tor-keder,kede1239,kdy,Keder,,Tor-Orya,Papunesia,-2.03589,139.081,true,
tor-kwesten,kwes1245,kwt,Kwesten,,Tor-Orya,Papunesia,-2.03622,138.853,true,
tor-kwinsu,kwin1242,kuc,Kwinsu,,Tor-Orya,Papunesia,-2.3038,139.5137,true,
tor-mander,mand1443,mqr,Mander,,Tor-Orya,Papunesia,-2.29479,138.751,true,
tor-maremgi,mare1261,mrx,Maremgi,,Tor-Orya,Papunesia,-2.31915,139.673,true,
tor-orya,orya1242,ury,Orya,,Tor-Orya,Papunesia,-2.76483,139.89,true,
tor-vitou,vito1235,vto,Vitou,,Tor-Orya,Papunesia,-2.1111,139.1098,true,
tot-filomeno-mata-totonac,filo1235,tlp,Filomeno Mata Totonac,,Totonacan,North America,20.1415,-97.5931,true,
tot-highland-totonac,high1243,tos,Highland Totonac,,Totonacan,North America,20.3798,-97.6159,true,
tot-huehuetla-tepehua,hueh1236,tee,Huehuetla Tepehua,,Totonacan,North America,20.6189,-97.9347,true,
tot-papantla-totonac,papa1238,top,Papantla Totonac,,Totonacan,North America,20.5671,-97.2554,true,
tot-pisaflores-tepehua,pisa1237,tpp,Pisaflores Tepehua,,Totonacan,North America,20.7039,-98.0305,true,
tot-tlachichilco-tepehua,tlac1235,tpt,Tlachichilco Tepehua,,Totonacan,North America,20.704,-98.1947,true,
tot-upper-necaxa-totonac,uppe1275,tku,Upper Necaxa Totonac,,Totonacan,North America,20.236,-97.81,true,
tot-xicotepec-de-juarez-totonac,xico1235,too,Xicotepec De Juárez Totonac,,Totonacan,North America,20.6532,-97.7463,true,
tot-yecuatla-totonac,yecu1235,tlc,Yecuatla Totonac,,Totonacan,North America,20.1765,-96.8741,true,
tou-touo,touo1238,tqu,Touo,,Touo,Papunesia,-8.58405,157.296,true,
trk-ainu-china,ainu1251,aib,Ainu (China),,Turkic,Eurasia,39.2714,76.4209,true,
trk-anatolian-turkish,anat1259,,Anatolian Turkish,,Turkic,Eurasia,39.87,32.87,true,
trk-baraba-tatar,bara1273,,Baraba Tatar,,Turkic,Eurasia,57.4921,72.5642,true,
trk-barabatatar,bara1408,,BarabaTatar,,Turkic,,,,false,
trk-bashkir,bash1264,bak,Bashkir,,Turkic,Eurasia,53.59671,56.55937,true,
trk-bolgarian,bolg1250,xbo,Bolgarian,,Turkic,Eurasia,48.671481,42.729234,true,
trk-central-tatar,midd1325,,Central Tatar,,Turkic,Eurasia,55.79592,49.11577,true,
trk-chagatai,chag1247,chg,Chagatai,,Turkic,Eurasia,38.21146,57.88758,true,
trk-chuvash,chuv1255,chv,Chuvash,,Turkic,Eurasia,55.48701,47.16298,true,
trk-crimean-tatar,crim1257,crh,Crimean Tatar,,Turkic,Eurasia,45.0,34.08,true,
trk-crimean-tatar-urum,crim1256,,Crimean Tatar-Urum,,Turkic,,,,false,
trk-cuman,cuma1241,qwm,Cuman,,Turkic,Eurasia,45.0,34.08,true,
trk-dolgan,dolg1241,dlg,Dolgan,,Turkic,Eurasia,71.10828,94.29358,true,
trk-gagauz,gaga1249,gag,Gagauz,,Turkic,Eurasia,44.59876,28.02769,true,
trk-ili-turki,ilit1241,ili,Ili Turki,,Turkic,Eurasia,44.0089,80.4957,true,
trk-kara-kalpak,kara1467,kaa,Kara-Kalpak,,Turkic,Eurasia,39.98005,63.32233,true,
trk-karachay-balkar,kara1465,krc,Karachay-Balkar,,Turkic,Eurasia,43.565,42.2606,true,
trk-karaim,kara1464,kdr,Karaim,,Turkic,Eurasia,54.5534,25.1054,true,
trk-kazakh,kaza1248,kaz,Kazakh,,Turkic,Eurasia,51.17,71.454,true,
trk-kazan-tatar,kaza1250,,Kazan Tatar,,Turkic,Eurasia,55.79592,49.11577,true,
trk-khakas,khak1248,kjh,Khakas,,Turkic,Eurasia,52.66002,89.67409,true,
trk-khalaj-turkic,turk1303,klj,Khalaj Turkic,,Turkic,Eurasia,34.42237,50.32223,true,
trk-khorasan-turkic,khor1269,kmz,Khorasan Turkic,,Turkic,Eurasia,36.4438,60.0277,true,
trk-kipchak-urum,urum1249,uum,Kipchak Urum,,Turkic,Eurasia,42.0379,43.994,true,
trk-kirghiz,kirg1245,kir,Kirghiz,,Turkic,Eurasia,42.0,74.0,true,
trk-krymchak,krym1236,jct,Krymchak,,Turkic,Eurasia,45.05543,34.55619,true,
trk-kumyk,kumy1244,kum,Kumyk,,Turkic,Eurasia,43.0,47.0,true,
trk-lower-chulym-turkic,chul1246,clw,Lower Chulym Turkic,,Turkic,Eurasia,56.87439,86.5892,true,
trk-middlechulym,midd1324,,MiddleChulym,,Turkic,,,,false,
trk-mrassu-shor-tutal,shor1247,cjs,Mrassu Shor-Tutal,,Turkic,Eurasia,53.70953,87.84468,true,
trk-nogai,noga1249,nog,Nogai,,Turkic,Eurasia,44.89776,43.1656,true,
trk-north-azerbaijani,nort2697,azj,North Azerbaijani,,Turkic,Eurasia,40.97768,46.4737,true,
trk-northern-altai,nort2686,atv,Northern Altai,,Turkic,Eurasia,50.8998,88.0672,true,
trk-northern-uzbek,nort2690,uzn,Northern Uzbek,,Turkic,Eurasia,40.886,69.211,true,
trk-old-turkic,oldu1238,oui,Old Turkic,,Turkic,Eurasia,42.852778,89.529167,true,
trk-ottoman-turkish,otto1234,ota,Ottoman Turkish,,Turkic,Eurasia,39.8667,32.8667,true,
trk-qashqa-i,qash1240,qxq,Qashqa'i,,Turkic,Eurasia,28.25931,52.83349,true,
trk-sakha,yaku1245,sah,Sakha,,Turkic,Eurasia,61.69744,133.98031,true,
trk-salar,sala1264,slr,Salar,,Turkic,Eurasia,35.5457,102.819,true,
trk-siberian-tatar,sibe1250,sty,Siberian Tatar,,Turkic,Eurasia,57.4921,72.5642,true,
trk-southern-altai,sout2694,alt,Southern Altai,,Turkic,Eurasia,50.1347,86.8705,true,
trk-southern-uzbek,sout2699,uzs,Southern Uzbek,,Turkic,Eurasia,36.6099,60.6907,true,
trk-taiga-sayan-turkic,kara1462,kim,Taiga Sayan Turkic,,Turkic,Eurasia,53.7145,98.3792,true,
trk-tatar,tata1255,tat,Tatar,,Turkic,Eurasia,55.79592,49.11577,true,
trk-tofa,tofa1248,,Tofa,,Turkic,Eurasia,53.7145,98.3792,true,
trk-turkish,nucl1301,tur,Turkish,,Turkic,Eurasia,39.8667,32.8667,true,
trk-turkmen,turk1304,tuk,Turkmen,,Turkic,Eurasia,37.08719,59.17574,true,
trk-tuvinian,tuvi1240,tyv,Tuvinian,,Turkic,Eurasia,51.7,94.36667,true,
trk-uighur,uigh1240,uig,Uighur,,Turkic,Eurasia,43.88,87.38,true,
trk-uzbek,uzbe1247,,Uzbek,,Turkic,Eurasia,,,false,
trk-west-yugur,west2402,ybe,West Yugur,,Turkic,Eurasia,39.0548,99.3112,true,
tru-trumai,trum1247,tpy,Trumai,,Trumai,South America,-11.8119,-53.5717,true,
tsi-gitxsan,gitx1241,git,Gitxsan,,Tsimshian,North America,55.09,-128.08,true,
tsi-nisga-a,nisg1240,ncg,Nisga'a,,Tsimshian,North America,55.199,-129.192,true,
tsi-southern-coastal-tsimshian,nucl1649,tsi,Southern-Coastal Tsimshian,,Tsimshian,North America,52.59103,-128.544545,true,
tsi-tsimshian,tsim1258,,Tsimshian,,Tsimshian,North America,,,false,
tua-tunica,tuni1252,tun,Tunica,,Tunica,North America,30.9888,-92.5403,true,
tuc-barasana-eduria,bara1380,bsn,Barasana-Eduria,,Tucanoan,South America,0.02193,-70.808,true,
tuc-carapana,cara1272,cbc,Carapana,,Tucanoan,South America,0.06168,-69.6465,true,
tuc-cubeo,cube1242,cub,Cubeo,,Tucanoan,South America,1.32382,-70.1939,true,
tuc-desano,desa1247,des,Desano,,Tucanoan,South America,0.58157,-69.4955,true,
tuc-koreguaje,kore1283,coe,Koreguaje,,Tucanoan,South America,0.92316,-75.3475,true,
tuc-kotiria,guan1269,gvc,Kotiria,,Tucanoan,South America,1.07554,-69.5705,true,
tuc-kueretu,cure1236,,Kueretu,,Tucanoan,South America,-1.045978,-70.305862,true,
tuc-macuna,macu1260,myy,Macuna,,Tucanoan,South America,-0.14459,-70.0749,true,
tuc-maijiki,orej1242,ore,Maijiki,,Tucanoan,South America,-2.86315,-72.4926,true,
tuc-secoya,seco1241,sey,Secoya,,Tucanoan,South America,-0.459785,-75.5547,true,
tuc-siona-tetete,sion1247,snn,Siona-Tetete,,Tucanoan,South America,0.31733,-76.0237,true,
tuc-siriano,siri1274,sri,Siriano,,Tucanoan,South America,0.436515,-70.184,true,
tuc-tanimuca-retuara,tani1257,tnc,Tanimuca-Retuarã,,Tucanoan,South America,-0.59023,-70.3853,true,
tuc-tatuyo,tatu1247,tav,Tatuyo,,Tucanoan,South America,0.55582,-70.5327,true,
tuc-tiquie-pokanga,poka1242,pok,Tiquié Pokangá,,Tucanoan,South America,0.35794,-69.5607,true,
tuc-tucano,tuca1252,tuo,Tucano,,Tucanoan,South America,0.579755,-69.5763,true,
tuc-tucanoan,tuca1253,,Tucanoan,,Tucanoan,,,,false,
tuc-tuyuca,tuyu1244,tue,Tuyuca,,Tucanoan,South America,0.39441,-70.043515,true,
tuc-wa-ikhana,pira1254,pir,Wa'ikhana,,Tucanoan,South America,0.50714,-69.5032,true,
tuc-waimaha,waim1255,bao,Waimaha,,Tucanoan,South America,0.30416,-70.1644,true,
tuc-yahuna,yahu1241,ynu,Yahuna,,Tucanoan,South America,-0.505365,-70.478211,true,
tuc-yupua,jupu1235,,Yupua,,Tucanoan,South America,-0.5,-70.0,true,
tuc-yuruti,yuru1263,yui,Yurutí,,Tucanoan,South America,0.735585,-69.6955,true,
tun-borzya-khamnigan-evenki,chen1257,,Borzya Khamnigan Evenki,,Tungusic,Eurasia,61.972,94.689,true,
tun-even,even1260,eve,Even,,Tungusic,Eurasia,70.6687,130.914,true,
tun-evenki,even1259,evn,Evenki,,Tungusic,Eurasia,61.972,94.689,true,
tun-hissing-evenki,hiss1234,,Hissing Evenki,,Tungusic,Eurasia,61.972,94.689,true,
tun-ilimpeya,ilim1234,,Ilimpeya,,Tungusic,Eurasia,61.972,94.689,true,
tun-jurchen,jurc1239,juc,Jurchen,,Tungusic,Eurasia,44.412626,126.866803,true,
tun-kilen,kile1243,,Kilen,,Tungusic,Eurasia,47.585,132.48,true,
tun-kur-urmi,kuro1242,,Kur-Urmi,,Tungusic,Eurasia,48.806,134.121,true,
tun-manchu,manc1252,mnc,Manchu,,Tungusic,Eurasia,47.31225,126.55713,true,
tun-nanai,nana1257,gld,Nanai,,Tungusic,Eurasia,48.43426,134.79726,true,
tun-negidal,negi1245,neg,Negidal,,Tungusic,Eurasia,52.96584,139.20575,true,
tun-northern-evenki,nort3334,,Northern Evenki,,Tungusic,Eurasia,61.972,94.689,true,
tun-oroch,oroc1248,oac,Oroch,,Tungusic,Eurasia,50.32354,137.85131,true,
tun-orok,orok1265,oaa,Orok,,Tungusic,Eurasia,49.36393,143.12819,true,
tun-oroqen,oroq1238,orh,Oroqen,,Tungusic,Eurasia,50.6319,125.017,true,
tun-solon,solo1263,,Solon,,Tungusic,Eurasia,48.166,119.4873,true,
tun-sungari,sung1269,,Sungari,,Tungusic,Eurasia,47.585,132.48,true,
tun-udihe,udih1248,ude,Udihe,,Tungusic,Eurasia,46.63086,135.67762,true,
tun-ulch,ulch1241,ulc,Ulch,,Tungusic,Eurasia,51.85209,140.29045,true,
tun-ulchaic,ulch1242,,Ulchaic,,Tungusic,,,,false,
tun-urulyungui-khamnigan-evenki,hail1248,,Urulyungui Khamnigan Evenki,,Tungusic,Eurasia,61.972,94.689,true,
tun-xibe,xibe1242,sjo,Xibe,,Tungusic,Eurasia,43.5854,81.0034,true,
tup-ache,ache1246,guq,Aché,,Tupian,South America,-25.5865,-56.4697,true,
tup-akuntsu,akun1241,aqz,Akuntsu,,Tupian,South America,-12.8322,-60.9716,true,
tup-amanaye,aman1266,ama,Amanayé,,Tupian,South America,-3.79772,-48.6613,true,
tup-amundava,amun1246,adw,Amundava,,Tupian,South America,-9.04023,-62.3064,true,
tup-anambe,anam1249,aan,Anambé,,Tupian,South America,-2.71119,-49.303,true,
tup-anambe-of-ehrenreich,anam1251,,Anambe of Ehrenreich,,Tupian,South America,-3.93574,-46.3683,true,
tup-apiaka,apia1248,api,Apiaká,,Tupian,South America,-7.84711,-57.91,true,
tup-arawete,araw1273,awt,Araweté,,Tupian,South America,-4.90246,-52.5001,true,
tup-arikem,arik1264,ait,Arikem,,Tupian,South America,-8.924,-63.742,true,
tup-arua-rondonia-state,arua1261,arx,Aruá (Rondonia State),,Tupian,South America,-12.1186,-62.4357,true,
tup-aruashi,arua1262,,Aruáshi,,Tupian,South America,-12.1186,-62.4357,true,
tup-aure-y-aura,aura1243,aux,Aurê y Aurá,,Tupian,South America,-4.137,-46.792,true,
tup-ava-canoeiro,avac1239,avv,Avá-Canoeiro,,Tupian,South America,-13.6081,-48.1336,true,
tup-aweti,awet1244,awe,Awetí,,Tupian,South America,-12.381944,-53.391944,true,
tup-chiripa,chir1286,nhd,Chiripá,,Tupian,South America,-25.6521,-55.051,true,
tup-cinta-larga,cint1239,cin,Cinta Larga,,Tupian,South America,-10.5879,-60.8312,true,
tup-cocama,coca1260,,Cocama,,Tupian,South America,-4.5,-74.0,true,
tup-cocama-cocamilla,coca1259,cod,Cocama-Cocamilla,,Tupian,South America,-4.5,-74.0,true,
tup-diahoi,diah1239,,Diahói,,Tupian,South America,-7.9939,-62.1936,true,
tup-eastern-bolivian-guarani,east2555,gui,Eastern Bolivian Guaraní,,Tupian,South America,-20.42,-63.37,true,
tup-gaviao,gavi1247,,Gavião,,Tupian,South America,-10.7235,-61.6752,true,
tup-gaviao-do-jiparana,gavi1246,gvo,Gavião Do Jiparaná,,Tupian,South America,-10.7235,-61.6752,true,
tup-guaja,guaj1256,gvj,Guajá,,Tupian,South America,-3.93574,-46.3683,true,
tup-guajajara,guaj1255,gub,Guajajára,,Tupian,South America,-4.69461,-45.7081,true,
tup-guarayu,guar1292,gyr,Guarayu,,Tupian,South America,-15.8247,-61.6934,true,
tup-izoceno,izoc1240,,Izoceño,,Tupian,South America,-20.42,-63.37,true,
tup-jora,jora1240,jor,Jorá,,Tupian,South America,-15.7492,-63.2094,true,
tup-juma,juma1249,jua,Júma,,Tupian,South America,-7.27501,-64.0998,true,
tup-kaiwa,kaiw1246,kgk,Kaiwá,,Tupian,South America,-24.589,-54.6815,true,
tup-kamayura,kama1373,kay,Kamayurá,,Tupian,South America,-12.2661,-53.4651,true,
tup-karitiana,kari1311,ktn,Karitiâna,,Tupian,South America,-9.37937,-64.1522,true,
tup-karo-arara,karo1306,,Karo Arara,,Tupian,South America,-10.3342,-61.5691,true,
tup-karo-brazil,karo1305,arr,Karo (Brazil),,Tupian,South America,-10.3342,-61.5691,true,
tup-kayabi,kaya1329,kyz,Kayabí,,Tupian,South America,-11.2747,-55.5479,true,
tup-kepkiriwat,kepk1241,kpn,Kepkiriwát,,Tupian,South America,-11.663,-61.246,true,
tup-kuruaya,kuru1309,kyr,Kuruáya,,Tupian,South America,-7.30696,-55.17252,true,
tup-lingua-geral-paulista,tupi1274,tpw,Lingua Geral Paulista,,Tupian,South America,-23.95,-46.38,true,
tup-makurap,maku1278,mpu,Makuráp,,Tupian,South America,-11.8701,-64.3201,true,
tup-mbya-guarani,mbya1239,gun,Mbyá Guaraní,,Tupian,South America,-26.0188,-52.711,true,
tup-mekens,saki1248,skf,Mekens,,Tupian,South America,-13.054,-62.0927,true,
tup-munduruku,mund1330,myu,Mundurukú,,Tupian,South America,-8.41095,-57.691,true,
tup-nhengatu,nhen1239,yrl,Nhengatu,,Tupian,South America,1.04503,-66.9646,true,
tup-old-guarani,oldp1258,,Old Guarani,,Tupian,South America,-25.60551,-57.08816,true,
tup-omagua,omag1248,omg,Omagua,,Tupian,South America,-3.526,-69.1667,true,
tup-paraguayan-guarani,para1311,gug,Paraguayan Guaraní,,Tupian,South America,-25.60551,-57.08816,true,
tup-parakana,para1312,pak,Parakanã,,Tupian,South America,-4.64681,-50.0621,true,
tup-parintintin,pari1258,,Parintintín,,Tupian,South America,-7.92626,-61.936,true,
tup-purubora,puru1264,pur,Puruborá,,Tupian,South America,-11.4226,-62.4358,true,
tup-salamai,sala1273,mnd,Salamãi,,Tupian,South America,-12.0499,-61.25,true,
tup-satere-mawe,sate1243,mav,Sateré-Mawé,,Tupian,South America,-3.63897,-56.8749,true,
tup-siriono,siri1273,srq,Sirionó,,Tupian,South America,-15.5298,-63.9688,true,
tup-surui,suru1262,sru,Suruí,,Tupian,South America,-11.0989,-61.2818,true,
tup-surui-do-para,suru1261,mdz,Suruí Do Pará,,Tupian,South America,-5.9271,-48.588,true,
tup-tacunyape,tacu1234,,Tacunyape,,Tupian,South America,-4.562946,-53.750438,true,
tup-tapiete,tapi1253,tpj,Tapieté,,Tupian,South America,-21.4169,-62.684,true,
tup-tapirape,tapi1254,taf,Tapirapé,,Tupian,South America,-10.5373,-50.5438,true,
tup-teko,emer1243,eme,Teko,,Tupian,South America,3.23694,-52.3699,true,
tup-tenetehara,temb1276,tqb,Tenetehara,,Tupian,South America,-2.6123,-48.2359,true,
tup-tenharim,nucl1663,,Tenharim,,Tupian,South America,-7.92626,-61.936,true,
tup-tenharim-parintintin-diahoi,tenh1241,pah,Tenharim-Parintintin-Diahoi,,Tupian,South America,-7.92626,-61.936,true,
tup-tocantins-asurini,toca1235,asu,Tocantins Asurini,,Tupian,South America,-3.59359,-49.8991,true,
tup-tupari,tupa1250,tpr,Tuparí,,Tupian,South America,-11.8884,-62.2544,true,
tup-tupinamba,tupi1273,tpn,Tupinambá,,Tupian,South America,-22.807778,-42.106389,true,
tup-turiwara,turi1247,twt,Turiwára,,Tupian,South America,-2.0,-49.5,true,
tup-uru-eu-wau-wau,urue1240,urz,Uru-Eu-Wau-Wau,,Tupian,South America,-10.9176,-63.8086,true,
tup-urubu-kaapor,urub1250,urb,Urubú-Kaapor,,Tupian,South America,-2.46455,-46.2204,true,
tup-urumi,urum1250,uru,Urumi,,Tupian,South America,-9.08,-63.848,true,
tup-warazu,paus1244,psm,Warázu,,Tupian,South America,-12.8553,-63.1903,true,
tup-wayampi,waya1270,oym,Wayampi,,Tupian,South America,1.73817,-52.6887,true,
tup-wayoro,wayo1238,wyr,Wayoró,,Tupian,South America,-12.6945,-61.3064,true,
tup-wirafed,wira1264,wir,Wiraféd,,Tupian,South America,-9.30537,-59.4769,true,
tup-xeta,xeta1241,xet,Xetá,,Tupian,South America,-24.9408,-52.2266,true,
tup-xingu-asurini,xing1248,asn,Xingú Asuriní,,Tupian,South America,-4.13463,-52.321,true,
tup-xipaya,xipa1240,xiy,Xipaya,,Tupian,South America,-4.133,-49.948,true,
tup-yudja,juru1256,jur,Yudja,,Tupian,South America,-10.9354,-53.3472,true,
tup-yuqui,yuqu1240,yuq,Yuqui,,Tupian,South America,-16.7875,-64.9438,true,
tup-zo-e,zoee1240,pto,Zo'é,,Tupian,South America,-1.77208,-55.50746,true,
tup-zoro,zoro1244,,Zoró,,Tupian,South America,-10.173,-59.456,true,
tur-barikewa,bari1298,jbk,Barikewa,,Turama-Kikori,Papunesia,-7.09739,143.99279,true,
tur-ikobi,ikob1240,meb,Ikobi,,Turama-Kikori,Papunesia,-7.30342,143.618,true,
tur-mena,mena1240,,Mena,,Turama-Kikori,Papunesia,-7.30342,143.618,true,
tur-mouwase,mouw1234,jmw,Mouwase,,Turama-Kikori,Papunesia,-7.442,143.808,true,
tur-rumu,rumu1243,klq,Rumu,,Turama-Kikori,Papunesia,-7.17149,144.179,true,
tuu-east-taa,huaa1248,nmn,East Taa,,Tuu,Africa,-24.20022,20.79583,true,
tuu-ghaap-kalahari,nuuu1241,,Ghaap-Kalahari,,Tuu,,,,false,
tuu-n-ng,nngg1234,ngh,N||ng,,Tuu,Africa,-29.70543,19.08408,true,
tuu-xam,xamm1241,xam,/Xam,,Tuu,Africa,-31.7612,20.1733,true,
tuu-xegwi,xegw1238,xeg,//Xegwi,,Tuu,Africa,-26.3407,30.4028,true,
una-badeshi,bade1240,bdz,Badeshi,,Unattested,Eurasia,35.2655,72.6823,true,
una-marawan,mara1408,,Marawan,,Unattested,South America,3.9,-51.8,true,
unc-ambermo,ambe1246,,Ambermo,,Unclassifiable,Papunesia,-1.763355,137.903651,true,
unc-eteocretan,eteo1236,ecr,Eteocretan,,Unclassifiable,Eurasia,,,true,
unc-kariri-xoco,kari1255,kzw,Karirí-Xocó,,Unclassifiable,South America,-9.84999,-36.3333,true,
unc-koguryo,kogu1234,zkg,Koguryo,,Unclassifiable,Eurasia,,,true,
unc-minoan,mino1236,omn,Minoan,,Unclassifiable,Eurasia,35.2072,24.99936,true,
unc-paekche,paek1234,pkc,Paekche,,Unclassifiable,Eurasia,,,true,
unc-pijao,pija1235,pij,Pijao,,Unclassifiable,South America,0.49999,-75.3333,true,
unc-san-francisco-solano,sanf1266,xso,San Francisco Solano,,Unclassifiable,North America,,,true,
und-armenian-mod,east2283,,Armenian Mod,,,,,,false,
und-kapuas,mela1269,,Kapuas,,,,,,false,
und-lianchang,hakk1239,,Lianchang,,,,,,false,
und-pauserna,pasu1244,,Pauserna,,,,,,false,
und-proto-central-malayo-polynesian,cent2245,,Proto-Central Malayo Polynesian,,,,,,false,
und-proto-lower-sepik,lowe1437,,Proto-Lower-Sepik,,,,,,false,
und-swedish-vl,nort2638,,Swedish VL,,,,,,false,
und-tapakura,kite1238,,Tapakura,,,,,,false,
und-worrorra,woro1255,,Worrorra,,,,,,false,
ura-urarina,urar1246,ura,Urarina,,Urarina,South America,-4.44006,-75.4211,true,
urj-akkala-saami,akka1237,sia,Akkala Saami,,Uralic,Eurasia,67.8625,32.4046,true,
urj-eastern-mari,east2328,mhr,Eastern Mari,,Uralic,Eurasia,55.8307,48.405,true,
urj-erzya,erzy1239,myv,Erzya,,Uralic,Eurasia,52.8548,45.3901,true,
urj-estonian,esto1258,ekk,Estonian,,Uralic,Eurasia,58.55,25.82,true,
urj-finnish,finn1318,fin,Finnish,,Uralic,Eurasia,64.7628,25.5577,true,
urj-forest-enets,fore1265,enf,Forest Enets,,Uralic,Eurasia,68.6,86.5,true,
urj-hungarian,hung1274,hun,Hungarian,,Uralic,Eurasia,46.9068585714,19.6555271429,true,
urj-inari-saami,inar1241,smn,Inari Saami,,Uralic,Eurasia,69.4229,27.8658,true,
urj-ingrian,ingr1248,izh,Ingrian,,Uralic,Eurasia,59.47403,29.71145,true,
urj-kamas-koibal,kama1351,xas,Kamas-Koibal,,Uralic,Eurasia,55.07,94.83,true,
urj-karelian,kare1335,krl,Karelian,,Uralic,Eurasia,65.1691,30.8655,true,
urj-kazym-berezover-suryskarer-khanty,khan1273,kca,Kazym-Berezover-Suryskarer Khanty,,Uralic,Eurasia,62.4308,66.1218,true,
urj-kemi-saami,kemi1239,sjk,Kemi Saami,,Uralic,Eurasia,67.093,27.537,true,
urj-kildin-saami,kild1236,sjd,Kildin Saami,,Uralic,Eurasia,68.2158,35.8348,true,
urj-komi-permyak,komi1269,koi,Komi-Permyak,,Uralic,Eurasia,59.6602,54.7959,true,
urj-komi-zyrian,komi1268,kpv,Komi-Zyrian,,Uralic,Eurasia,64.0527,54.946,true,
urj-kven-finnish,kven1236,fkv,Kven Finnish,,Uralic,Eurasia,70.31894,25.56202,true,
urj-liv,livv1244,liv,Liv,,Uralic,Eurasia,57.566,22.0262,true,
urj-livvi,livv1243,olo,Livvi,,Uralic,Eurasia,61.6565,29.0726,true,
urj-lower-lozva,lowe1459,,Lower Lozva,,Uralic,Eurasia,61.1432,62.4023,true,
urj-ludian,ludi1246,lud,Ludian,,Uralic,Eurasia,61.853,33.7346,true,
urj-lule-saami,lule1254,smj,Lule Saami,,Uralic,Eurasia,67.2759,17.8057,true,
urj-mator-taigi-karagas,mato1250,mtm,Mator-Taigi-Karagas,,Uralic,Eurasia,53.403,92.9339,true,
urj-meankieli,torn1244,fit,Meänkieli,,Uralic,Eurasia,67.2527,23.066,true,
urj-moksha,moks1248,mdf,Moksha,,Uralic,Eurasia,54.1855,42.6728,true,
urj-nganasan,ngan1291,nio,Nganasan,,Uralic,Eurasia,73.1354,86.2106,true,
urj-north-saami,nort2671,sme,North Saami,,Uralic,Eurasia,68.725,22.1113,true,
urj-northern-mansi,mans1258,mns,Northern Mansi,,Uralic,Eurasia,64.4118,61.344,true,
urj-old-hungarian,oldh1242,ohu,Old Hungarian,,Uralic,Eurasia,47.46,18.99,true,
urj-pite-saami,pite1240,sje,Pite Saami,,Uralic,Eurasia,66.4011,17.4261,true,
urj-salaca-livonian,east2326,,Salaca Livonian,,Uralic,Eurasia,57.566,22.0262,true,
urj-samoyed-koibal,samo1299,zkb,Samoyed Koibal,,Uralic,Eurasia,55.07,94.83,true,
urj-selkup,selk1253,sel,Selkup,,Uralic,Eurasia,59.9409,82.3004,true,
urj-skolt-saami,skol1241,sms,Skolt Saami,,Uralic,Eurasia,68.8326,29.7204,true,
urj-south-estonian,sout2679,vro,South Estonian,,Uralic,Eurasia,57.85,27.0,true,
urj-south-saami,sout2674,sma,South Saami,,Uralic,Eurasia,62.8801,13.7006,true,
urj-ter-saami,ters1235,sjt,Ter Saami,,Uralic,Eurasia,67.2458,38.5061,true,
urj-tundra-enets,tund1254,enh,Tundra Enets,,Uralic,Eurasia,70.36,84.08,true,
urj-tundra-nenets,nene1249,yrk,Tundra Nenets,,Uralic,Eurasia,66.1775,71.0234,true,
urj-udmurt,udmu1245,udm,Udmurt,,Uralic,Eurasia,56.12921,52.63548,true,
urj-ume-saami,umes1235,sju,Ume Saami,,Uralic,Eurasia,64.6383,18.646,true,
urj-veps,veps1250,vep,Veps,,Uralic,Eurasia,60.3353,34.7865,true,
urj-votic,voti1245,vot,Votic,,Uralic,Eurasia,59.3802,28.6235,true,
urj-western-mari,west2392,mrj,Western Mari,,Uralic,Eurasia,56.22,46.569,true,
uru-chipaya,chip1262,cap,Chipaya,,Uru-Chipaya,South America,-18.73951,-67.89633,true,
uru-ts-imu,tsim1260,,Ts'imu,,Uru-Chipaya,South America,-15.813,-69.994,true,
uru-uru,uruu1244,ure,Uru,,Uru-Chipaya,South America,-16.72547,-68.97119,true,
uru-uru-iruito,urui1234,,Uru-Iruito,,Uru-Chipaya,South America,-16.72547,-68.97119,true,
usk-usku,usku1243,ulf,Usku,,Usku,Papunesia,-3.63853,140.502,true,
uto-aztec,azte1234,,Aztec,,Uto-Aztecan,,,,false,
uto-cahitan,cahi1243,,Cahitan,,Uto-Aztecan,,,,false,
uto-cahuilla,cahu1264,chl,Cahuilla,,Uto-Aztecan,North America,33.5324,-116.691,true,
uto-central-guerrero-nahuatl,guer1241,ngu,Central Guerrero Nahuatl,,Uto-Aztecan,North America,17.8583,-99.0023,true,
uto-central-huasteca-nahuatl,cent2134,nch,Central Huasteca Nahuatl,,Uto-Aztecan,North America,21.0963,-98.4356,true,
uto-central-tarahumara,cent2131,tar,Central Tarahumara,,Uto-Aztecan,North America,27.5648,-107.154,true,
uto-chemehuevi,chem1251,,Chemehuevi,,Uto-Aztecan,North America,35.356093,-116.438436,true,
uto-classical-nahuatl,clas1250,nci,Classical Nahuatl,,Uto-Aztecan,North America,19.72,-96.97,true,
uto-coatepec-nahuatl,coat1240,naz,Coatepec Nahuatl,,Uto-Aztecan,North America,18.32,-99.7114,true,
uto-comanche,coma1245,com,Comanche,,Uto-Aztecan,North America,34.0,-101.0,true,
uto-cora,cora1260,,Cora,,Uto-Aztecan,,,,false,
uto-corachol,cora1259,,Corachol,,Uto-Aztecan,,,,false,
uto-corachol-aztecan,cora1261,,Corachol-Aztecan,,Uto-Aztecan,,,,false,
uto-cupeno,cupe1243,cup,Cupeño,,Uto-Aztecan,North America,33.3148,-116.515,true,
uto-eastern-durango-nahuatl,east2695,azd,Eastern Durango Nahuatl,,Uto-Aztecan,North America,22.676,-104.6259,true,
uto-eastern-huasteca-nahuatl,east2538,nhe,Eastern Huasteca Nahuatl,,Uto-Aztecan,North America,21.0639,-97.9077,true,
uto-el-nayar-cora,elna1235,crn,El Nayar Cora,,Uto-Aztecan,North America,22.4099,-104.467,true,
uto-eudeve,eude1234,eud,Eudeve,,Uto-Aztecan,North America,28.5,-110.0,true,
uto-gosiute,gosi1242,,Gosiute,,Uto-Aztecan,North America,41.0,-116.0,true,
uto-highland-huarijio,high1277,,Highland Huarijío,,Uto-Aztecan,North America,27.8685,-108.437,true,
uto-highland-puebla-nahuatl,high1278,azz,Highland Puebla Nahuatl,,Uto-Aztecan,North America,20.1554,-97.5556,true,
uto-hopi,hopi1249,hop,Hopi,,Uto-Aztecan,North America,35.7653,-110.535,true,
uto-huarijio,huar1255,var,Huarijio,,Uto-Aztecan,North America,27.8685,-108.437,true,
uto-huaxcaleca-nahuatl,huax1236,nhq,Huaxcaleca Nahuatl,,Uto-Aztecan,North America,18.8989,-96.9537,true,
uto-huichol,huic1243,hch,Huichol,,Uto-Aztecan,North America,21.954,-104.062,true,
uto-isthmus-cosoleacaque-nahuatl,isth1240,nhk,Isthmus-Cosoleacaque Nahuatl,,Uto-Aztecan,North America,17.9401,-94.7347,true,
uto-isthmus-mecayapan-nahuatl,isth1242,nhx,Isthmus-Mecayapan Nahuatl,,Uto-Aztecan,North America,18.2,-94.7547,true,
uto-isthmus-pajapan-nahuatl,isth1241,nhp,Isthmus-Pajapan Nahuatl,,Uto-Aztecan,North America,18.2513,-94.6647,true,
uto-juaneno,juan1251,,Juaneño,,Uto-Aztecan,North America,33.3184,-116.939,true,
uto-kawaiisu,kawa1283,xaw,Kawaiisu,,Uto-Aztecan,North America,36.0538,-118.679,true,
uto-kitanemuk,kita1252,,Kitanemuk,,Uto-Aztecan,North America,33.9479,-116.772,true,
uto-lowland-huarijio,lowl1264,,Lowland Huarijío,,Uto-Aztecan,North America,27.8685,-108.437,true,
uto-luiseno-juaneno,luis1253,lui,Luiseno-Juaneño,,Uto-Aztecan,North America,33.3184,-116.939,true,
uto-mayo,mayo1264,mfy,Mayo,,Uto-Aztecan,North America,26.4522,-108.981,true,
uto-michoacan-nahuatl,mich1245,ncl,Michoacán Nahuatl,,Uto-Aztecan,North America,18.3412,-103.361,true,
uto-mono-usa,mono1275,mnr,Mono (USA),,Uto-Aztecan,North America,37.1935,-119.347,true,
uto-morelos-nahuatl,more1259,nhm,Morelos Nahuatl,,Uto-Aztecan,North America,18.9161,-99.1322,true,
uto-northern-oaxaca-nahuatl,nort2958,nhy,Northern Oaxaca Nahuatl,,Uto-Aztecan,North America,18.1884,-96.9748,true,
uto-northern-paiute,nort2954,pao,Northern Paiute,,Uto-Aztecan,North America,40.0799,-119.536,true,
uto-northern-puebla-nahuatl,nort2957,ncj,Northern Puebla Nahuatl,,Uto-Aztecan,North America,20.1356,-97.9814,true,
uto-northern-tepehuan,nort2959,ntp,Northern Tepehuan,,Uto-Aztecan,North America,26.4348,-107.379,true,
uto-ometepec-nahuatl,omet1237,nht,Ometepec Nahuatl,,Uto-Aztecan,North America,16.7786,-98.427,true,
uto-orizaba-nahuatl,oriz1235,nlv,Orizaba Nahuatl,,Uto-Aztecan,North America,18.63995,-96.97648,true,
uto-panamint,pana1305,par,Panamint,,Uto-Aztecan,North America,36.0007,-117.901,true,
uto-pima-bajo,pima1248,pia,Pima Bajo,,Uto-Aztecan,North America,28.654,-108.326,true,
uto-pipil,pipi1250,ppl,Pipil,,Uto-Aztecan,North America,13.8931,-89.443,true,
uto-pochutec,poch1244,xpo,Pochutec,,Uto-Aztecan,North America,15.735073,-96.468076,true,
uto-s-tepehuan,sout2975,,S Tepehuan,,Uto-Aztecan,,,,false,
uto-serrano,serr1255,ser,Serrano,,Uto-Aztecan,North America,33.9479,-116.772,true,
uto-shoshoni,shos1248,shh,Shoshoni,,Uto-Aztecan,North America,41.0,-116.0,true,
uto-sierra-negra-nahuatl,sier1248,nsu,Sierra Negra Nahuatl,,Uto-Aztecan,North America,18.45,-96.9,true,
uto-sonora-pima-bajo,sono1245,,Sonora Pima Bajo,,Uto-Aztecan,North America,28.654,-108.326,true,
uto-southeastern-puebla-nahuatl,sout2973,npl,Southeastern Puebla Nahuatl,,Uto-Aztecan,North America,18.39688,-97.12655,true,
uto-southeastern-tepehuan,sout2976,stp,Southeastern Tepehuan,,Uto-Aztecan,North America,23.1584,-103.983,true,
uto-southern-paiute,sout2969,,Southern Paiute,,Uto-Aztecan,North America,37.0,-114.0,true,
uto-southern-uto-aztecan,sout3136,,Southern Uto-Aztecan,,Uto-Aztecan,,,,false,
uto-southwestern-tepehuan,sout2977,tla,Southwestern Tepehuan,,Uto-Aztecan,North America,23.2553,-104.688,true,
uto-tabasco-nahuatl,taba1265,nhc,Tabasco Nahuatl,,Uto-Aztecan,North America,17.9371,-93.5688,true,
uto-tarahumaran,tara1321,,Tarahumaran,,Uto-Aztecan,,,,false,
uto-teguima,opat1246,opt,Teguima,,Uto-Aztecan,North America,31.15211,-110.06212,true,
uto-temascaltepec-nahuatl,tema1239,nhv,Temascaltepec Nahuatl,,Uto-Aztecan,North America,19.3282,-99.7968,true,
uto-tepecano,tepe1278,tep,Tepecano,,Uto-Aztecan,North America,22.03529,-103.7367,true,
uto-tepiman,tepi1240,,Tepiman,,Uto-Aztecan,,,,false,
uto-tetelcingo-nahuatl,tete1251,nhg,Tetelcingo Nahuatl,,Uto-Aztecan,North America,18.8854,-98.893,true,
uto-tlamacazapa-nahuatl,tlam1239,nuz,Tlamacazapa Nahuatl,,Uto-Aztecan,North America,18.6239,-99.3992,true,
uto-tlaxcala-puebla-central-nahuatl,cent2132,nhn,Tlaxcala-Puebla-Central Nahuatl,,Uto-Aztecan,North America,19.1248,-98.3002,true,
uto-tohono-o-odam,toho1246,,Tohono O'odam,,Uto-Aztecan,North America,31.7973,-111.995,true,
uto-tohono-o-odham,toho1245,ood,Tohono O'odham,,Uto-Aztecan,North America,31.7973,-111.995,true,
uto-tongva,tong1329,xgf,Tongva,,Uto-Aztecan,North America,34.1,-118.11,true,
uto-tubar,tuba1279,tbu,Tubar,,Uto-Aztecan,North America,27.00003,-107.98934,true,
uto-tubatulabal,tuba1278,tub,Tübatulabal,,Uto-Aztecan,North America,35.327,-117.163,true,
uto-ute,utee1244,,Ute,,Uto-Aztecan,North America,38.0,-109.0,true,
uto-ute-southern-paiute,utes1238,ute,Ute-Southern Paiute,,Uto-Aztecan,North America,40.0965,-110.305,true,
uto-uto-aztecan,utoa1244,,Uto-Aztecan,,Uto-Aztecan,,,,false,
uto-western-durango-nahuatl,west2778,azn,Western Durango Nahuatl,,Uto-Aztecan,North America,22.6,-104.9,true,
uto-western-huasteca-nahuatl,west2624,nhw,Western Huasteca Nahuatl,,Uto-Aztecan,North America,21.3711,-98.7711,true,
uto-western-shoshoni,west2622,,Western Shoshoni,,Uto-Aztecan,North America,41.0,-116.0,true,
uto-yaqui,yaqu1251,yaq,Yaqui,,Uto-Aztecan,North America,29.9446,-110.681,true,
uto-zacatlan-ahuacatlan-tepetzintla-nahuatl,zaca1241,nhi,Zacatlán-Ahuacatlán-Tepetzintla Nahuatl,,Uto-Aztecan,North America,20.0581,-97.8974,true,
vil-vilela,vile1241,vil,Vilela,,Vilela,South America,-24.9161,-62.52232,true,
wad-wadjiginy,wadj1254,wdj,Wadjiginy,,Wadjiginy,Australia,-12.8596,130.737,true,
wag-wageman,wage1238,waq,Wageman,,Wageman,Australia,-13.8627,131.893,true,
wak-ditidaht,diti1235,dtd,Ditidaht,,Wakashan,North America,48.67,-124.75,true,
wak-haisla,hais1244,has,Haisla,,Wakashan,North America,53.964,-128.602,true,
wak-heiltsuk-oowekyala,heil1246,hei,Heiltsuk-Oowekyala,,Wakashan,North America,51.7045,-127.221,true,
wak-kwak-wala,kwak1269,kwk,Kwak'wala,,Wakashan,North America,50.9269,-127.308,true,
wak-makah,maka1318,myh,Makah,,Wakashan,North America,48.3258,-124.616,true,
wak-nuu-chah-nulth,nuuc1236,nuk,Nuu-chah-nulth,,Wakashan,North America,49.67,-126.67,true,
wal-pei,peii1238,ppq,Pei,,Walioic,Papunesia,-4.43974,142.247,true,
wal-tuwari,tuwa1242,tww,Tuwari,,Walioic,Papunesia,-4.80315,142.095,true,
wal-walio,nucl1453,wla,Walio,,Walioic,Papunesia,-4.41234,142.231,true,
wal-yawiyo,yawi1238,ybx,Yawiyo,,Walioic,Papunesia,-4.58133,142.112,true,
wao-waorani,waor1240,auc,Waorani,,Waorani,South America,-1.12312,-76.683,true,
war-warao,wara1303,wba,Warao,,Warao,South America,7.50851,-59.3528,true,
was-washo,wash1253,was,Washo,,Washo,North America,38.8184,-119.64,true,
wea-kalabra,kala1256,kzz,Kalabra,,West Bird's Head,Papunesia,-1.43074,131.617,true,
wea-moi-indonesia,moii1235,mxn,Moi (Indonesia),,West Bird's Head,Papunesia,-0.96532,131.52,true,
wea-moraid,mora1239,msg,Moraid,,West Bird's Head,Papunesia,-1.04083,131.965,true,
wea-seget,sege1235,sbg,Seget,,West Bird's Head,Papunesia,-1.36931,131.218,true,
wea-tehit,tehi1237,kps,Tehit,,West Bird's Head,Papunesia,-1.51049,131.985,true,
web-baham,baha1258,bdw,Baham,,West Bomberai,Papunesia,-3.10628,132.637,true,
web-iha,ihaa1241,ihp,Iha,,West Bomberai,Papunesia,-2.81013,132.271,true,
web-kalamang,kara1499,kgv,Kalamang,,West Bomberai,Papunesia,-3.47037,132.678,true,
wec-port-sorell,port1278,xpl,Port Sorell,,Western Tasmanian,Australia,-41.188369,146.559906,true,
wec-western-coastal-tasmanian,west2205,,Western Coastal Tasmanian,,Western Tasmanian,Australia,,,false,
wes-ami,amii1238,amy,Ami,,Western Daly,Australia,-13.5573,130.04,true,
wes-manda-australia,mand1416,zma,Manda (Australia),,Western Daly,Australia,-13.6481,129.885,true,
wes-maranunggu,mara1386,zmr,Maranunggu,,Western Daly,Australia,-13.6754,130.12,true,
wes-maridan,mari1422,zmd,Maridan,,Western Daly,Australia,-14.0542,130.079,true,
wes-maringarr,mari1419,zmt,Maringarr,,Western Daly,Australia,-14.3819,130.25,true,
wes-marithiel,mari1424,mfr,Marithiel,,Western Daly,Australia,-13.8818,130.237,true,
win-nomlaki,noml1242,nol,Nomlaki,,Wintuan,North America,39.7176,-122.445,true,
win-nuclear-wintu,nucl1651,wnw,Nuclear Wintu,,Wintuan,North America,41.0,-122.5,true,
win-patwin,patw1250,pwi,Patwin,,Wintuan,North America,39.2143,-122.0094,true,
win-wintu,wint1259,wit,Wintu,,Wintuan,North America,39.7176,-122.445,true,
wir-wiru,wiru1244,wiu,Wiru,,Wiru,Papunesia,-6.35863,144.214,true,
wor-kwini,kwin1241,gww,Kwini,,Worrorran,Australia,-14.2515,126.562,true,
wor-ngarinyin,ngar1284,ung,Ngarinyin,,Worrorran,Australia,-16.4006,126.433,true,
wor-unggumi,ungg1243,xgu,Unggumi,,Worrorran,Australia,-15.65,124.67,true,
wor-worrorra,worr1237,wro,Worrorra,,Worrorran,Australia,-15.612781,124.881218,true,
wor-wunambal,wuna1249,wub,Wunambal,,Worrorran,Australia,-14.8347,125.72,true,
xin-xinca,xinc1247,,Xinca,,Xincan,,,,false,
yaa-wardaman,ward1246,wrr,Wardaman,,Yangmanic,Australia,-15.4155,132.604,true,
yaa-yangman,yang1288,jng,Yangman,,Yangmanic,Australia,-14.4964,132.52,true,
yab-yamana,yama1264,yag,Yámana,,Yámana,South America,-55.2748,-68.2648,true,
yac-yana,yana1271,ynn,Yana,,Yana,North America,39.2769,-121.608,true,
yal-yale,yale1246,nce,Yale,,Yale,Papunesia,-3.79762,141.566,true,
yam-anta-komnzo-wara-were-kema,wara1294,tci,Anta-Komnzo-Wára-Wérè-Kémä,,Yam,Papunesia,-8.64917,141.52,true,
yam-arammba,aram1253,stk,Arammba,,Yam,Papunesia,-8.29593,141.445,true,
yam-dre,dree1234,,Dre,,Yam,Papunesia,-8.5,141.68,true,
yam-kancha,kunj1246,pep,Kánchá,,Yam,Papunesia,-8.92289,141.424,true,
yam-komnjo,komn1238,,Kómnjo,,Yam,Papunesia,-8.70216,141.5878,true,
yam-len,lenn1234,,Len,,Yam,Papunesia,-9.12,142.1,true,
yam-mblafe-ranmo,blaf1238,bfh,Mblafe-Ránmo,,Yam,Papunesia,-8.56161,141.226,true,
yam-nama-papua-new-guinea,nama1266,nmx,Nama (Papua New Guinea),,Yam,Papunesia,-8.66403,141.706,true,
yam-namat,nama1267,nkm,Namat,,Yam,Papunesia,-8.827,141.641,true,
yam-nambo,namb1293,ncm,Nambo,,Yam,Papunesia,-8.74501,141.931,true,
yam-namna,namn1239,,Namna,,Yam,Papunesia,-8.74501,141.931,true,
yam-namo,namo1246,mxw,Namo,,Yam,Papunesia,-9.12416,141.824,true,
yam-neme,neme1244,nex,Neme,,Yam,Papunesia,-8.44877,141.849,true,
yam-nen,nenn1238,nqn,Nen,,Yam,Papunesia,-8.62183,142.032,true,
yam-ngkontar-baedi,badi1247,khd,Ngkontar Baedi,,Yam,Papunesia,-8.85301,140.753,true,
yam-ngkontar-ngkolmpu,ngka1235,kcd,Ngkontar Ngkolmpu,,Yam,Papunesia,-8.87044,140.818,true,
yam-nuclear-nambo,nucl1459,,Nuclear Nambo,,Yam,Papunesia,-8.74501,141.931,true,
yam-ranmo,ranm1238,,Ránmo,,Yam,Papunesia,-8.56161,141.226,true,
yam-rema,rema1238,bow,Rema,,Yam,Papunesia,-8.41526,141.034,true,
yam-smarky-kanum,smar1235,kxq,Smärky Kanum,,Yam,Papunesia,-8.91812,140.897,true,
yam-sota-kanum,sota1242,krz,Sota Kanum,,Yam,Papunesia,-8.40452,140.969,true,
yam-warta-thuntai,gunt1241,gnt,Warta Thuntai,,Yam,Papunesia,-8.80806,141.253,true,
yam-yei,yeii1239,jei,Yei,,Yam,Papunesia,-7.87489,140.863,true,
yan-ninam,nina1238,shb,Ninam,,Yanomamic,South America,4.03894,-62.7801,true,
yan-sanuma,sanu1240,xsu,Sanumá,,Yanomamic,South America,4.5,-64.5,true,
yan-yanomam,yano1262,wca,Yanomám,,Yanomamic,South America,2.48999,-62.8522,true,
yan-yanomamo,yano1261,guu,Yanomamö,,Yanomamic,South America,1.67967,-64.8781,true,
yar-aneme-wake,anem1248,aby,Aneme Wake,,Yareban,Papunesia,-9.75911,148.479,true,
yar-bariji,bari1290,bjc,Bariji,,Yareban,Papunesia,-9.231,148.454,true,
yar-moikodi,moik1239,mkp,Moikodi,,Yareban,Papunesia,-9.60232,148.312,true,
yar-nawaru,nawa1258,nwr,Nawaru,,Yareban,Papunesia,-9.37935,148.237,true,
yar-yareba,yare1248,yrb,Yareba,,Yareban,Papunesia,-9.50651,148.605,true,
yaw-saweru,sawe1240,swr,Saweru,,Yawa-Saweru,Papunesia,-1.91473,136.296,true,
yaw-yawa,nucl1454,yva,Yawa,,Yawa-Saweru,Papunesia,-1.77196,136.263,true,
yel-yele,yele1255,yle,Yele,,Yele,Papunesia,-11.3796,154.127,true,
yen-arin,arin1243,xrn,Arin,,Yeniseian,Eurasia,57.0,93.0,true,
yen-assan,assa1266,xss,Assan,,Yeniseian,Eurasia,56.0,94.0,true,
yen-ket,kett1243,ket,Ket,,Yeniseian,Eurasia,63.7551,87.5466,true,
yen-kott-assan,kott1239,zko,Kott-Assan,,Yeniseian,Eurasia,55.0,94.0,true,
yen-pumpokol,pump1237,xpm,Pumpokol,,Yeniseian,Eurasia,58.5,92.0,true,
yen-yugh,yugh1239,yug,Yugh,,Yeniseian,Eurasia,60.8778,89.7479,true,
yer-yerakai,yera1243,yra,Yerakai,,Yerakai,Papunesia,-4.28828,142.947,true,
yet-yetfa,yetf1238,yet,Yetfa,,Yetfa,Papunesia,-4.05884,140.653,true,
yok-northern-yokuts,yoku1256,yok,Northern Yokuts,,Yokutsan,North America,36.3167,-119.721,true,
yok-palewyami-yokuts,pale1254,,Palewyami Yokuts,,Yokutsan,North America,35.556742,-119.073757,true,
yua-biwat,biwa1243,bwm,Biwat,,Yuat,Papunesia,-4.39429,143.873,true,
yua-bun,bunn1240,buv,Bun,,Yuat,Papunesia,-4.51885,143.892,true,
yua-changriwa,chan1319,cga,Changriwa,,Yuat,Papunesia,-4.28364,143.696,true,
yua-kyenele,kyen1243,kql,Kyenele,,Yuat,Papunesia,-4.66964,143.855,true,
yua-mekmek,mekm1240,mvk,Mekmek,,Yuat,Papunesia,-4.47017,143.75,true,
yub-northern-yukian,yuki1243,yuk,Northern Yukian,,Yuki-Wappo,North America,39.8389,-123.296,true,
yub-wappo,wapp1239,wao,Wappo,,Yuki-Wappo,North America,38.25,-122.5,true,
yuc-yuchi,yuch1247,yuc,Yuchi,,Yuchi,North America,35.75,-86.75,true,
yuk-northern-yukaghir,nort2745,ykg,Northern Yukaghir,,Yukaghir,Eurasia,70.498,157.853,true,
yuk-southern-yukaghir,sout2750,yux,Southern Yukaghir,,Yukaghir,Eurasia,64.218,154.375,true,
yur-yuracare,yura1255,yuz,Yuracaré,,Yuracaré,South America,-16.7479,-65.1224,true,
zam-ayoreo,ayor1240,ayo,Ayoreo,,Zamucoan,South America,-19.220055,-60.217495,true,
zam-chamacoco,cham1315,ceg,Chamacoco,,Zamucoan,South America,-20.5899,-58.2005,true,
zap-andoa,ando1255,anb,Andoa,,Zaparoan,South America,-3.29664,-76.6056,true,
zap-arabela,arab1268,arl,Arabela,,Zaparoan,South America,-1.96126,-75.0612,true,
zap-cahuarano,cahu1268,cah,Cahuarano,,Zaparoan,South America,-3.72665,-73.9469,true,
zap-iquito,iqui1243,iqu,Iquito,,Zaparoan,South America,-3.31233,-73.97046,true,
zap-zaparo,zapa1253,zro,Záparo,,Zaparoan,South America,-1.99871,-76.364,true,
zun-zuni,zuni1245,zun,Zuni,,Zuni,North America,35.0056,-108.782,true,
